Giá,Khoảng giá min,Khoảng giá max,Thương hiệu,Dòng xe,Năm đăng ký,Số Km đã đi,Loại xe,Dung tích xe,Xuất xứ,Chênh lệch giá
66.0,72.53,85.14,Piaggio,Vespa,2024,14000,Tay ga,100 - 175 cc,Đang cập nhật,12.61
79.5,62.76,73.68,Honda,SH,2019,28000,Tay ga,100 - 175 cc,Đang cập nhật,10.920000000000009
37.0,28.0,32.86,Honda,Vision,2023,12000,Tay ga,100 - 175 cc,Đang cập nhật,4.859999999999999
45.0,43.1,50.6,Piaggio,Vespa,2019,60000,Tay ga,100 - 175 cc,Đang cập nhật,7.5
23.0,17.02,19.98,Yamaha,Latte,2021,24000,Tay ga,100 - 175 cc,Nhật Bản,2.960000000000001
7.5,7.73,9.08,SYM,Elegant,2018,25000,Xe số,Dưới 50 cc,Đang cập nhật,1.3499999999999996
16.0,13.83,16.24,Honda,Air Blade,2013,80000,Tay ga,100 - 175 cc,Việt Nam,2.4099999999999984
7.3,10.08,11.83,Honda,Wave,2003,2,Xe số,50 - 100 cc,Đang cập nhật,1.75
7.5,6.97,8.19,Yamaha,Sirius,2015,35000,Xe số,100 - 175 cc,Việt Nam,1.2199999999999998
33.0,27.45,32.22,Honda,Lead,2020,20000,Tay ga,100 - 175 cc,Việt Nam,4.77
19.9,22.08,25.92,Hãng khác,Dòng khác,trước năm 1980,99000,Tay côn/Moto,Trên 175 cc,Nhật Bản,3.8400000000000034
100.0,23.67,27.79,Honda,SH,2005,8000,Tay ga,100 - 175 cc,Nước khác,4.119999999999997
14.8,13.62,15.98,SYM,Wolf,2016,10000,Tay côn/Moto,100 - 175 cc,Đài Loan,2.360000000000001
18.5,13.86,16.27,Yamaha,Exciter,2014,20000,Xe số,100 - 175 cc,Nhật Bản,2.41
37.0,36.19,42.49,Honda,Vario,2024,900,Tay ga,100 - 175 cc,Việt Nam,6.300000000000004
6.0,3.91,4.59,Hãng khác,Dòng khác,2001,300000,Tay ga,100 - 175 cc,Đang cập nhật,0.6799999999999997
11.0,36.71,43.1,Honda,Air Blade,2023,70000,Tay ga,100 - 175 cc,Nhật Bản,6.390000000000001
83.0,42.75,50.19,Honda,Cub,2022,8600,Xe số,100 - 175 cc,Thái Lan,7.439999999999998
33.0,30.13,35.37,Honda,Vario,2019,27000,Tay ga,100 - 175 cc,Việt Nam,5.239999999999998
30.0,25.09,29.45,Piaggio,Vespa,2016,23000,Tay ga,100 - 175 cc,Nước khác,4.359999999999999
65.0,40.61,47.67,Honda,SH,2008,38000,Tay ga,100 - 175 cc,Nước khác,7.060000000000002
29.9,26.31,30.89,Honda,Vision,2022,2642,Tay ga,100 - 175 cc,Việt Nam,4.580000000000002
9.0,8.28,9.73,Honda,Wave,2015,450000,Xe số,100 - 175 cc,Việt Nam,1.450000000000001
15.0,7.94,9.32,Honda,Wave,2014,6000,Xe số,100 - 175 cc,Việt Nam,1.38
31.999,72.21,84.76,Honda,CBR,2019,9999,Tay côn/Moto,100 - 175 cc,Nước khác,12.550000000000011
350.0,322.0,378.0,Hãng khác,1290 Super Duke R,2014,13000,Tay côn/Moto,Trên 175 cc,Nước khác,56.0
19.0,16.51,19.38,Honda,Winner X,2019,5000,Tay côn/Moto,100 - 175 cc,Việt Nam,2.8699999999999974
7.0,5.96,6.99,Honda,SCR,2010,15000,Tay ga,100 - 175 cc,Trung Quốc,1.0300000000000002
4.3,3.6,4.23,Suzuki,Hayate,2011,55000,Tay ga,100 - 175 cc,Nhật Bản,0.6300000000000003
32.0,28.79,33.8,Yamaha,Exciter,2022,48364,Tay côn/Moto,100 - 175 cc,Nhật Bản,5.009999999999998
12.5,10.39,12.2,Honda,Wave,2018,30000,Xe số,100 - 175 cc,Việt Nam,1.8099999999999987
87.0,74.57,87.54,Honda,SH,2022,9500,Tay ga,100 - 175 cc,Việt Nam,12.970000000000013
43.0,8.99,10.55,Hãng khác,Dòng khác,2019,5000,Tay ga,100 - 175 cc,Nước khác,1.5600000000000005
3.2,3.11,3.66,SYM,Attila,2009,10000,Tay ga,100 - 175 cc,Nhật Bản,0.5500000000000003
21.0,13.05,15.32,Piaggio,Zip,2019,8000,Tay ga,100 - 175 cc,Việt Nam,2.2699999999999996
70.0,65.71,77.13,Honda,SH,2020,52000,Tay ga,100 - 175 cc,Nhật Bản,11.420000000000002
10.8,16.31,19.14,Honda,Wave,2024,500,Xe số,50 - 100 cc,Trung Quốc,2.830000000000002
35.5,31.06,36.46,Yamaha,R,2019,20000,Tay côn/Moto,100 - 175 cc,Việt Nam,5.400000000000002
49.0,33.12,38.88,Hãng khác,Django,2021,1363,Tay ga,50 - 100 cc,Nước khác,5.760000000000005
64.999999,43.42,50.97,Honda,Click,2015,25000,Xe số,100 - 175 cc,Thái Lan,7.549999999999997
11.5,7.98,9.37,Honda,Lead,2012,50000,Tay ga,100 - 175 cc,Việt Nam,1.3899999999999988
23.0,24.04,28.22,Honda,Dòng khác,2022,120000,Xe số,100 - 175 cc,Việt Nam,4.18
12.8,8.25,9.68,Honda,@,2018,1,Xe số,100 - 175 cc,Việt Nam,1.4299999999999997
4.3,2.15,2.53,SYM,Attila,2004,40000,Tay ga,100 - 175 cc,Đang cập nhật,0.3799999999999999
45.0,29.93,35.13,Honda,Air Blade,2020,80000,Tay ga,100 - 175 cc,Việt Nam,5.200000000000003
22.5,21.1,24.77,Honda,Vision,2019,46000,Tay ga,100 - 175 cc,Việt Nam,3.669999999999998
10.8,8.6,10.1,Honda,Air Blade,2009,51000,Tay ga,100 - 175 cc,Việt Nam,1.5
25.8,23.33,27.39,Honda,Future,2021,15000,Xe số,100 - 175 cc,Đang cập nhật,4.060000000000002
140.0,55.2,64.8,Honda,SH,2017,999,Tay ga,Trên 175 cc,Nước khác,9.599999999999994
12.0,20.71,24.32,Honda,Air Blade,2017,56688,Tay ga,100 - 175 cc,Đang cập nhật,3.6099999999999994
25.99,20.0,23.47,Yamaha,Mio,2022,4900,Tay ga,100 - 175 cc,Nhật Bản,3.469999999999999
120.0,13.7,16.08,Honda,Dòng khác,2020,2,Tay côn/Moto,Trên 175 cc,Nhật Bản,2.379999999999999
32.0,30.13,35.37,Honda,Vario,2019,27000,Tay ga,100 - 175 cc,Thái Lan,5.239999999999998
36.0,28.66,33.64,Honda,MSX 125,2023,3263,Tay ga,100 - 175 cc,Việt Nam,4.98
40.0,37.85,44.43,Honda,Air Blade,2024,1000,Tay ga,100 - 175 cc,Việt Nam,6.579999999999998
6.8,6.58,7.72,Honda,Wave,2011,23015,Xe số,100 - 175 cc,Việt Nam,1.1399999999999997
8.5,6.68,7.84,Honda,Lead,2010,92000,Tay ga,100 - 175 cc,Việt Nam,1.1600000000000001
120.0,14.53,17.05,Hãng khác,Interceptor 650,2019,11500,Tay côn/Moto,Trên 175 cc,Đang cập nhật,2.5200000000000014
12.9,12.59,14.78,Honda,Air Blade,2010,9999,Tay ga,100 - 175 cc,Nhật Bản,2.1899999999999995
17.0,12.56,14.75,Hãng khác,Dòng khác,2024,8000,Xe số,50 - 100 cc,Việt Nam,2.1899999999999995
72.0,62.76,73.68,Honda,SH,2019,35000,Tay ga,100 - 175 cc,Việt Nam,10.920000000000009
106.0,14.53,17.05,Honda,Rebel,1986,50000,Tay côn/Moto,Trên 175 cc,Đang cập nhật,2.5200000000000014
39.0,36.71,43.1,Honda,Air Blade,2023,11000,Tay ga,100 - 175 cc,Việt Nam,6.390000000000001
0.00037,361.56,424.44,Hãng khác,Triumph Bonneville T100,2024,8900,Tay côn/Moto,Trên 175 cc,Nước khác,62.879999999999995
26.0,19.35,22.71,Yamaha,Janus,2024,2400,Tay ga,100 - 175 cc,Đang cập nhật,3.3599999999999994
9.2,7.2,8.45,Honda,Cub,1998,12000,Xe số,Dưới 50 cc,Nhật Bản,1.2499999999999991
1e-06,30.13,35.37,Honda,Vario,2019,81000,Tay ga,100 - 175 cc,Nước khác,5.239999999999998
7.3,6.12,7.18,Yamaha,Sirius,2010,40000,Xe số,100 - 175 cc,Việt Nam,1.0599999999999996
16.555555,14.27,16.76,Honda,Wave,2023,5062,Xe số,100 - 175 cc,Việt Nam,2.490000000000002
3.0,2.7,3.17,SYM,Attila,2007,10000,Tay ga,50 - 100 cc,Việt Nam,0.46999999999999975
28.0,10.63,12.48,Hãng khác,Dòng khác,2022,30,Tay côn/Moto,50 - 100 cc,Việt Nam,1.8499999999999996
27.0,17.09,20.06,Yamaha,Exciter,2018,26264,Tay côn/Moto,100 - 175 cc,Nhật Bản,2.969999999999999
22.9,12.59,14.78,Honda,Air Blade,2010,12779,Tay ga,100 - 175 cc,Thái Lan,2.1899999999999995
9.2,10.39,12.2,Honda,Wave,2018,25,Xe số,100 - 175 cc,Đang cập nhật,1.8099999999999987
11.0,8.23,9.66,Honda,Cub,1997,12000,Xe số,Dưới 50 cc,Nhật Bản,1.4299999999999997
35.5,23.67,27.79,Honda,SH,2005,49000,Tay ga,100 - 175 cc,Nước khác,4.119999999999997
9.0,6.74,7.91,Piaggio,Vespa,2011,11000,Tay ga,100 - 175 cc,Việt Nam,1.17
8.0,7.27,8.54,Honda,Wave,2007,45000,Xe số,100 - 175 cc,Nhật Bản,1.2699999999999996
27.5,27.45,32.22,Honda,Lead,2020,20000,Tay ga,100 - 175 cc,Đang cập nhật,4.77
39.0,35.87,42.11,Honda,Lead,2023,15000,Tay ga,100 - 175 cc,Việt Nam,6.240000000000002
18.0,78.55,92.21,Honda,SH,2025,100000,Tay ga,100 - 175 cc,Nhật Bản,13.659999999999997
29.5,27.45,32.22,Honda,Lead,2020,180000,Tay ga,100 - 175 cc,Việt Nam,4.77
26.5,23.33,27.39,Honda,Future,2021,21000,Xe số,100 - 175 cc,Việt Nam,4.060000000000002
17.0,14.1,16.55,Honda,Wave,2022,40000,Xe số,100 - 175 cc,Việt Nam,2.450000000000001
16.0,12.56,14.75,Hãng khác,Dòng khác,2024,800,Tay ga,Dưới 50 cc,Đài Loan,2.1899999999999995
8.6,9.83,11.54,Honda,Wave,2017,25,Xe số,100 - 175 cc,Nhật Bản,1.709999999999999
75.0,65.71,77.13,Honda,SH,2020,49530,Tay ga,100 - 175 cc,Việt Nam,11.420000000000002
9.5,6.93,8.14,Honda,Wave,2006,666666,Xe số,50 - 100 cc,Nhật Bản,1.2100000000000009
4.0,28.55,33.51,Yamaha,Exciter,2023,40000,Tay côn/Moto,100 - 175 cc,Việt Nam,4.959999999999997
2.5,4.32,5.07,SYM,Elizabeth,2013,100000,Tay ga,100 - 175 cc,Nhật Bản,0.75
17.0,12.85,15.09,Honda,Wave,2025,30,Xe số,100 - 175 cc,Nhật Bản,2.24
26.0,12.7,14.9,Piaggio,GTS,2009,50000,Tay ga,100 - 175 cc,Nước khác,2.200000000000001
5.5,10.68,12.54,Honda,Wave,2005,15381,Xe số,50 - 100 cc,Việt Nam,1.8599999999999994
13.4,10.39,12.2,Honda,Wave,2018,39000,Xe số,50 - 100 cc,Nhật Bản,1.8099999999999987
15.0,118.87,139.54,Suzuki,Sport / Xipo,1998,15000,Tay côn/Moto,100 - 175 cc,Đang cập nhật,20.669999999999987
16.5,16.51,19.38,Honda,Winner X,2019,44000,Tay côn/Moto,100 - 175 cc,Việt Nam,2.8699999999999974
45.0,33.2,38.97,Honda,SH,2007,71000,Tay ga,100 - 175 cc,Nước khác,5.769999999999996
17.5,14.98,17.58,Piaggio,Liberty,2016,30000,Tay ga,100 - 175 cc,Đang cập nhật,2.599999999999998
15.8,16.03,18.82,Honda,PCX,2011,25000,Tay ga,100 - 175 cc,Thái Lan,2.789999999999999
4.9,6.16,7.24,SYM,Venus,2014,32668,Tay ga,100 - 175 cc,Đài Loan,1.08
11.1,3.91,4.59,Hãng khác,Dòng khác,2001,50000,Xe số,100 - 175 cc,Việt Nam,0.6799999999999997
74.5,73.25,85.99,Honda,SH,2023,10605,Tay ga,100 - 175 cc,Việt Nam,12.739999999999995
19.999999,23.11,27.13,Honda,Sonic,2020,47744,Tay côn/Moto,100 - 175 cc,Nước khác,4.02
16.5,16.53,19.4,Honda,PCX,2010,100000,Tay ga,100 - 175 cc,Thái Lan,2.8699999999999974
10.5,9.2,10.8,Honda,Dòng khác,2005,7000,Tay ga,Dưới 50 cc,Nhật Bản,1.6000000000000014
2.6,10.02,11.76,Honda,Air Blade,2011,23,Tay ga,100 - 175 cc,Việt Nam,1.7400000000000002
33.0,28.79,33.8,Yamaha,Exciter,2022,280000,Tay côn/Moto,100 - 175 cc,Việt Nam,5.009999999999998
13.5,9.61,11.28,Honda,Dream,2000,12000,Xe số,50 - 100 cc,Nhật Bản,1.67
12.0,3.91,4.59,Hãng khác,Dòng khác,2001,150000,Xe số,100 - 175 cc,Việt Nam,0.6799999999999997
5.3,7.2,8.45,Honda,Cub,1998,12000,Xe số,Dưới 50 cc,Nhật Bản,1.2499999999999991
9.0,6.82,8.01,Honda,Wave,2008,62000,Xe số,50 - 100 cc,Việt Nam,1.1899999999999995
8.5,6.68,7.84,Honda,Lead,2010,40000,Tay ga,100 - 175 cc,Việt Nam,1.1600000000000001
8.5,6.68,7.84,Honda,Lead,2010,30000,Tay ga,100 - 175 cc,Nhật Bản,1.1600000000000001
7.5,6.14,7.21,Honda,Chaly,trước năm 1980,19000,Xe số,Dưới 50 cc,Nhật Bản,1.0700000000000003
9.7,8.23,9.66,Honda,Cub,1997,12000,Xe số,Dưới 50 cc,Nhật Bản,1.4299999999999997
38.0,58.13,68.25,Honda,SH,2018,29000,Tay ga,100 - 175 cc,Việt Nam,10.119999999999997
20.5,25.66,30.12,Honda,Future,2010,60000,Xe số,100 - 175 cc,Việt Nam,4.460000000000001
17.0,16.16,18.97,Yamaha,Exciter,2015,65,Tay côn/Moto,100 - 175 cc,Nhật Bản,2.8099999999999987
9.5,14.53,17.05,Suzuki,Dòng khác,1998,500,Tay côn/Moto,100 - 175 cc,Nước khác,2.5200000000000014
7.3,7.12,8.36,Suzuki,Impulse,2016,36688,Tay ga,100 - 175 cc,Nhật Bản,1.2399999999999993
37.0,14.53,17.05,Hãng khác,Duke 200,2022,229000,Tay côn/Moto,Trên 175 cc,Nước khác,2.5200000000000014
31.0,26.31,30.89,Honda,Vision,2022,12000,Tay ga,100 - 175 cc,Đang cập nhật,4.580000000000002
50.0,10.12,11.88,Honda,Dòng khác,2012,8850,Tay côn/Moto,Trên 175 cc,Nhật Bản,1.7600000000000016
25.0,21.39,25.11,Hãng khác,Dòng khác,trước năm 1980,100,Tay ga,Không biết rõ,Nước khác,3.719999999999999
30.0,21.39,25.11,Hãng khác,Dòng khác,trước năm 1980,50,Tay ga,Dưới 50 cc,Nước khác,3.719999999999999
24.0,23.96,28.12,Honda,Lead,2019,53000,Tay ga,100 - 175 cc,Đang cập nhật,4.16
35.0,14.53,17.05,Hãng khác,Duke 200,2022,23000,Tay côn/Moto,Trên 175 cc,Nước khác,2.5200000000000014
12.0,20.71,24.32,Honda,Air Blade,2017,82288,Tay ga,100 - 175 cc,Đang cập nhật,3.6099999999999994
18.0,16.16,18.97,Yamaha,Exciter,2015,28500,Tay côn/Moto,100 - 175 cc,Việt Nam,2.8099999999999987
6.5,5.1,5.98,Yamaha,Nouvo,2012,9435,Tay ga,100 - 175 cc,Nhật Bản,0.8800000000000008
35.0,101.46,119.11,Honda,SH,2012,90000,Tay ga,100 - 175 cc,Nhật Bản,17.650000000000006
55.0,43.1,50.6,Piaggio,Vespa,2019,12000,Tay ga,100 - 175 cc,Nước khác,7.5
20.0,32.11,37.7,Honda,Vario,2021,10000,Tay ga,100 - 175 cc,Việt Nam,5.590000000000003
12.0,8.99,10.56,Honda,Air Blade,2012,120000,Tay ga,100 - 175 cc,Đang cập nhật,1.5700000000000003
7.9,7.65,8.98,Honda,Wave,2013,500000,Xe số,100 - 175 cc,Đang cập nhật,1.33
9.0,6.14,7.21,Yamaha,Nouvo,2013,267890,Tay ga,100 - 175 cc,Nước khác,1.0700000000000003
29.0,8.99,10.55,Hãng khác,Dòng khác,2019,2216,Tay côn/Moto,100 - 175 cc,Việt Nam,1.5600000000000005
11.5,8.99,10.56,Honda,Air Blade,2012,10000,Tay ga,100 - 175 cc,Nhật Bản,1.5700000000000003
11.0,7.98,9.37,Honda,Lead,2012,49,Tay ga,100 - 175 cc,Đang cập nhật,1.3899999999999988
29.0,8.99,10.55,Hãng khác,Dòng khác,2019,2216,Tay côn/Moto,100 - 175 cc,Việt Nam,1.5600000000000005
14.5,10.55,12.38,Honda,Wave,2002,100000,Xe số,50 - 100 cc,Việt Nam,1.83
48.5,38.21,44.86,Piaggio,Vespa,2018,16000,Tay ga,100 - 175 cc,Việt Nam,6.649999999999999
17.8,16.92,19.86,Honda,Vision,2017,55000,Tay ga,100 - 175 cc,Việt Nam,2.9399999999999977
9.0,10.02,11.76,Honda,Air Blade,2011,21706,Tay ga,100 - 175 cc,Đang cập nhật,1.7400000000000002
39.5,36.48,42.83,Honda,SH,2014,12345,Tay ga,100 - 175 cc,Việt Nam,6.350000000000001
33.3,27.64,32.44,Honda,Winner X,2024,6000,Tay côn/Moto,100 - 175 cc,Việt Nam,4.799999999999997
29.0,8.99,10.55,Hãng khác,Dòng khác,2019,2216,Tay côn/Moto,100 - 175 cc,Việt Nam,1.5600000000000005
23.5,23.44,27.51,Honda,Winner X,2022,45000,Tay côn/Moto,100 - 175 cc,Việt Nam,4.07
52.0,60.06,70.5,Piaggio,Sprint,2022,27000,Tay ga,100 - 175 cc,Việt Nam,10.439999999999998
40.8,40.61,47.67,Honda,SH,2008,70000,Tay ga,100 - 175 cc,Nước khác,7.060000000000002
7.0,3.55,4.17,Hãng khác,Dòng khác,2010,3000,Tay côn/Moto,100 - 175 cc,Hàn Quốc,0.6200000000000001
19.0,13.94,16.37,Honda,Future,2001,59559,Xe số,100 - 175 cc,Nhật Bản,2.4300000000000015
90.0,111.87,131.33,Honda,SH,2011,20000,Tay ga,100 - 175 cc,Việt Nam,19.460000000000008
30.0,27.41,32.18,Honda,SH Mode,2015,28000,Tay ga,100 - 175 cc,Việt Nam,4.77
85.0,23.12,27.14,Honda,Spacy,2001,85000,Tay ga,100 - 175 cc,Nhật Bản,4.02
43.0,36.78,43.18,Yamaha,Nvx,2022,22000,Tay ga,100 - 175 cc,Đang cập nhật,6.399999999999999
26.0,24.45,28.7,Honda,Vision,2021,39000,Tay ga,100 - 175 cc,Việt Nam,4.25
74.0,43.05,50.54,Piaggio,Vespa,2022,15000,Tay ga,100 - 175 cc,Đang cập nhật,7.490000000000002
46.0,41.9,49.18,Yamaha,Exciter,2010,54000,Tay côn/Moto,100 - 175 cc,Đang cập nhật,7.280000000000001
12.5,8.9,10.45,Honda,Blade,2017,23000,Xe số,100 - 175 cc,Việt Nam,1.549999999999999
80.0,62.76,73.68,Honda,SH,2019,50000,Tay ga,100 - 175 cc,Việt Nam,10.920000000000009
35.0,14.16,16.63,Honda,Future,2000,12000,Xe số,100 - 175 cc,Thái Lan,2.469999999999999
80.0,35.74,41.95,Honda,Dòng khác,1998,70000,Xe số,50 - 100 cc,Nhật Bản,6.210000000000001
25.0,23.0,27.0,Honda,Win,2022,10000,Tay côn/Moto,100 - 175 cc,Việt Nam,4.0
6.0,16.53,19.41,Honda,Lead,2016,100,Tay ga,100 - 175 cc,Nhật Bản,2.879999999999999
20.0,19.01,22.32,Piaggio,Vespa,2014,36000,Tay ga,100 - 175 cc,Việt Nam,3.3099999999999987
43.0,31.1,36.51,Yamaha,R,2020,30000,Tay côn/Moto,100 - 175 cc,Việt Nam,5.409999999999997
10.0,8.24,9.67,Honda,Blade,2012,55431,Tay ga,100 - 175 cc,Việt Nam,1.4299999999999997
7.0,6.08,7.14,Yamaha,Mio,2016,1,Tay ga,100 - 175 cc,Việt Nam,1.0599999999999996
95.0,65.28,76.63,Honda,SH,2009,50000,Tay ga,100 - 175 cc,Nước khác,11.349999999999994
12.345678,98.4,115.51,Honda,SH,2010,50000,Tay ga,100 - 175 cc,Nước khác,17.11
47.0,38.21,44.86,Piaggio,Vespa,2018,7523,Tay ga,100 - 175 cc,Việt Nam,6.649999999999999
25.0,19.98,23.46,Honda,Air Blade,2016,53983,Tay ga,100 - 175 cc,Đang cập nhật,3.4800000000000004
3.9,5.95,6.98,Hãng khác,Dòng khác,2018,30000,Tay ga,Dưới 50 cc,Việt Nam,1.0300000000000002
49.0,14.53,17.05,Piaggio,Vespa S125,2019,7283,Tay ga,100 - 175 cc,Việt Nam,2.5200000000000014
11.8,8.59,10.08,Piaggio,Vespa,2012,36000,Tay ga,100 - 175 cc,Đang cập nhật,1.4900000000000002
13.0,18.22,21.39,Suzuki,GD,2022,20000,Tay côn/Moto,100 - 175 cc,Nhật Bản,3.1700000000000017
7.5,3.4,4.0,Honda,Win,2000,1000,Tay côn/Moto,50 - 100 cc,Đang cập nhật,0.6000000000000001
21.0,14.51,17.04,Yamaha,Exciter,2013,40000,Xe số,100 - 175 cc,Đang cập nhật,2.5299999999999994
11.6,7.98,9.37,Honda,Lead,2012,39,Tay ga,100 - 175 cc,Đang cập nhật,1.3899999999999988
25.0,14.53,17.05,Suzuki,Viva,2022,480000,Xe số,100 - 175 cc,Việt Nam,2.5200000000000014
48.0,35.34,41.48,Honda,Vario,2023,22000,Tay ga,100 - 175 cc,Nước khác,6.1399999999999935
16.6,13.85,16.26,Yamaha,Janus,2018,35000,Tay ga,100 - 175 cc,Đang cập nhật,2.410000000000002
12.5,8.92,10.47,Yamaha,Nozza,2013,37000,Tay ga,100 - 175 cc,Việt Nam,1.5500000000000007
15.6,12.59,14.78,Honda,Air Blade,2010,31000,Tay ga,100 - 175 cc,Đang cập nhật,2.1899999999999995
9.5,6.83,8.02,Yamaha,Luvias,2013,33333,Tay ga,100 - 175 cc,Việt Nam,1.1899999999999995
20.0,17.08,20.05,Honda,Winner X,2020,17000,Tay côn/Moto,100 - 175 cc,Việt Nam,2.9700000000000024
10.5,10.8,12.68,SYM,Dòng khác,2019,7500,Tay ga,100 - 175 cc,Đang cập nhật,1.879999999999999
25.555555,22.36,26.25,Yamaha,Exciter,2020,36000,Tay côn/Moto,100 - 175 cc,Việt Nam,3.8900000000000006
20.6,16.92,19.86,Honda,Vision,2017,29,Tay ga,100 - 175 cc,Đang cập nhật,2.9399999999999977
12.0,8.67,10.17,Honda,Dòng khác,2007,10000,Tay ga,Dưới 50 cc,Nhật Bản,1.5
24.0,14.53,17.05,Honda,Chaly,2010,50000,Tay ga,50 - 100 cc,Nhật Bản,2.5200000000000014
11.9,7.98,9.37,Honda,Lead,2012,31000,Tay ga,100 - 175 cc,Đang cập nhật,1.3899999999999988
11.0,9.73,11.42,Honda,Wave,2016,80000,Xe số,100 - 175 cc,Việt Nam,1.6899999999999995
86.0,69.27,81.32,Honda,SH,2021,601,Tay ga,100 - 175 cc,Thái Lan,12.049999999999997
15.3,12.59,14.78,Honda,Air Blade,2010,36000,Tay ga,100 - 175 cc,Đang cập nhật,2.1899999999999995
24.0,21.1,24.77,Honda,Vision,2019,12000,Tay ga,100 - 175 cc,Việt Nam,3.669999999999998
12.6,8.99,10.56,Honda,Air Blade,2012,36000,Tay ga,100 - 175 cc,Đang cập nhật,1.5700000000000003
21.5,19.98,23.46,Honda,Air Blade,2016,857000,Tay ga,100 - 175 cc,Việt Nam,3.4800000000000004
8.0,36.71,43.1,Honda,Air Blade,2023,4,Tay ga,100 - 175 cc,Đang cập nhật,6.390000000000001
8.9,15.04,17.66,Piaggio,GTS,2007,36668,Tay ga,100 - 175 cc,Nước khác,2.620000000000001
31.5,28.0,32.86,Honda,Vision,2023,15000,Tay ga,100 - 175 cc,Việt Nam,4.859999999999999
9.9,6.1,7.16,Honda,Lead,2009,30000,Tay ga,100 - 175 cc,Đang cập nhật,1.0600000000000005
12.0,14.53,17.05,Suzuki,Dòng khác,1999,30000,Tay côn/Moto,100 - 175 cc,Nhật Bản,2.5200000000000014
14.0,41.9,49.18,Yamaha,Exciter,2010,10000,Tay côn/Moto,100 - 175 cc,Đang cập nhật,7.280000000000001
120.0,74.57,87.54,Honda,SH,2022,11000,Tay ga,Trên 175 cc,Thái Lan,12.970000000000013
87.0,74.57,87.54,Honda,SH,2022,700,Tay ga,100 - 175 cc,Thái Lan,12.970000000000013
8.3,8.99,10.56,Honda,Air Blade,2012,19000,Tay ga,100 - 175 cc,Nhật Bản,1.5700000000000003
3.8,55.2,64.8,Hãng khác,Dòng khác,2009,123,Xe số,50 - 100 cc,Nhật Bản,9.599999999999994
27.5,8.6,10.1,Honda,Air Blade,2009,32000,Tay ga,100 - 175 cc,Việt Nam,1.5
11.2,10.17,11.94,Yamaha,Sirius,2021,24700,Xe số,100 - 175 cc,Đang cập nhật,1.7699999999999996
13.0,12.56,14.75,Hãng khác,Dòng khác,2024,1200,Tay ga,Dưới 50 cc,Việt Nam,2.1899999999999995
22.0,19.01,22.32,Piaggio,Vespa,2014,30000,Tay ga,100 - 175 cc,Đang cập nhật,3.3099999999999987
9.5,23.03,27.04,Honda,Scoopy,2019,12000,Tay ga,50 - 100 cc,Việt Nam,4.009999999999998
50.5,13.94,16.37,Honda,Future,2001,16000,Xe số,100 - 175 cc,Đang cập nhật,2.4300000000000015
25.555555,22.36,26.25,Yamaha,Exciter,2020,35000,Tay côn/Moto,100 - 175 cc,Việt Nam,3.8900000000000006
5.5,6.82,8.01,Honda,Wave,2008,100,Xe số,100 - 175 cc,Hàn Quốc,1.1899999999999995
22.0,16.25,19.08,Honda,CBR,2011,20000,Tay côn/Moto,100 - 175 cc,Thái Lan,2.8299999999999983
10.0,6.68,7.84,Honda,Lead,2010,39,Tay ga,100 - 175 cc,Đang cập nhật,1.1600000000000001
10.7,12.59,14.78,Honda,Air Blade,2010,12345,Tay ga,100 - 175 cc,Nhật Bản,2.1899999999999995
28.0,16.25,19.08,Honda,CBR,2011,14000,Tay côn/Moto,100 - 175 cc,Thái Lan,2.8299999999999983
89.0,14.53,17.05,Honda,ADV 160,2021,1000,Tay ga,100 - 175 cc,Nước khác,2.5200000000000014
88.0,69.27,81.32,Honda,SH,2021,1000,Tay ga,100 - 175 cc,Việt Nam,12.049999999999997
9.0,5.12,6.01,Honda,Click,2006,38000,Tay ga,100 - 175 cc,Đang cập nhật,0.8899999999999997
8.0,8.23,9.66,Honda,Cub,1997,0,Xe số,Dưới 50 cc,Nhật Bản,1.4299999999999997
12.0,14.53,17.05,Suzuki,GN,2010,0,Tay côn/Moto,100 - 175 cc,Đang cập nhật,2.5200000000000014
10.3,5.41,6.35,Piaggio,LX,2009,39000,Tay ga,100 - 175 cc,Đang cập nhật,0.9399999999999995
23.9,19.98,23.46,Honda,Air Blade,2016,39,Tay ga,100 - 175 cc,Đang cập nhật,3.4800000000000004
7.0,5.41,6.35,Yamaha,Luvias,2010,100000,Tay ga,100 - 175 cc,Việt Nam,0.9399999999999995
28.6,23.44,27.51,Honda,Winner X,2022,13000,Tay côn/Moto,100 - 175 cc,Việt Nam,4.07
25.5,22.36,26.25,Yamaha,Exciter,2020,36000,Tay côn/Moto,100 - 175 cc,Việt Nam,3.8900000000000006
24.2,23.67,27.79,Honda,SH,2005,10000,Tay ga,100 - 175 cc,Nước khác,4.119999999999997
1.8,6.89,8.08,SYM,Shark,2010,30000,Tay ga,100 - 175 cc,Đài Loan,1.1900000000000004
11.0,16.88,19.82,Honda,Dòng khác,2015,12345,Xe số,100 - 175 cc,Nhật Bản,2.9400000000000013
19.6,16.53,19.41,Honda,Lead,2016,28000,Tay ga,100 - 175 cc,Đang cập nhật,2.879999999999999
23.0,15.65,18.38,Piaggio,Primavera,2014,400000,Tay ga,100 - 175 cc,Nước khác,2.7299999999999986
89.0,74.65,87.63,Honda,Cub,2024,10060,Xe số,100 - 175 cc,Thái Lan,12.97999999999999
0.000295,21.42,25.14,Honda,MSX 125,2018,14000,Tay côn/Moto,100 - 175 cc,Thái Lan,3.719999999999999
67.0,62.76,73.68,Honda,SH,2019,37000,Tay ga,100 - 175 cc,Việt Nam,10.920000000000009
8.8,9.83,11.54,Honda,Wave,2017,23,Xe số,100 - 175 cc,Đang cập nhật,1.709999999999999
40.0,8.52,10.0,Honda,Cub,1996,56000,Xe số,50 - 100 cc,Đang cập nhật,1.4800000000000004
18.0,16.31,19.14,Honda,Wave,2024,12000,Xe số,50 - 100 cc,Việt Nam,2.830000000000002
52.0,44.41,52.13,Honda,SH,2016,66000,Tay ga,100 - 175 cc,Việt Nam,7.720000000000006
10.5,6.82,8.01,Honda,Wave,2008,50000,Xe số,100 - 175 cc,Nhật Bản,1.1899999999999995
18.6,13.83,16.24,Honda,Air Blade,2013,28000,Tay ga,100 - 175 cc,Đang cập nhật,2.4099999999999984
11.5,10.54,12.37,Honda,Vision,2012,100000,Tay ga,100 - 175 cc,Đang cập nhật,1.83
45.0,8.52,10.0,Honda,Cub,1996,30000,Xe số,50 - 100 cc,Nhật Bản,1.4800000000000004
24.6,21.1,24.77,Honda,Vision,2019,26,Tay ga,100 - 175 cc,Đang cập nhật,3.669999999999998
7.5,8.59,10.08,Piaggio,Vespa,2012,60000,Tay ga,100 - 175 cc,Nước khác,1.4900000000000002
12.0,11.94,14.02,SYM,Wolf,2011,99999,Tay côn/Moto,100 - 175 cc,Đài Loan,2.08
7.5,6.91,8.11,Honda,Air Blade,2007,0,Tay ga,100 - 175 cc,Nhật Bản,1.1999999999999993
13.0,7.2,8.45,Piaggio,LX,2011,20000,Tay ga,100 - 175 cc,Đang cập nhật,1.2499999999999991
5.2,14.53,17.05,SYM,Venus,2013,36688,Tay ga,100 - 175 cc,Đài Loan,2.5200000000000014
29.0,35.67,41.87,Suzuki,GZ,2013,50000,Tay côn/Moto,100 - 175 cc,Nhật Bản,6.199999999999996
11.0,6.93,8.14,Honda,Wave,2006,20000,Xe số,100 - 175 cc,Nhật Bản,1.2100000000000009
32.0,21.51,25.25,Honda,Future,2007,75000,Xe số,100 - 175 cc,Nhật Bản,3.7399999999999984
5.5,7.45,8.74,Piaggio,Liberty,2013,500000,Tay ga,100 - 175 cc,Đang cập nhật,1.29
8.5,6.24,7.32,Hãng khác,Dòng khác,2017,40000,Xe số,Dưới 50 cc,Trung Quốc,1.08
13.8,10.54,12.37,Honda,Vision,2012,39000,Tay ga,100 - 175 cc,Việt Nam,1.83
6.5,10.11,11.87,Piaggio,Liberty,2014,40000,Tay ga,100 - 175 cc,Đang cập nhật,1.7599999999999998
10.5,5.41,6.35,Piaggio,LX,2009,40000,Tay ga,100 - 175 cc,Việt Nam,0.9399999999999995
4.5,4.23,4.97,SYM,Elizabeth,2012,39990,Tay ga,100 - 175 cc,Đang cập nhật,0.7399999999999993
10.8,12.59,14.78,Honda,Air Blade,2010,22000,Tay ga,100 - 175 cc,Nhật Bản,2.1899999999999995
18.5,10.41,12.22,Honda,Dream,2005,58000,Xe số,50 - 100 cc,Việt Nam,1.8100000000000005
6.9,7.94,9.32,Honda,Wave,2014,10,Xe số,Không biết rõ,Nước khác,1.38
14.0,7.36,8.64,Hãng khác,Dòng khác,2024,1000,Tay ga,Dưới 50 cc,Việt Nam,1.2800000000000002
12.5,11.13,13.07,Honda,Chaly,2024,1000,Xe số,Dưới 50 cc,Thái Lan,1.9399999999999995
15.0,14.74,17.3,Honda,Future,2017,3,Xe số,100 - 175 cc,Nhật Bản,2.5600000000000005
14.0,10.26,12.04,SYM,Wolf,2010,99999,Tay côn/Moto,100 - 175 cc,Việt Nam,1.7799999999999994
9.0,4.55,5.34,Hãng khác,Dòng khác,2015,0,Tay ga,100 - 175 cc,Đang cập nhật,0.79
17.2,15.38,18.06,Honda,Lead,2015,27000,Tay ga,100 - 175 cc,Nhật Bản,2.679999999999998
15.6,10.02,11.76,Honda,Air Blade,2011,37000,Tay ga,100 - 175 cc,Đang cập nhật,1.7400000000000002
15.0,43.42,50.97,Honda,Click,2015,1000,Tay ga,100 - 175 cc,Đang cập nhật,7.549999999999997
12.6,7.98,9.37,Honda,Lead,2012,25000,Tay ga,100 - 175 cc,Đang cập nhật,1.3899999999999988
65.0,14.53,17.05,Hãng khác,Z1000,2013,15000,Tay côn/Moto,Trên 175 cc,Đang cập nhật,2.5200000000000014
9.5,15.01,17.62,Hãng khác,Candy Hi,2021,380000,Tay ga,50 - 100 cc,Đài Loan,2.610000000000001
6.9,6.14,7.21,Yamaha,Nouvo,2013,36363,Tay ga,100 - 175 cc,Nhật Bản,1.0700000000000003
82.0,75.76,88.93,Honda,SH,2024,5000,Tay ga,100 - 175 cc,Việt Nam,13.170000000000002
24.0,8.59,10.08,Piaggio,Vespa,2012,4500,Tay ga,50 - 100 cc,Nước khác,1.4900000000000002
3.5,6.87,8.06,Honda,Wave,2012,12000,Xe số,100 - 175 cc,Trung Quốc,1.1900000000000004
23.8,22.89,26.87,Suzuki,GSX,2023,50000,Tay côn/Moto,100 - 175 cc,Việt Nam,3.9800000000000004
13.0,19.34,22.71,Honda,Dòng khác,2017,131794,Xe số,50 - 100 cc,Việt Nam,3.370000000000001
138.0,98.4,115.51,Honda,SH,2010,43880,Tay ga,100 - 175 cc,Đang cập nhật,17.11
14.0,33.65,39.5,Honda,Dòng khác,2019,44199,Tay ga,Dưới 50 cc,Nhật Bản,5.850000000000001
5.0,4.6,5.4,Hãng khác,Dòng khác,2004,0,Xe số,50 - 100 cc,Đài Loan,0.8000000000000007
23.5,24.75,29.06,Honda,Winner X,2023,33000,Tay côn/Moto,100 - 175 cc,Đang cập nhật,4.309999999999999
55.0,42.81,50.25,Yamaha,Exciter,2006,57000,Xe số,100 - 175 cc,Việt Nam,7.439999999999998
14.5,18.63,21.87,Piaggio,Vespa,2005,20000,Tay côn/Moto,100 - 175 cc,Nước khác,3.240000000000002
27.0,22.83,26.8,Honda,MSX 125,2019,10000,Tay côn/Moto,100 - 175 cc,Thái Lan,3.9700000000000024
19.0,19.09,22.41,Honda,CB,1998,99999,Tay côn/Moto,Trên 175 cc,Đang cập nhật,3.3200000000000003
4.5,3.88,4.55,SYM,Dòng khác,2005,10000,Xe số,100 - 175 cc,Hàn Quốc,0.6699999999999999
10.5,8.59,10.08,Piaggio,Vespa,2012,50000,Tay ga,100 - 175 cc,Việt Nam,1.4900000000000002
75.0,74.57,87.54,Honda,SH,2022,25347,Tay ga,100 - 175 cc,Việt Nam,12.970000000000013
8.0,3.89,4.57,SYM,Joyride,2010,422560,Tay ga,100 - 175 cc,Việt Nam,0.6800000000000002
105.0,43.05,50.54,Piaggio,Vespa,2022,268888,Tay ga,Trên 175 cc,Việt Nam,7.490000000000002
15.0,16.16,18.97,Yamaha,Exciter,2015,60000,Tay côn/Moto,100 - 175 cc,Việt Nam,2.8099999999999987
15.0,16.16,18.97,Yamaha,Exciter,2015,60000,Tay côn/Moto,100 - 175 cc,Đang cập nhật,2.8099999999999987
43.8,32.95,38.68,Honda,Vario,2022,20000,Tay ga,100 - 175 cc,Nước khác,5.729999999999997
9.3,7.62,8.94,Honda,Air Blade,2008,30000,Tay ga,100 - 175 cc,Việt Nam,1.3199999999999994
22.5,20.7,24.3,Yamaha,Cuxi,2022,0,Tay ga,50 - 100 cc,Việt Nam,3.6000000000000014
23.0,13.86,16.27,Yamaha,Exciter,2014,41000,Xe số,100 - 175 cc,Việt Nam,2.41
50.0,39.18,45.99,Honda,SH,2015,40000,Tay ga,100 - 175 cc,Đang cập nhật,6.810000000000002
13.5,13.85,16.26,Yamaha,Janus,2018,43000,Tay ga,100 - 175 cc,Nhật Bản,2.410000000000002
14.5,10.02,11.76,Honda,Air Blade,2011,600000,Tay ga,50 - 100 cc,Nhật Bản,1.7400000000000002
4.5,6.23,7.31,Yamaha,Sirius,2011,20000,Xe số,50 - 100 cc,Việt Nam,1.0799999999999992
19.0,16.31,19.14,Honda,Wave,2024,1000,Xe số,100 - 175 cc,Nhật Bản,2.830000000000002
19.0,16.31,19.14,Honda,Wave,2024,1000,Xe số,100 - 175 cc,Nhật Bản,2.830000000000002
20.0,16.42,19.28,Honda,PCX,2012,50,Tay ga,100 - 175 cc,Thái Lan,2.8599999999999994
16.0,15.19,17.83,Honda,Air Blade,2014,100496,Tay ga,100 - 175 cc,Việt Nam,2.639999999999999
55.0,62.76,73.68,Honda,SH,2019,28896,Tay ga,100 - 175 cc,Việt Nam,10.920000000000009
12.5,8.59,10.08,Piaggio,Vespa,2012,35517,Tay ga,100 - 175 cc,Việt Nam,1.4900000000000002
29.0,26.31,30.89,Honda,Vision,2022,15000,Tay ga,100 - 175 cc,Việt Nam,4.580000000000002
10.0,6.97,8.19,Yamaha,Sirius,2015,57947,Xe số,100 - 175 cc,Việt Nam,1.2199999999999998
16.0,9.79,11.49,Piaggio,Liberty,2015,35350,Tay ga,100 - 175 cc,Nước khác,1.700000000000001
8.5,7.62,8.94,Honda,Air Blade,2008,51000,Tay ga,100 - 175 cc,Việt Nam,1.3199999999999994
23.0,22.42,26.32,Suzuki,Raider,2022,230000,Tay côn/Moto,Dưới 50 cc,Việt Nam,3.8999999999999986
28.0,27.9,32.76,Honda,Lead,2021,32000,Tay ga,100 - 175 cc,Nhật Bản,4.859999999999999
21.0,19.33,22.69,Suzuki,Satria,2018,39000,Tay côn/Moto,100 - 175 cc,Nước khác,3.360000000000003
40.0,30.13,35.37,Honda,Vario,2019,45000,Tay ga,100 - 175 cc,Đang cập nhật,5.239999999999998
13.0,6.68,7.84,Honda,Lead,2010,500000,Tay ga,100 - 175 cc,Việt Nam,1.1600000000000001
115.0,73.25,85.99,Honda,SH,2023,14000,Tay ga,Trên 175 cc,Đang cập nhật,12.739999999999995
55.0,50.14,58.86,Honda,Vario,2017,500000,Tay ga,100 - 175 cc,Nước khác,8.719999999999999
55.0,50.14,58.86,Honda,Vario,2017,500000,Tay ga,100 - 175 cc,Nước khác,8.719999999999999
25.5,25.66,30.12,Honda,Future,2010,22000,Xe số,100 - 175 cc,Nhật Bản,4.460000000000001
2.5,3.58,4.2,Yamaha,Nouvo,2009,8888,Tay ga,100 - 175 cc,Nhật Bản,0.6200000000000001
25.5,18.73,21.98,Honda,PS,2007,55000,Tay ga,100 - 175 cc,Việt Nam,3.25
18.0,16.92,19.86,Honda,Vision,2017,350000,Tay ga,100 - 175 cc,Việt Nam,2.9399999999999977
8.0,7.62,8.94,Honda,Air Blade,2008,50000,Tay ga,100 - 175 cc,Việt Nam,1.3199999999999994
31.5,26.31,30.89,Honda,Vision,2022,15000,Tay ga,100 - 175 cc,Việt Nam,4.580000000000002
69.0,59.58,69.94,Piaggio,Vespa,2023,6000,Tay ga,100 - 175 cc,Việt Nam,10.36
89.5,75.76,88.93,Honda,SH,2024,5000,Tay ga,100 - 175 cc,Việt Nam,13.170000000000002
25.0,14.62,17.16,Yamaha,Exciter,2016,9999,Tay côn/Moto,100 - 175 cc,Việt Nam,2.540000000000001
60.0,43.1,50.6,Piaggio,Vespa,2020,5000,Tay ga,100 - 175 cc,Đang cập nhật,7.5
16.0,27.41,32.18,Honda,SH Mode,2015,22000,Tay ga,100 - 175 cc,Việt Nam,4.77
5.5,6.93,8.14,Honda,Wave,2006,60000,Xe số,50 - 100 cc,Nhật Bản,1.2100000000000009
18.5,14.98,17.58,Piaggio,Liberty,2016,43000,Tay ga,100 - 175 cc,Việt Nam,2.599999999999998
7.8,7.55,8.86,SYM,Attila,2016,30000,Tay ga,100 - 175 cc,Hàn Quốc,1.3099999999999996
210.0,101.46,119.11,Honda,SH,2012,12000,Tay ga,100 - 175 cc,Nước khác,17.650000000000006
13.2,19.42,22.8,Yamaha,Nvx,2017,35000,Tay ga,100 - 175 cc,Đang cập nhật,3.379999999999999
7.5,10.63,12.48,Hãng khác,Dòng khác,2022,200,Xe số,Trên 175 cc,Việt Nam,1.8499999999999996
1.0,6.9,8.1,Hãng khác,Dòng khác,2020,999999,Tay ga,Dưới 50 cc,Trung Quốc,1.1999999999999993
181.5,111.87,131.33,Honda,SH,2011,20000,Tay ga,100 - 175 cc,Nước khác,19.460000000000008
16.9,16.88,19.81,Honda,Vision,2016,60000,Tay ga,100 - 175 cc,Việt Nam,2.9299999999999997
32.5,29.93,35.13,Honda,Air Blade,2020,10000,Tay ga,100 - 175 cc,Việt Nam,5.200000000000003
20.0,16.51,19.38,Honda,Winner X,2019,27000,Tay côn/Moto,100 - 175 cc,Việt Nam,2.8699999999999974
72.0,59.58,69.94,Piaggio,Vespa,2023,6000,Tay ga,100 - 175 cc,Việt Nam,10.36
13.0,6.93,8.14,Honda,Wave,2006,49,Xe số,50 - 100 cc,Việt Nam,1.2100000000000009
21.99,19.64,23.05,Yamaha,Nvx,2018,10000,Tay ga,100 - 175 cc,Đang cập nhật,3.41
14.5,14.57,17.1,Honda,Winner,2018,39999,Tay côn/Moto,100 - 175 cc,Việt Nam,2.530000000000001
14.5,14.57,17.1,Honda,Winner,2018,50000,Tay côn/Moto,100 - 175 cc,Đang cập nhật,2.530000000000001
8.0,8.99,10.56,Honda,Air Blade,2012,100000,Tay ga,50 - 100 cc,Việt Nam,1.5700000000000003
105.0,111.87,131.33,Honda,SH,2011,14000,Tay ga,100 - 175 cc,Việt Nam,19.460000000000008
2.0,6.09,7.15,Yamaha,Mio,2007,8888,Xe số,100 - 175 cc,Thái Lan,1.0600000000000005
10.0,12.15,14.27,Honda,Vision,2014,50000,Tay ga,100 - 175 cc,Việt Nam,2.119999999999999
9.5,6.66,7.82,Piaggio,Liberty,2011,28668,Tay ga,100 - 175 cc,Nước khác,1.1600000000000001
3.5,5.1,5.98,Yamaha,Nouvo,2012,100,Tay ga,100 - 175 cc,Đang cập nhật,0.8800000000000008
8.0,11.7,13.74,Honda,Dòng khác,trước năm 1980,0,Tay côn/Moto,100 - 175 cc,Trung Quốc,2.040000000000001
4.5,5.81,6.82,Honda,Lead,2008,44488,Tay ga,100 - 175 cc,Việt Nam,1.0100000000000007
8.0,8.99,10.56,Honda,Air Blade,2012,50000,Tay ga,100 - 175 cc,Đang cập nhật,1.5700000000000003
16.0,15.38,18.06,Honda,Lead,2015,25000,Tay ga,100 - 175 cc,Việt Nam,2.679999999999998
3.0,4.21,4.94,Hãng khác,Dòng khác,2007,8888,Xe số,100 - 175 cc,Hàn Quốc,0.7300000000000004
13.5,14.02,16.46,Yamaha,Janus,2020,0,Tay ga,100 - 175 cc,Nước khác,2.4400000000000013
29.0,27.04,31.74,Honda,Future,2008,100000,Xe số,100 - 175 cc,Việt Nam,4.699999999999999
15.5,11.67,13.71,Honda,Wave,2020,40000,Xe số,100 - 175 cc,Việt Nam,2.040000000000001
17.999999,16.88,19.81,Honda,Vision,2016,22330,Tay ga,100 - 175 cc,Việt Nam,2.9299999999999997
1.234567,10.12,11.88,Honda,Dòng khác,2012,50000,Tay ga,100 - 175 cc,Đang cập nhật,1.7600000000000016
28.0,26.44,31.04,Yamaha,Dòng khác,2019,14500,Tay côn/Moto,100 - 175 cc,Việt Nam,4.599999999999998
10.0,9.73,11.42,Honda,Wave,2016,100000,Xe số,50 - 100 cc,Đang cập nhật,1.6899999999999995
21.0,19.64,23.05,Yamaha,Nvx,2018,15000,Tay ga,100 - 175 cc,Đang cập nhật,3.41
13.5,6.93,8.14,Honda,Wave,2006,50000,Xe số,100 - 175 cc,Việt Nam,1.2100000000000009
26.5,24.45,28.7,Honda,Vision,2021,31000,Tay ga,100 - 175 cc,Việt Nam,4.25
4.0,3.96,4.65,SYM,Elizabeth,2011,12345,Tay ga,100 - 175 cc,Việt Nam,0.6900000000000004
28.0,22.82,26.79,Honda,PCX,2014,55000,Tay ga,100 - 175 cc,Việt Nam,3.969999999999999
18.0,13.83,16.24,Honda,Air Blade,2013,66000,Tay ga,100 - 175 cc,Việt Nam,2.4099999999999984
8.0,7.4,8.69,SYM,Dòng khác,2018,46000,Xe số,100 - 175 cc,Việt Nam,1.2899999999999991
12.0,13.38,15.71,Honda,Winner,2017,700000,Tay côn/Moto,100 - 175 cc,Đang cập nhật,2.33
6.5,6.93,8.14,Honda,Wave,2006,8888,Xe số,100 - 175 cc,Nhật Bản,1.2100000000000009
6.5,6.93,8.14,Honda,Wave,2006,100000,Xe số,100 - 175 cc,Nhật Bản,1.2100000000000009
7.5,14.16,16.63,Honda,Future,2000,8888,Xe số,100 - 175 cc,Thái Lan,2.469999999999999
29.0,23.44,27.51,Honda,Winner X,2022,1369,Tay côn/Moto,100 - 175 cc,Việt Nam,4.07
7.5,7.45,8.74,Piaggio,Liberty,2013,30000,Tay ga,100 - 175 cc,Việt Nam,1.29
14.5,15.8,18.55,Yamaha,Exciter,2011,20000,Tay côn/Moto,100 - 175 cc,Việt Nam,2.75
4.3,3.58,4.2,Yamaha,Nouvo,2009,8888,Tay ga,100 - 175 cc,Nhật Bản,0.6200000000000001
5.5,4.67,5.49,Yamaha,Jupiter,2003,100000,Xe số,100 - 175 cc,Nhật Bản,0.8200000000000003
50.0,45.48,53.39,Suzuki,GZ,2019,18000,Tay côn/Moto,100 - 175 cc,Trung Quốc,7.910000000000004
11.0,15.46,18.14,Honda,Future,trước năm 1980,49292,Xe số,100 - 175 cc,Đang cập nhật,2.6799999999999997
14.3,10.55,12.38,Honda,Wave,2002,20000,Xe số,50 - 100 cc,Việt Nam,1.83
22.0,15.08,17.71,Honda,Dream,1995,35000,Xe số,50 - 100 cc,Thái Lan,2.630000000000001
63.0,43.1,50.6,Piaggio,Vespa,2020,4000,Tay ga,100 - 175 cc,Việt Nam,7.5
62.0,55.2,64.8,Honda,SH,2017,8888,Tay ga,100 - 175 cc,Nhật Bản,9.599999999999994
11.8,7.86,9.22,Honda,Click,2011,39000,Tay ga,100 - 175 cc,Việt Nam,1.3600000000000003
20.0,15.19,17.83,Honda,Air Blade,2014,30000,Tay ga,100 - 175 cc,Việt Nam,2.639999999999999
163.0,14.53,17.05,Hãng khác,Vulcan,2022,3450,Tay côn/Moto,Trên 175 cc,Nhật Bản,2.5200000000000014
62.0,55.2,64.8,Honda,SH,2017,3000,Tay ga,100 - 175 cc,Việt Nam,9.599999999999994
14.0,12.56,14.75,Hãng khác,Dòng khác,2024,5000,Tay ga,Dưới 50 cc,Việt Nam,2.1899999999999995
13.5,14.27,16.76,Honda,Wave,2023,17000,Xe số,100 - 175 cc,Việt Nam,2.490000000000002
2.2,14.53,17.05,SYM,Amigo,2012,54276,Tay ga,50 - 100 cc,Nước khác,2.5200000000000014
6.0,5.1,5.98,Yamaha,Nouvo,2012,8888,Tay ga,100 - 175 cc,Nhật Bản,0.8800000000000008
5.0,7.3,8.57,Yamaha,Sirius,2013,8888,Xe số,100 - 175 cc,Nhật Bản,1.2700000000000005
286.0,62.76,73.68,Honda,SH,2019,2000,Tay ga,Trên 175 cc,Nước khác,10.920000000000009
48.0,36.48,42.83,Honda,SH,2014,50000,Tay ga,100 - 175 cc,Đang cập nhật,6.350000000000001
7.0,6.87,8.06,Honda,Wave,2012,36000,Xe số,100 - 175 cc,Nhật Bản,1.1900000000000004
180.0,111.87,131.33,Honda,SH,2011,22000,Tay ga,100 - 175 cc,Nhật Bản,19.460000000000008
42.0,35.7,41.9,Piaggio,Vespa,2017,20000,Tay ga,100 - 175 cc,Nước khác,6.199999999999996
55.000008,51.29,60.21,Yamaha,MT,2019,10000,Tay côn/Moto,100 - 175 cc,Nhật Bản,8.920000000000002
6.3,6.58,7.72,Honda,Wave,2011,61000,Xe số,100 - 175 cc,Nhật Bản,1.1399999999999997
123.0,113.16,132.84,Honda,Shadow,1996,61000,Tay côn/Moto,Trên 175 cc,Nhật Bản,19.680000000000007
285.0,65.71,77.13,Honda,SH,2020,9000,Tay ga,100 - 175 cc,Nước khác,11.420000000000002
95.0,33.65,39.5,Honda,Dòng khác,2019,6000,Tay ga,100 - 175 cc,Thái Lan,5.850000000000001
28.0,33.65,39.5,Honda,Dòng khác,2019,19999,Tay ga,Dưới 50 cc,Nhật Bản,5.850000000000001
195.0,101.46,119.11,Honda,SH,2012,29000,Tay ga,100 - 175 cc,Nước khác,17.650000000000006
56.0,43.65,51.24,Yamaha,MT,2020,10000,Tay côn/Moto,100 - 175 cc,Nhật Bản,7.590000000000003
35.0,17.83,20.93,Honda,Winner X,2021,1000,Tay côn/Moto,100 - 175 cc,Việt Nam,3.1000000000000014
32.0,30.0,35.22,Honda,MSX 125,2021,7000,Tay côn/Moto,100 - 175 cc,Thái Lan,5.219999999999999
59.0,55.2,64.8,Honda,SH,2017,27000,Tay ga,100 - 175 cc,Việt Nam,9.599999999999994
23.0,22.36,26.25,Yamaha,Exciter,2020,10000,Tay côn/Moto,100 - 175 cc,Việt Nam,3.8900000000000006
92.0,73.25,85.99,Honda,SH,2023,6975,Tay ga,100 - 175 cc,Việt Nam,12.739999999999995
50.0,6.36,7.47,Honda,Cub,2008,123,Xe số,Dưới 50 cc,Nhật Bản,1.1099999999999994
80.0,79.75,93.62,Honda,Rebel,2019,20000,Tay côn/Moto,Trên 175 cc,Nhật Bản,13.870000000000005
215.0,44.98,52.8,Honda,SH,2013,12000,Tay ga,100 - 175 cc,Nhật Bản,7.82
10.0,6.91,8.11,Honda,Air Blade,2007,70000,Tay ga,100 - 175 cc,Việt Nam,1.1999999999999993
13.5,13.86,16.27,Yamaha,Exciter,2014,36000,Tay côn/Moto,100 - 175 cc,Đang cập nhật,2.41
42.5,29.52,34.66,Yamaha,Exciter,2024,9000,Tay côn/Moto,100 - 175 cc,Nhật Bản,5.139999999999997
25.5,10.68,12.54,Honda,Wave,2005,99999,Xe số,50 - 100 cc,Việt Nam,1.8599999999999994
145.0,111.87,131.33,Honda,SH,2011,5,Tay ga,100 - 175 cc,Nhật Bản,19.460000000000008
50.0,43.1,50.6,Piaggio,Vespa,2020,7000,Tay ga,100 - 175 cc,Nước khác,7.5
35.0,16.03,18.82,Honda,PCX,2011,20000,Tay ga,100 - 175 cc,Đang cập nhật,2.789999999999999
4.7,3.61,4.24,SYM,Elizabeth,2009,34567,Tay ga,100 - 175 cc,Việt Nam,0.6300000000000003
33.0,41.35,48.54,Honda,Vario,2018,50000,Tay ga,100 - 175 cc,Việt Nam,7.189999999999998
23.0,21.1,24.77,Yamaha,Mio,2023,10000,Tay ga,100 - 175 cc,Nước khác,3.669999999999998
9.0,9.44,11.08,Honda,Dylan,2004,10000,Tay ga,100 - 175 cc,Nước khác,1.6400000000000006
100.0,65.28,76.63,Honda,SH,2009,30000,Tay ga,100 - 175 cc,Nước khác,11.349999999999994
395.0,363.4,426.6,Hãng khác,Multistrada,2022,2600,Tay côn/Moto,Trên 175 cc,Nước khác,63.200000000000045
9.5,10.02,11.76,Honda,Air Blade,2011,35000,Tay ga,100 - 175 cc,Nhật Bản,1.7400000000000002
115.0,74.57,87.54,Honda,SH,2022,8000,Tay ga,Trên 175 cc,Thái Lan,12.970000000000013
6.99,8.59,10.08,Piaggio,Vespa,2012,20000,Tay ga,100 - 175 cc,Nước khác,1.4900000000000002
53.0,32.95,38.68,Honda,Vario,2022,23000,Tay ga,100 - 175 cc,Nước khác,5.729999999999997
32.0,22.27,26.15,Piaggio,Vespa,2015,30000,Tay ga,100 - 175 cc,Việt Nam,3.879999999999999
11.0,7.83,9.19,Honda,Dylan,2003,20000,Tay ga,100 - 175 cc,Đang cập nhật,1.3599999999999994
34.0,22.94,26.93,Honda,Lead,2018,0,Tay ga,100 - 175 cc,Việt Nam,3.9899999999999984
27.0,19.01,22.32,Piaggio,Vespa,2014,20000,Tay ga,100 - 175 cc,Đang cập nhật,3.3099999999999987
27.5,24.45,28.7,Honda,Vision,2021,21000,Tay ga,100 - 175 cc,Đang cập nhật,4.25
14.0,12.56,14.75,Hãng khác,Dòng khác,2024,1764,Xe số,Dưới 50 cc,Đang cập nhật,2.1899999999999995
285.0,65.71,77.13,Honda,SH,2020,9000,Tay ga,100 - 175 cc,Nước khác,11.420000000000002
50.0,54.28,63.72,Piaggio,Medley,2021,34800,Tay ga,100 - 175 cc,Nước khác,9.439999999999998
215.0,101.46,119.11,Honda,SH,2012,29000,Tay ga,100 - 175 cc,Đang cập nhật,17.650000000000006
110.0,98.4,115.51,Honda,SH,2010,38000,Tay ga,100 - 175 cc,Nước khác,17.11
6.8,6.48,7.61,Piaggio,Vespa,2009,1234,Tay ga,100 - 175 cc,Việt Nam,1.13
6.8,5.4,6.34,Yamaha,Mio,2010,20000,Tay ga,100 - 175 cc,Việt Nam,0.9399999999999995
29.3,26.0,30.52,Yamaha,PG-1,2024,1000,Xe số,100 - 175 cc,Đang cập nhật,4.52
5.8,7.25,8.51,Honda,Lead,2011,80000,Tay ga,100 - 175 cc,Việt Nam,1.2599999999999998
18.0,15.92,18.68,SYM,Elite,2023,860,Tay ga,Dưới 50 cc,Việt Nam,2.76
28.5,24.48,28.73,Yamaha,Freego,2024,4500,Tay ga,100 - 175 cc,Việt Nam,4.25
72.0,58.13,68.25,Honda,SH,2018,11500,Tay ga,100 - 175 cc,Việt Nam,10.119999999999997
16.5,23.48,27.57,Honda,Winner,2023,75000,Tay côn/Moto,100 - 175 cc,Việt Nam,4.09
14.0,11.68,13.71,Honda,Wave,2019,12345,Xe số,100 - 175 cc,Đang cập nhật,2.030000000000001
65.0,14.53,17.05,Yamaha,YAZ,2000,30000,Tay côn/Moto,100 - 175 cc,Đang cập nhật,2.5200000000000014
5.599,4.01,4.71,Yamaha,Nouvo,2010,25000,Tay ga,100 - 175 cc,Nhật Bản,0.7000000000000002
8.0,26.35,30.93,Yamaha,Exciter,2021,39561,Xe số,50 - 100 cc,Việt Nam,4.579999999999998
38.0,38.54,45.24,Honda,Lead,2024,5000,Tay ga,100 - 175 cc,Việt Nam,6.700000000000003
1.0,11.52,13.52,Honda,Wave,2004,100000,Xe số,50 - 100 cc,Việt Nam,2.0
4.9,4.18,4.91,Yamaha,Nouvo,2011,1234,Tay ga,100 - 175 cc,Việt Nam,0.7300000000000004
10.5,8.6,10.1,Honda,Air Blade,2009,57000,Tay ga,100 - 175 cc,Việt Nam,1.5
13.0,11.13,13.07,Hãng khác,Dòng khác,2023,3340,Tay ga,Dưới 50 cc,Đang cập nhật,1.9399999999999995
31.0,14.53,17.05,Piaggio,Dòng khác,1998,99999,Xe số,100 - 175 cc,Nước khác,2.5200000000000014
7.5,13.83,16.24,Honda,Air Blade,2013,800000,Tay ga,100 - 175 cc,Nhật Bản,2.4099999999999984
4.0,3.24,3.8,SYM,Attila,2010,100000,Tay ga,50 - 100 cc,Việt Nam,0.5599999999999996
27.0,23.96,28.12,Honda,Lead,2019,25403,Tay ga,100 - 175 cc,Nhật Bản,4.16
11.5,12.15,14.27,Honda,Vision,2014,55555,Tay ga,100 - 175 cc,Việt Nam,2.119999999999999
11.5,12.15,14.27,Honda,Vision,2014,55555,Tay ga,100 - 175 cc,Việt Nam,2.119999999999999
147.0,55.2,64.8,Honda,SH,2017,11000,Tay ga,Trên 175 cc,Đang cập nhật,9.599999999999994
14.0,14.53,17.05,Yamaha,FZ,2010,250000,Tay côn/Moto,100 - 175 cc,Nước khác,2.5200000000000014
28.8,31.94,37.49,Honda,Vario,2020,510000,Tay ga,100 - 175 cc,Đang cập nhật,5.550000000000001
550.0,23.55,27.65,Yamaha,Exciter,2025,2,Tay côn/Moto,100 - 175 cc,Đang cập nhật,4.099999999999998
7.2,7.98,9.37,Yamaha,Sirius,2016,15000,Xe số,100 - 175 cc,Đang cập nhật,1.3899999999999988
27.0,23.96,28.12,Honda,Lead,2019,25403,Tay ga,100 - 175 cc,Nhật Bản,4.16
120.0,111.87,131.33,Honda,SH,2011,38000,Tay ga,100 - 175 cc,Đang cập nhật,19.460000000000008
30.0,23.96,28.12,Honda,Lead,2019,25400,Tay ga,100 - 175 cc,Nhật Bản,4.16
14.5,17.08,20.05,Honda,Winner X,2020,13000,Tay côn/Moto,100 - 175 cc,Việt Nam,2.9700000000000024
15.0,11.52,13.52,Honda,Dream,2001,4382,Xe số,50 - 100 cc,Nhật Bản,2.0
4.7,4.18,4.91,Yamaha,Nouvo,2011,1234,Tay ga,100 - 175 cc,Việt Nam,0.7300000000000004
7.5,8.9,10.44,Yamaha,Nozza,2015,37000,Tay ga,100 - 175 cc,Nhật Bản,1.5399999999999991
13.9,11.68,13.71,Honda,Wave,2019,12000,Xe số,100 - 175 cc,Việt Nam,2.030000000000001
3.5,2.7,3.17,SYM,Attila,2007,21020,Tay ga,100 - 175 cc,Việt Nam,0.46999999999999975
43.5,41.9,49.18,Yamaha,Exciter,2010,29800,Tay côn/Moto,100 - 175 cc,Việt Nam,7.280000000000001
10.0,10.12,11.88,Honda,Chaly,2022,4800,Xe số,Dưới 50 cc,Đang cập nhật,1.7600000000000016
36.5,34.12,40.05,Honda,Air Blade,2022,19000,Tay ga,100 - 175 cc,Nhật Bản,5.93
59.0,11.52,13.52,Honda,Wave,2004,123456,Xe số,100 - 175 cc,Việt Nam,2.0
4.8,6.14,7.21,Honda,Chaly,trước năm 1980,100000,Xe số,Dưới 50 cc,Nhật Bản,1.0700000000000003
0.08,5.95,6.98,Hãng khác,Dòng khác,2018,5000,Tay côn/Moto,Không biết rõ,Thái Lan,1.0300000000000002
20.0,10.68,12.54,Honda,Wave,2005,50000,Xe số,100 - 175 cc,Nhật Bản,1.8599999999999994
5.5,5.1,5.99,Yamaha,Mio,2009,833200,Tay ga,50 - 100 cc,Nhật Bản,0.8900000000000006
15.0,10.39,12.2,Honda,Wave,2018,90000,Xe số,100 - 175 cc,Việt Nam,1.8099999999999987
10.0,10.12,11.88,Honda,Chaly,2022,4740,Xe số,Dưới 50 cc,Việt Nam,1.7600000000000016
65.0,58.13,68.25,Honda,SH,2018,50000,Tay ga,100 - 175 cc,Nhật Bản,10.119999999999997
15.0,8.99,10.56,Honda,Air Blade,2012,59000,Tay ga,100 - 175 cc,Việt Nam,1.5700000000000003
28.0,25.09,29.45,Honda,Future,2022,30000,Xe số,100 - 175 cc,Việt Nam,4.359999999999999
4.8,6.09,7.15,Yamaha,Mio,2007,1234,Tay ga,100 - 175 cc,Việt Nam,1.0600000000000005
11.0,11.45,13.44,Piaggio,Vespa S125,2014,230000,Tay ga,100 - 175 cc,Nước khác,1.9900000000000002
102.0,65.28,76.63,Honda,SH,2009,35000,Tay ga,100 - 175 cc,Nước khác,11.349999999999994
18.9,18.47,21.68,Honda,Vision,2018,18000,Tay ga,100 - 175 cc,Đang cập nhật,3.210000000000001
34.0,25.66,30.12,Honda,Future,2010,55555,Xe số,100 - 175 cc,Việt Nam,4.460000000000001
14.5,15.8,18.55,Yamaha,Exciter,2011,54678,Tay côn/Moto,100 - 175 cc,Việt Nam,2.75
13.8,13.38,15.71,Honda,Winner,2017,4667,Tay côn/Moto,100 - 175 cc,Việt Nam,2.33
0.1,69.27,81.32,Honda,SH,2021,23000,Tay ga,100 - 175 cc,Nước khác,12.049999999999997
3.0,9.57,11.23,Honda,Dream,2002,8888,Xe số,50 - 100 cc,Trung Quốc,1.6600000000000001
22.8,15.9,18.67,Honda,Air Blade,2015,14000,Tay ga,100 - 175 cc,Nhật Bản,2.7700000000000014
123.456789,15.9,18.67,Honda,Air Blade,2015,25,Tay ga,100 - 175 cc,Nhật Bản,2.7700000000000014
3.8,3.16,3.71,Yamaha,Nouvo,2008,40000,Tay ga,100 - 175 cc,Việt Nam,0.5499999999999998
225.0,58.73,68.95,Suzuki,Sport / Xipo,1999,50000,Tay côn/Moto,100 - 175 cc,Nước khác,10.220000000000006
4.6,4.62,5.42,Yamaha,Mio,2008,515,Tay ga,100 - 175 cc,Việt Nam,0.7999999999999998
22.5,21.1,24.77,Honda,Vision,2019,15000,Tay ga,100 - 175 cc,Nhật Bản,3.669999999999998
48.0,36.19,42.49,Honda,Vario,2024,14000,Tay ga,100 - 175 cc,Nước khác,6.300000000000004
23.5,11.52,13.52,Honda,Wave,2004,0,Xe số,50 - 100 cc,Nhật Bản,2.0
31.0,27.64,32.44,Honda,Winner X,2024,4400,Tay côn/Moto,100 - 175 cc,Đang cập nhật,4.799999999999997
38.5,25.49,29.92,Honda,Sonic,2022,140000,Tay côn/Moto,Trên 175 cc,Việt Nam,4.430000000000003
30.0,25.49,29.92,Honda,Sonic,2022,20000,Tay côn/Moto,100 - 175 cc,Nước khác,4.430000000000003
25.0,10.26,12.04,SYM,Wolf,2010,13000,Tay côn/Moto,100 - 175 cc,Trung Quốc,1.7799999999999994
8.9,7.61,8.93,Yamaha,Sirius,2014,99000,Xe số,100 - 175 cc,Đang cập nhật,1.3199999999999994
9.0,7.61,8.93,Yamaha,Sirius,2014,99000,Xe số,Không biết rõ,Đang cập nhật,1.3199999999999994
9.8,21.66,25.43,Yamaha,Mio,2024,26000,Tay ga,100 - 175 cc,Việt Nam,3.7699999999999996
10.5,7.65,8.98,Honda,Wave,2013,35000,Xe số,50 - 100 cc,Việt Nam,1.33
33.0,22.27,26.15,Piaggio,Vespa,2015,23000,Tay ga,100 - 175 cc,Nước khác,3.879999999999999
73.0,55.2,64.8,Honda,SH,2017,76000,Tay ga,100 - 175 cc,Việt Nam,9.599999999999994
25.5,26.58,31.2,Honda,Future,2023,40000,Xe số,100 - 175 cc,Nhật Bản,4.620000000000001
68.0,69.27,81.32,Honda,SH,2021,2554,Tay ga,100 - 175 cc,Việt Nam,12.049999999999997
18.9,16.92,19.86,Honda,Vision,2017,69000,Tay ga,100 - 175 cc,Việt Nam,2.9399999999999977
20.5,16.53,19.41,Honda,Lead,2016,37422,Tay ga,100 - 175 cc,Việt Nam,2.879999999999999
18.0,20.24,23.76,Hãng khác,Kawasaki,2023,49116,Xe số,50 - 100 cc,Nhật Bản,3.520000000000003
140.0,44.41,52.13,Honda,SH,2016,20000,Tay ga,Trên 175 cc,Nước khác,7.720000000000006
12.0,9.35,10.98,Honda,Blade,2018,35000,Xe số,100 - 175 cc,Việt Nam,1.6300000000000008
82.0,111.87,131.33,Honda,SH,2011,15000,Tay ga,100 - 175 cc,Việt Nam,19.460000000000008
6.0,16.42,19.28,Honda,PCX,2012,500000,Tay ga,100 - 175 cc,Việt Nam,2.8599999999999994
42.0,29.62,34.78,Honda,Future,2024,7000,Xe số,100 - 175 cc,Việt Nam,5.16
22.68,19.64,23.05,Yamaha,Nvx,2018,52000,Tay ga,100 - 175 cc,Nhật Bản,3.41
60.0,50.14,58.86,Honda,Vario,2017,51000,Tay ga,100 - 175 cc,Nước khác,8.719999999999999
6.9,7.7,9.04,Yamaha,Jupiter,2013,12345,Xe số,100 - 175 cc,Nhật Bản,1.339999999999999
39.0,66.24,77.76,Honda,Shadow,2007,60000,Tay côn/Moto,Trên 175 cc,Nhật Bản,11.52000000000001
38.0,14.49,17.01,Honda,Dream,1996,68000,Xe số,50 - 100 cc,Nhật Bản,2.5200000000000014
12.0,9.83,11.54,Honda,Wave,2017,41318,Xe số,Không biết rõ,Việt Nam,1.709999999999999
27.0,18.32,21.5,Honda,Future,2018,24000,Xe số,100 - 175 cc,Việt Nam,3.1799999999999997
23.0,13.38,15.71,Honda,Winner,2017,30000,Tay côn/Moto,100 - 175 cc,Việt Nam,2.33
8.0,7.27,8.54,Honda,Wave,2007,4000,Xe số,100 - 175 cc,Nhật Bản,1.2699999999999996
46.8,40.49,47.53,Yamaha,Grande,2024,2000,Tay ga,100 - 175 cc,Việt Nam,7.039999999999999
43.0,44.41,52.13,Honda,SH,2016,112655,Tay ga,100 - 175 cc,Việt Nam,7.720000000000006
16.0,13.38,15.71,Honda,Winner,2017,26000,Tay côn/Moto,100 - 175 cc,Việt Nam,2.33
8.0,6.86,8.05,Piaggio,Liberty,2012,10000,Tay ga,100 - 175 cc,Nước khác,1.1900000000000004
15.0,13.28,15.59,Honda,Dylan,2006,20000,Tay ga,100 - 175 cc,Nước khác,2.3100000000000005
46.8,40.49,47.53,Yamaha,Grande,2024,1810,Tay ga,100 - 175 cc,Việt Nam,7.039999999999999
8.5,8.43,9.9,SYM,Shark,2013,55000,Tay ga,100 - 175 cc,Việt Nam,1.4700000000000006
55.0,41.9,49.18,Yamaha,Exciter,2010,2000,Tay côn/Moto,100 - 175 cc,Việt Nam,7.280000000000001
35.5,34.12,40.05,Honda,Air Blade,2022,26000,Tay ga,100 - 175 cc,Đang cập nhật,5.93
8.0,6.06,7.11,Honda,Wave,2010,32000,Tay ga,100 - 175 cc,Nhật Bản,1.0500000000000007
46.0,39.18,45.99,Honda,SH,2015,35000,Tay ga,100 - 175 cc,Việt Nam,6.810000000000002
95.0,98.4,115.51,Honda,SH,2010,27000,Tay ga,100 - 175 cc,Đang cập nhật,17.11
28.0,26.31,30.89,Honda,Vision,2022,4169,Tay ga,100 - 175 cc,Việt Nam,4.580000000000002
43.6,36.15,42.44,Yamaha,Nvx,2023,9000,Tay ga,100 - 175 cc,Đang cập nhật,6.289999999999999
46.8,40.49,47.53,Yamaha,Grande,2024,2200,Tay ga,100 - 175 cc,Việt Nam,7.039999999999999
8.8,7.3,8.57,Yamaha,Sirius,2013,12345,Xe số,100 - 175 cc,Nhật Bản,1.2700000000000005
18.0,14.57,17.1,Honda,Winner,2018,20000,Tay côn/Moto,100 - 175 cc,Nhật Bản,2.530000000000001
24.5,16.16,18.97,Yamaha,Exciter,2015,1000,Tay côn/Moto,100 - 175 cc,Việt Nam,2.8099999999999987
70.0,65.28,76.63,Honda,SH,2009,100000,Tay ga,100 - 175 cc,Nhật Bản,11.349999999999994
33.0,23.67,27.79,Honda,SH,2005,50000,Tay ga,100 - 175 cc,Nhật Bản,4.119999999999997
6.2,6.01,7.06,Yamaha,Jupiter,2010,60668,Xe số,100 - 175 cc,Nhật Bản,1.0499999999999998
7.5,3.55,4.17,SYM,Dòng khác,2008,45000,Tay ga,100 - 175 cc,Việt Nam,0.6200000000000001
50.9,42.81,50.25,Yamaha,Exciter,2006,50000,Xe số,100 - 175 cc,Việt Nam,7.439999999999998
46.0,44.02,51.68,Yamaha,Nvx,2024,9500,Tay ga,100 - 175 cc,Việt Nam,7.659999999999997
62.0,53.96,63.34,Piaggio,Sprint,2021,13000,Tay ga,100 - 175 cc,Nước khác,9.380000000000003
6.8,7.94,9.32,Honda,Wave,2014,8000,Xe số,50 - 100 cc,Việt Nam,1.38
8.5,7.94,9.32,Honda,Wave,2014,30000,Xe số,100 - 175 cc,Việt Nam,1.38
35.0,3.95,4.64,Hãng khác,Dòng khác,2008,200000,Tay ga,100 - 175 cc,Nước khác,0.6899999999999995
16.0,6.69,7.85,Honda,Wave,2009,44000,Xe số,50 - 100 cc,Đang cập nhật,1.1599999999999993
85.0,13.66,16.04,Honda,Wave,2021,2000,Xe số,100 - 175 cc,Thái Lan,2.379999999999999
25.0,23.78,27.91,Honda,Air Blade,2019,55000,Tay ga,100 - 175 cc,Việt Nam,4.129999999999999
72.0,75.76,88.93,Honda,SH,2024,13000,Tay ga,100 - 175 cc,Việt Nam,13.170000000000002
72.0,75.76,88.93,Honda,SH,2024,13000,Tay ga,100 - 175 cc,Việt Nam,13.170000000000002
360.0,280.6,329.4,Hãng khác,Dòng khác,2019,8820,Tay côn/Moto,Trên 175 cc,Nước khác,48.799999999999955
113.0,65.28,76.63,Honda,SH,2009,1000,Tay ga,100 - 175 cc,Nước khác,11.349999999999994
22.0,18.91,22.2,Honda,PS,2008,40800,Tay ga,100 - 175 cc,Nước khác,3.289999999999999
17.0,14.89,17.48,Hãng khác,TNT,2019,15000,Tay côn/Moto,100 - 175 cc,Đang cập nhật,2.59
8.9,9.43,11.07,Yamaha,Luvias,2016,30000,Tay ga,100 - 175 cc,Nhật Bản,1.6400000000000006
78.0,75.76,88.93,Honda,SH,2024,7000,Tay ga,100 - 175 cc,Việt Nam,13.170000000000002
23.0,101.46,119.11,Honda,SH,2012,15000,Tay ga,100 - 175 cc,Việt Nam,17.650000000000006
27.0,20.77,24.39,Honda,Future,2019,293600,Xe số,100 - 175 cc,Nhật Bản,3.620000000000001
55.0,14.53,17.05,Honda,CB,1982,333333,Tay côn/Moto,100 - 175 cc,Nhật Bản,2.5200000000000014
32.0,30.13,35.37,Honda,Vario,2019,16500,Tay ga,100 - 175 cc,Nước khác,5.239999999999998
31.0,27.64,32.44,Honda,Winner X,2024,4400,Tay côn/Moto,100 - 175 cc,Việt Nam,4.799999999999997
3.2,2.7,3.17,SYM,Attila,2007,50000,Tay ga,100 - 175 cc,Đài Loan,0.46999999999999975
24.0,10.12,11.88,Honda,Dòng khác,2012,1000,Tay ga,Dưới 50 cc,Nhật Bản,1.7600000000000016
21.0,13.59,15.96,Honda,Future,2016,61000,Xe số,100 - 175 cc,Nhật Bản,2.370000000000001
28.8,26.31,30.89,Honda,Vision,2022,12000,Tay ga,100 - 175 cc,Việt Nam,4.580000000000002
111.0,39.18,45.99,Honda,SH,2015,22000,Tay ga,Trên 175 cc,Đang cập nhật,6.810000000000002
42.0,36.71,43.1,Honda,Air Blade,2023,7000,Tay ga,100 - 175 cc,Đang cập nhật,6.390000000000001
15.686868,12.59,14.78,Honda,Air Blade,2010,12345,Tay ga,100 - 175 cc,Việt Nam,2.1899999999999995
4.2,22.15,26.0,Honda,Wave,1999,20000,Xe số,100 - 175 cc,Việt Nam,3.8500000000000014
145.0,24.84,29.16,Honda,CB,2009,26000,Tay côn/Moto,Trên 175 cc,Nước khác,4.32
13.0,11.68,13.71,Honda,Wave,2019,28700,Xe số,100 - 175 cc,Nhật Bản,2.030000000000001
8.888888,6.91,8.11,Honda,Air Blade,2007,99999,Tay côn/Moto,100 - 175 cc,Đang cập nhật,1.1999999999999993
25.0,14.72,17.28,Piaggio,Dòng khác,2002,2,Tay ga,100 - 175 cc,Nước khác,2.5600000000000005
36.0,31.29,36.73,Yamaha,Nvx,2021,23790,Tay ga,100 - 175 cc,Nhật Bản,5.439999999999998
17.5,15.48,18.17,Honda,Vision,2015,13000,Tay ga,100 - 175 cc,Việt Nam,2.6900000000000013
168.8,137.06,160.89,Honda,CB,2023,3393,Tay côn/Moto,Trên 175 cc,Thái Lan,23.829999999999984
46.5,45.7,53.64,Honda,Click,2017,90000,Tay ga,100 - 175 cc,Thái Lan,7.939999999999998
3.5,6.06,7.11,Honda,Wave,2010,99999,Xe số,100 - 175 cc,Nhật Bản,1.0500000000000007
20.0,34.12,40.05,Honda,Air Blade,2022,10000,Tay ga,100 - 175 cc,Nhật Bản,5.93
12.0,11.03,12.95,Honda,Vision,2013,50000,Tay ga,100 - 175 cc,Nhật Bản,1.92
3.0,6.82,8.01,Honda,Wave,2008,10000,Xe số,100 - 175 cc,Đang cập nhật,1.1899999999999995
6.5,6.69,7.85,Honda,Wave,2009,61356,Xe số,100 - 175 cc,Việt Nam,1.1599999999999993
22.0,18.91,22.2,Honda,PS,2008,40800,Tay ga,100 - 175 cc,Nước khác,3.289999999999999
155.0,8.23,9.66,Honda,Cub,1997,81000,Xe số,100 - 175 cc,Nhật Bản,1.4299999999999997
13.5,14.51,17.04,Yamaha,Exciter,2013,108197,Tay côn/Moto,100 - 175 cc,Việt Nam,2.5299999999999994
7.5,6.06,7.11,Honda,Wave,2010,50000,Xe số,100 - 175 cc,Nhật Bản,1.0500000000000007
29.0,23.78,27.91,Honda,Air Blade,2019,16500,Tay ga,100 - 175 cc,Việt Nam,4.129999999999999
21.0,22.99,26.99,Yamaha,Nvx,2019,39000,Tay ga,100 - 175 cc,Nhật Bản,4.0
5.0,3.66,4.3,Hãng khác,Dòng khác,2002,20000,Tay ga,50 - 100 cc,Việt Nam,0.6399999999999997
100.0,79.75,93.62,Honda,Rebel,2019,2000,Tay côn/Moto,Trên 175 cc,Thái Lan,13.870000000000005
32.0,26.0,30.52,Yamaha,PG-1,2024,598,Xe số,100 - 175 cc,Nhật Bản,4.52
1.8,3.11,3.66,SYM,Attila,2009,30000,Tay ga,100 - 175 cc,Việt Nam,0.5500000000000003
37.0,29.52,34.66,Yamaha,Exciter,2024,8500,Tay côn/Moto,100 - 175 cc,Việt Nam,5.139999999999997
17.4,19.2,22.55,Yamaha,Freego,2021,27000,Tay ga,100 - 175 cc,Việt Nam,3.3500000000000014
39.8,32.11,37.7,Honda,Vario,2021,20000,Tay ga,100 - 175 cc,Nước khác,5.590000000000003
16.5,20.93,24.56,Honda,Sonic,2019,50000,Tay côn/Moto,100 - 175 cc,Nước khác,3.629999999999999
15.0,8.99,10.56,Honda,Air Blade,2012,60000,Tay ga,100 - 175 cc,Việt Nam,1.5700000000000003
28.5,25.09,29.45,Honda,Future,2022,19000,Xe số,100 - 175 cc,Đang cập nhật,4.359999999999999
60.0,52.54,61.68,Honda,SH Mode,2023,32000,Tay ga,100 - 175 cc,Nhật Bản,9.14
4.0,3.24,3.8,SYM,Attila,2010,4000,Tay ga,50 - 100 cc,Việt Nam,0.5599999999999996
4.0,3.72,4.37,Hãng khác,Dòng khác,2000,55555,Xe số,100 - 175 cc,Việt Nam,0.6499999999999999
15.5,12.88,15.12,Hãng khác,Dòng khác,2022,3700,Tay ga,50 - 100 cc,Hàn Quốc,2.2399999999999984
118.888888,44.41,52.13,Honda,SH,2016,22000,Tay ga,Trên 175 cc,Nước khác,7.720000000000006
5.0,4.18,4.9,Suzuki,Hayate,2012,7000,Tay ga,100 - 175 cc,Thái Lan,0.7200000000000006
21.0,12.96,15.22,Honda,Future,2015,61000,Xe số,100 - 175 cc,Đang cập nhật,2.26
8.9,7.94,9.32,Honda,Wave,2014,50000,Xe số,100 - 175 cc,Nhật Bản,1.38
6.888888,17.34,20.36,Honda,Dream,1994,50868,Xe số,50 - 100 cc,Thái Lan,3.0199999999999996
22.0,19.2,22.55,Yamaha,Freego,2021,14900,Tay ga,100 - 175 cc,Nhật Bản,3.3500000000000014
35.0,30.13,35.37,Honda,Vario,2019,40000,Tay ga,100 - 175 cc,Nước khác,5.239999999999998
3.9,4.84,5.68,Suzuki,Hayate,2014,80000,Tay ga,100 - 175 cc,Đang cập nhật,0.8399999999999999
2.7,6.55,7.69,Hãng khác,Dòng khác,2016,88888,Xe số,100 - 175 cc,Trung Quốc,1.1400000000000006
140.0,98.4,115.51,Honda,SH,2010,23000,Tay ga,100 - 175 cc,Nước khác,17.11
13.5,7.65,8.98,Honda,Wave,2013,77800,Xe số,100 - 175 cc,Việt Nam,1.33
46.8,30.13,35.37,Honda,Vario,2019,40000,Tay ga,100 - 175 cc,Đang cập nhật,5.239999999999998
65.0,74.57,87.54,Honda,SH,2022,20000,Tay ga,100 - 175 cc,Việt Nam,12.970000000000013
35.0,72.21,84.76,Honda,CBR,2019,5000,Tay côn/Moto,100 - 175 cc,Đang cập nhật,12.550000000000011
63.0,47.12,55.32,Honda,ADV 150,2022,40000,Tay ga,100 - 175 cc,Nước khác,8.200000000000003
51.0,41.35,48.54,Honda,Vario,2018,61000,Tay ga,100 - 175 cc,Nước khác,7.189999999999998
24.0,20.71,24.32,Honda,Air Blade,2017,23000,Tay ga,100 - 175 cc,Nhật Bản,3.6099999999999994
57.0,62.56,73.44,Hãng khác,W175,2024,400,Tay côn/Moto,Trên 175 cc,Thái Lan,10.879999999999995
30.0,19.92,23.38,Yamaha,Exciter,2019,80000,Tay côn/Moto,100 - 175 cc,Việt Nam,3.4599999999999973
17.0,18.73,21.99,Honda,SH,2003,57968,Tay ga,100 - 175 cc,Nhật Bản,3.259999999999998
77.0,59.58,69.94,Piaggio,Vespa,2023,8123,Tay ga,100 - 175 cc,Đang cập nhật,10.36
17.0,16.31,19.14,Honda,Wave,2024,696,Xe số,100 - 175 cc,Việt Nam,2.830000000000002
35.0,26.58,31.2,Honda,Future,2023,6245,Xe số,100 - 175 cc,Việt Nam,4.620000000000001
17.0,42.75,50.19,Honda,Cub,2022,30000,Xe số,Dưới 50 cc,Nhật Bản,7.439999999999998
12.5,15.31,17.97,Honda,Lead,2014,85000,Tay ga,100 - 175 cc,Việt Nam,2.6599999999999984
22.0,17.08,20.05,Honda,Winner X,2020,29000,Tay côn/Moto,100 - 175 cc,Đang cập nhật,2.9700000000000024
22.0,41.35,48.54,Honda,Vario,2018,101039,Tay ga,100 - 175 cc,Nước khác,7.189999999999998
42.5,38.21,44.86,Piaggio,Vespa,2018,29000,Tay ga,100 - 175 cc,Đang cập nhật,6.649999999999999
29.5,22.15,26.0,Honda,Wave,1999,50000,Xe số,100 - 175 cc,Thái Lan,3.8500000000000014
3.6,11.68,13.71,Honda,Wave,2019,90,Xe số,100 - 175 cc,Hàn Quốc,2.030000000000001
9.0,15.04,17.66,Piaggio,GTS,2007,123456,Tay ga,100 - 175 cc,Việt Nam,2.620000000000001
13.2,13.83,16.24,Honda,Air Blade,2013,47000,Tay ga,100 - 175 cc,Việt Nam,2.4099999999999984
36.5,35.87,42.11,Honda,Lead,2023,7000,Tay ga,100 - 175 cc,Đang cập nhật,6.240000000000002
13.0,7.3,8.57,Yamaha,Sirius,2013,10000,Xe số,50 - 100 cc,Đang cập nhật,1.2700000000000005
11.0,15.8,18.55,Yamaha,Exciter,2011,90000,Tay côn/Moto,100 - 175 cc,Đang cập nhật,2.75
2.2,14.53,17.05,Honda,CD,1988,180094,Xe số,50 - 100 cc,Nhật Bản,2.5200000000000014
115.0,74.57,87.54,Honda,SH,2022,30000,Tay ga,Trên 175 cc,Thái Lan,12.970000000000013
145.0,120.31,141.23,Hãng khác,Z900,2017,18000,Tay côn/Moto,Trên 175 cc,Nhật Bản,20.919999999999987
6.0,6.61,7.76,Yamaha,Luvias,2012,39000,Tay ga,100 - 175 cc,Việt Nam,1.1499999999999995
74.0,65.71,77.13,Honda,SH,2020,20100,Tay ga,100 - 175 cc,Đang cập nhật,11.420000000000002
17.0,16.19,19.0,Yamaha,Grande,2018,27000,Tay ga,100 - 175 cc,Nhật Bản,2.8099999999999987
14.0,6.82,8.01,Honda,Wave,2008,3773,Xe số,100 - 175 cc,Việt Nam,1.1899999999999995
20.0,14.53,17.05,Honda,@,1994,30000,Xe số,Dưới 50 cc,Nhật Bản,2.5200000000000014
12.0,11.68,13.71,Honda,Wave,2019,19277,Xe số,100 - 175 cc,Nước khác,2.030000000000001
10.0,15.04,17.66,Piaggio,GTS,2007,123456,Tay ga,100 - 175 cc,Việt Nam,2.620000000000001
22.0,21.1,24.77,Honda,Vision,2019,22486,Tay ga,100 - 175 cc,Việt Nam,3.669999999999998
43.0,82.58,96.94,Honda,CBR,2023,15000,Tay côn/Moto,100 - 175 cc,Việt Nam,14.36
13.0,11.68,13.71,Honda,Wave,2019,328735,Xe số,100 - 175 cc,Việt Nam,2.030000000000001
96.0,73.25,85.99,Honda,SH,2023,6000,Tay ga,100 - 175 cc,Việt Nam,12.739999999999995
28.8,25.09,29.45,Honda,Future,2022,25800,Xe số,100 - 175 cc,Đang cập nhật,4.359999999999999
12.0,7.94,9.32,Honda,Wave,2014,28000,Xe số,100 - 175 cc,Việt Nam,1.38
9.5,7.59,8.91,Honda,Blade,2015,45367,Xe số,100 - 175 cc,Việt Nam,1.3200000000000003
41.8,35.87,42.11,Honda,Lead,2023,150000,Tay ga,100 - 175 cc,Việt Nam,6.240000000000002
8.5,21.87,25.67,Honda,Vision,2020,20000,Tay ga,50 - 100 cc,Việt Nam,3.8000000000000007
20.5,19.33,22.69,Suzuki,Satria,2018,33000,Tay côn/Moto,100 - 175 cc,Nước khác,3.360000000000003
22.0,14.27,16.76,Honda,Wave,2023,399802,Xe số,100 - 175 cc,Nhật Bản,2.490000000000002
61.9,50.76,59.59,Honda,Click,2019,60000,Tay ga,100 - 175 cc,Thái Lan,8.830000000000005
20.0,14.53,17.05,Hãng khác,Feliz S,2020,4733,Xe số,100 - 175 cc,Việt Nam,2.5200000000000014
25.0,23.11,27.13,Honda,Sonic,2020,33000,Tay côn/Moto,100 - 175 cc,Nhật Bản,4.02
4.0,15.82,18.58,Honda,Spacy,2011,45000,Tay ga,100 - 175 cc,Nhật Bản,2.759999999999998
2.2,2.7,3.17,SYM,Attila,2007,9999,Tay ga,50 - 100 cc,Nước khác,0.46999999999999975
12.3,12.15,14.27,Honda,Vision,2014,20000,Tay ga,100 - 175 cc,Nhật Bản,2.119999999999999
17.8,7.27,8.54,Honda,Wave,2007,500000,Xe số,50 - 100 cc,Nhật Bản,1.2699999999999996
9.9,34.12,40.05,Honda,Air Blade,2022,50000,Tay ga,100 - 175 cc,Việt Nam,5.93
120.0,98.4,115.51,Honda,SH,2010,20000,Tay ga,100 - 175 cc,Nước khác,17.11
41.0,34.12,40.05,Honda,Air Blade,2022,20000,Tay ga,100 - 175 cc,Đang cập nhật,5.93
36.0,44.98,52.8,Honda,SH,2013,25000,Tay ga,100 - 175 cc,Việt Nam,7.82
65.0,55.2,64.8,Honda,SH,2017,35000,Tay ga,100 - 175 cc,Việt Nam,9.599999999999994
7.2,7.62,8.94,Honda,Air Blade,2008,80000,Tay ga,100 - 175 cc,Việt Nam,1.3199999999999994
65.0,55.2,64.8,Honda,SH,2017,32000,Tay ga,100 - 175 cc,Việt Nam,9.599999999999994
13.5,10.17,11.94,Hãng khác,Espero,2022,80,Tay ga,Dưới 50 cc,Đang cập nhật,1.7699999999999996
65.0,55.2,64.8,Honda,SH,2017,35000,Tay ga,100 - 175 cc,Việt Nam,9.599999999999994
55.0,35.7,41.9,Piaggio,Vespa,2017,50000,Tay ga,100 - 175 cc,Nước khác,6.199999999999996
25.0,23.33,27.39,Honda,Future,2021,16000,Xe số,100 - 175 cc,Việt Nam,4.060000000000002
2.7,2.48,2.92,Honda,Chaly,1987,56556,Xe số,50 - 100 cc,Nhật Bản,0.43999999999999995
265.0,62.76,73.68,Honda,SH,2019,1800,Tay ga,100 - 175 cc,Nước khác,10.920000000000009
7.5,6.1,7.16,Honda,Lead,2009,29999,Tay ga,100 - 175 cc,Việt Nam,1.0600000000000005
6.2,4.74,5.57,Honda,SCR,2008,30000,Tay ga,100 - 175 cc,Đang cập nhật,0.8300000000000001
14.0,14.57,17.1,Honda,Winner,2018,40000,Tay côn/Moto,100 - 175 cc,Đang cập nhật,2.530000000000001
40.8,32.95,38.68,Honda,Vario,2022,10000,Tay ga,100 - 175 cc,Nước khác,5.729999999999997
110.0,74.57,87.54,Honda,SH,2022,10000,Tay ga,Trên 175 cc,Việt Nam,12.970000000000013
65.0,55.2,64.8,Honda,SH,2017,32000,Tay ga,100 - 175 cc,Việt Nam,9.599999999999994
75.0,54.16,63.59,Honda,CB,2013,50000,Tay côn/Moto,Trên 175 cc,Đang cập nhật,9.430000000000007
20.5,18.47,21.68,Honda,Vision,2018,21000,Tay ga,100 - 175 cc,Việt Nam,3.210000000000001
29.0,20.83,24.45,Honda,Winner,2022,6000,Tay côn/Moto,100 - 175 cc,Nhật Bản,3.620000000000001
8.9,8.74,10.26,Honda,CBR,2005,27000,Xe số,100 - 175 cc,Nhật Bản,1.5199999999999996
8.9,8.06,9.46,SYM,Venus,2015,29999,Tay ga,100 - 175 cc,Hàn Quốc,1.4000000000000004
6.0,4.21,4.94,Hãng khác,Dòng khác,2007,9999,Xe số,100 - 175 cc,Trung Quốc,0.7300000000000004
55.0,50.6,59.4,Honda,SH Mode,2007,438,Tay ga,100 - 175 cc,Đang cập nhật,8.799999999999997
86.0,74.57,87.54,Honda,SH,2022,5000,Tay ga,100 - 175 cc,Việt Nam,12.970000000000013
17.5,19.42,22.8,Yamaha,Nvx,2017,98066,Tay ga,100 - 175 cc,Việt Nam,3.379999999999999
25.5,22.42,26.32,Suzuki,Raider,2022,30700,Tay côn/Moto,100 - 175 cc,Việt Nam,3.8999999999999986
30.0,12.07,14.17,Honda,67,trước năm 1980,50000,Tay côn/Moto,50 - 100 cc,Đang cập nhật,2.0999999999999996
25.5,23.33,27.39,Honda,Future,2021,16,Xe số,100 - 175 cc,Việt Nam,4.060000000000002
30.5,28.0,32.86,Honda,Vision,2023,200,Tay ga,100 - 175 cc,Việt Nam,4.859999999999999
360.0,255.59,300.04,Yamaha,YAZ,2021,15000,Tay côn/Moto,100 - 175 cc,Nhật Bản,44.45000000000002
48.0,15.8,18.55,Yamaha,Exciter,2011,20000,Tay côn/Moto,100 - 175 cc,Nhật Bản,2.75
46.0,32.11,37.7,Honda,Vario,2021,8500,Tay ga,100 - 175 cc,Nước khác,5.590000000000003
7.5,7.62,8.94,Honda,Air Blade,2008,9999,Tay ga,100 - 175 cc,Việt Nam,1.3199999999999994
23.5,23.33,27.39,Honda,Future,2021,0,Xe số,100 - 175 cc,Việt Nam,4.060000000000002
23.5,23.33,27.39,Honda,Future,2021,0,Xe số,100 - 175 cc,Việt Nam,4.060000000000002
5.5,5.75,6.75,Yamaha,Mio,2006,20000,Tay ga,100 - 175 cc,Việt Nam,1.0
170.0,156.4,183.6,Suzuki,GSX,2016,26000,Tay côn/Moto,Trên 175 cc,Nhật Bản,27.19999999999999
19.999999,51.05,59.93,Honda,ADV 150,2021,45000,Tay côn/Moto,100 - 175 cc,Nhật Bản,8.880000000000003
15.0,5.1,5.99,Yamaha,Mio,2009,30000,Tay ga,100 - 175 cc,Thái Lan,0.8900000000000006
2.2,5.1,5.98,Yamaha,Nouvo,2012,6789,Tay ga,100 - 175 cc,Việt Nam,0.8800000000000008
9.0,6.83,8.02,Yamaha,Luvias,2013,200000,Tay ga,100 - 175 cc,Đang cập nhật,1.1899999999999995
9.2,6.83,8.02,Yamaha,Luvias,2013,57138,Tay ga,100 - 175 cc,Việt Nam,1.1899999999999995
50.0,19.38,22.75,Honda,Lead,2017,0,Tay ga,100 - 175 cc,Việt Nam,3.370000000000001
18.0,10.63,12.48,Hãng khác,Dòng khác,2022,200000,Xe số,100 - 175 cc,Thái Lan,1.8499999999999996
27.0,31.94,37.49,Honda,Vario,2020,21700,Tay ga,100 - 175 cc,Việt Nam,5.550000000000001
18.5,18.73,21.98,Honda,PS,2007,45000,Tay ga,100 - 175 cc,Nước khác,3.25
19.0,13.28,15.59,Honda,Dylan,2006,65000,Tay ga,100 - 175 cc,Nước khác,2.3100000000000005
29.0,16.75,19.66,Honda,Dream,1993,13000,Xe số,50 - 100 cc,Nhật Bản,2.91
12.5,11.6,13.62,Yamaha,Sirius,2022,7000,Xe số,100 - 175 cc,Việt Nam,2.0199999999999996
58.0,49.12,57.66,Piaggio,Vespa,trước năm 1980,123456,Tay ga,100 - 175 cc,Nhật Bản,8.54
40.0,36.78,43.18,Yamaha,Nvx,2022,10000,Tay ga,100 - 175 cc,Nhật Bản,6.399999999999999
39.599,36.43,42.77,Hãng khác,Django,2024,2000,Tay ga,100 - 175 cc,Đang cập nhật,6.340000000000003
27.0,29.5,34.63,Honda,Vision,2025,600,Tay ga,100 - 175 cc,Việt Nam,5.130000000000003
14.5,14.51,17.04,Yamaha,Exciter,2013,10000,Tay côn/Moto,100 - 175 cc,Nhật Bản,2.5299999999999994
16.5,14.51,17.04,Yamaha,Exciter,2013,10000,Tay côn/Moto,100 - 175 cc,Nhật Bản,2.5299999999999994
22.5,9.14,10.73,Honda,Blade,2016,10000,Tay ga,100 - 175 cc,Đang cập nhật,1.5899999999999999
138.0,65.28,76.63,Honda,SH,2009,40,Tay ga,100 - 175 cc,Đang cập nhật,11.349999999999994
27.5,20.83,24.45,Honda,Winner,2022,200000,Tay côn/Moto,100 - 175 cc,Việt Nam,3.620000000000001
27.0,24.84,29.16,Honda,Spacy,2020,40000,Tay ga,100 - 175 cc,Đang cập nhật,4.32
17.0,8.62,10.12,Honda,Dream,2010,50000,Xe số,50 - 100 cc,Thái Lan,1.5
21.0,10.08,11.83,Honda,Dream,2016,45000,Xe số,100 - 175 cc,Việt Nam,1.75
33.0,28.79,33.8,Yamaha,Exciter,2022,18000,Tay côn/Moto,100 - 175 cc,Việt Nam,5.009999999999998
21.5,19.2,22.55,Yamaha,Freego,2021,20000,Tay ga,100 - 175 cc,Đang cập nhật,3.3500000000000014
16.3,13.94,16.37,Honda,Future,2001,46000,Xe số,100 - 175 cc,Thái Lan,2.4300000000000015
26.0,15.8,18.55,Yamaha,Exciter,2011,60000,Xe số,100 - 175 cc,Đang cập nhật,2.75
70.0,55.2,64.8,Honda,SH,2017,11000,Tay ga,100 - 175 cc,Việt Nam,9.599999999999994
15.0,13.94,16.37,Honda,Future,2001,65000,Xe số,100 - 175 cc,Việt Nam,2.4300000000000015
14.2,14.62,17.16,Yamaha,Exciter,2016,28000,Tay côn/Moto,100 - 175 cc,Việt Nam,2.540000000000001
26.0,15.8,18.55,Yamaha,Exciter,2011,60000,Xe số,100 - 175 cc,Việt Nam,2.75
10.0,7.98,9.37,Yamaha,Sirius,2016,60225,Xe số,100 - 175 cc,Việt Nam,1.3899999999999988
28.0,4.85,5.69,Honda,Cub,1990,17000,Xe số,Dưới 50 cc,Nhật Bản,0.8400000000000007
9.5,9.35,10.98,Yamaha,Luvias,2019,57138,Tay ga,Không biết rõ,Việt Nam,1.6300000000000008
36.5,37.85,44.43,Honda,Air Blade,2024,17890,Tay ga,100 - 175 cc,Đang cập nhật,6.579999999999998
16.0,10.72,12.59,Honda,@,2025,40,Tay côn/Moto,100 - 175 cc,Nhật Bản,1.8699999999999992
4.0,2.33,2.74,Hãng khác,Jockey Fi,2013,36500,Tay ga,100 - 175 cc,Đang cập nhật,0.41000000000000014
220.0,39.46,46.33,Suzuki,Sport / Xipo,2000,10000,Xe số,100 - 175 cc,Thái Lan,6.869999999999997
9.5,6.83,8.02,Yamaha,Luvias,2013,52,Tay ga,100 - 175 cc,Đang cập nhật,1.1899999999999995
18.0,19.01,22.32,Piaggio,Vespa,2014,41000,Tay ga,50 - 100 cc,Đang cập nhật,3.3099999999999987
15.9,14.63,17.17,Honda,CG125Fi,2016,47000,Xe số,100 - 175 cc,Việt Nam,2.540000000000001
18.5,14.57,17.1,Honda,Winner,2018,60000,Tay côn/Moto,100 - 175 cc,Việt Nam,2.530000000000001
37.5,25.09,29.45,Piaggio,Vespa,2016,1,Tay ga,100 - 175 cc,Đang cập nhật,4.359999999999999
32.5,12.59,14.78,Honda,Air Blade,2010,34000,Tay ga,100 - 175 cc,Thái Lan,2.1899999999999995
48.5,49.35,57.93,Honda,SH Mode,2022,18903,Tay ga,100 - 175 cc,Việt Nam,8.579999999999998
19.0,13.28,15.59,Honda,Dylan,2006,34000,Tay ga,100 - 175 cc,Việt Nam,2.3100000000000005
115.0,79.75,93.62,Honda,Rebel,2019,33000,Tay côn/Moto,Trên 175 cc,Đang cập nhật,13.870000000000005
7.5,6.1,7.16,Honda,Lead,2009,20000,Tay ga,100 - 175 cc,Đang cập nhật,1.0600000000000005
20.0,15.9,18.67,Honda,Air Blade,2015,70000,Tay ga,100 - 175 cc,Đang cập nhật,2.7700000000000014
35.0,27.45,32.22,Honda,Lead,2020,800,Tay ga,100 - 175 cc,Việt Nam,4.77
19.0,24.04,28.22,Honda,Dòng khác,2022,700,Tay ga,Trên 175 cc,Nhật Bản,4.18
8.6,15.14,17.78,Yamaha,Jupiter,2020,50000,Xe số,100 - 175 cc,Việt Nam,2.6400000000000006
330.0,14.53,17.05,Hãng khác,V-Rod,2024,2000,Tay côn/Moto,Trên 175 cc,Nước khác,2.5200000000000014
31.0,8.99,10.56,Honda,Air Blade,2012,32000,Tay ga,100 - 175 cc,Thái Lan,1.5700000000000003
135.0,98.4,115.51,Honda,SH,2010,20007,Tay ga,100 - 175 cc,Nước khác,17.11
68.0,98.4,115.51,Honda,SH,2010,10,Tay ga,100 - 175 cc,Việt Nam,17.11
30.0,26.58,31.2,Honda,Future,2023,40000,Xe số,100 - 175 cc,Việt Nam,4.620000000000001
9.0,6.61,7.76,Yamaha,Luvias,2012,76000,Tay ga,100 - 175 cc,Đang cập nhật,1.1499999999999995
34.5,31.1,36.51,Yamaha,R,2020,8000,Tay côn/Moto,100 - 175 cc,Việt Nam,5.409999999999997
83.5,98.4,115.51,Honda,SH,2010,37925,Tay ga,100 - 175 cc,Nước khác,17.11
32.5,19.03,22.34,Honda,Spacy,1997,8000,Tay ga,100 - 175 cc,Nhật Bản,3.3099999999999987
71.0,63.6,74.66,Piaggio,GTS,2020,25000,Tay ga,Trên 175 cc,Đang cập nhật,11.059999999999995
34.0,28.79,33.8,Yamaha,Exciter,2022,15000,Tay côn/Moto,100 - 175 cc,Nhật Bản,5.009999999999998
6.3,6.86,8.05,Piaggio,Liberty,2012,360000,Tay ga,100 - 175 cc,Nước khác,1.1900000000000004
24.7,22.99,26.99,Yamaha,Nvx,2019,25000,Tay ga,100 - 175 cc,Việt Nam,4.0
11.5,9.2,10.8,Honda,Vision,2010,50000,Tay ga,100 - 175 cc,Việt Nam,1.6000000000000014
70.0,65.71,77.13,Honda,SH,2020,6000,Tay ga,100 - 175 cc,Đang cập nhật,11.420000000000002
23.0,19.92,23.38,Yamaha,Exciter,2019,33000,Tay côn/Moto,100 - 175 cc,Việt Nam,3.4599999999999973
115.0,111.87,131.33,Honda,SH,2011,24978,Tay ga,100 - 175 cc,Việt Nam,19.460000000000008
6.0,3.95,4.64,Hãng khác,Dòng khác,2008,50000,Xe số,50 - 100 cc,Trung Quốc,0.6899999999999995
35.0,25.09,29.45,Hãng khác,BX 150,2018,560000,Tay côn/Moto,100 - 175 cc,Nước khác,4.359999999999999
45.0,38.21,44.86,Piaggio,Vespa,2018,23807,Tay ga,100 - 175 cc,Việt Nam,6.649999999999999
30.0,31.06,36.46,Yamaha,R,2019,50000,Tay côn/Moto,50 - 100 cc,Đang cập nhật,5.400000000000002
7.0,6.88,8.07,Honda,Click,2008,72000,Tay ga,100 - 175 cc,Thái Lan,1.1900000000000004
18.0,12.59,14.78,Honda,Air Blade,2010,50000,Tay ga,100 - 175 cc,Nhật Bản,2.1899999999999995
17.0,15.8,18.55,Yamaha,Exciter,2011,20000,Xe số,100 - 175 cc,Việt Nam,2.75
18.0,10.55,12.38,Honda,Wave,2002,28000,Xe số,100 - 175 cc,Đang cập nhật,1.83
27.0,25.09,29.45,Piaggio,Vespa,2016,40000,Tay ga,100 - 175 cc,Đang cập nhật,4.359999999999999
13.0,11.67,13.71,Honda,Wave,2020,23,Xe số,50 - 100 cc,Nước khác,2.040000000000001
35.5,45.7,53.64,Honda,Click,2017,780000,Tay ga,100 - 175 cc,Nước khác,7.939999999999998
68.0,81.15,95.26,Honda,CB,2021,22000,Tay côn/Moto,100 - 175 cc,Thái Lan,14.11
110.0,15.08,17.71,Honda,Dream,1995,59000,Xe số,50 - 100 cc,Thái Lan,2.630000000000001
40.0,39.18,45.99,Honda,SH,2015,160000,Tay ga,100 - 175 cc,Việt Nam,6.810000000000002
12.0,10.11,11.87,Piaggio,Liberty,2014,38000,Tay ga,100 - 175 cc,Việt Nam,1.7599999999999998
17.0,17.08,20.05,Honda,Winner X,2020,52000,Xe số,100 - 175 cc,Nhật Bản,2.9700000000000024
5.0,9.73,11.42,Honda,Wave,2016,40000,Xe số,100 - 175 cc,Trung Quốc,1.6899999999999995
12.0,13.87,16.28,Honda,Winner,2016,72000,Tay côn/Moto,100 - 175 cc,Việt Nam,2.410000000000002
99.999999,98.4,115.51,Honda,SH,2010,9999,Tay ga,100 - 175 cc,Việt Nam,17.11
14.2,28.0,32.86,Honda,Vision,2023,23000,Tay ga,100 - 175 cc,Việt Nam,4.859999999999999
20.0,19.42,22.8,Yamaha,Nvx,2017,20000,Tay ga,100 - 175 cc,Việt Nam,3.379999999999999
45.0,40.61,47.67,Honda,SH,2008,57482,Tay ga,100 - 175 cc,Nước khác,7.060000000000002
16.5,18.95,22.24,Honda,Click,2013,34000,Tay ga,100 - 175 cc,Đang cập nhật,3.289999999999999
25.0,13.14,15.43,Honda,Blade,2008,45000,Tay ga,100 - 175 cc,Thái Lan,2.289999999999999
75.0,62.76,73.68,Honda,SH,2019,40000,Tay ga,100 - 175 cc,Việt Nam,10.920000000000009
165.0,81.15,95.26,Honda,CB,2021,15000,Tay côn/Moto,Trên 175 cc,Thái Lan,14.11
18.0,17.83,20.93,Honda,Winner X,2021,36,Tay côn/Moto,100 - 175 cc,Nhật Bản,3.1000000000000014
75.0,40.61,47.67,Honda,SH,2008,50000,Tay ga,100 - 175 cc,Nước khác,7.060000000000002
15.0,6.74,7.91,Piaggio,Vespa,2011,83366,Tay ga,100 - 175 cc,Việt Nam,1.17
7.5,5.98,7.02,Yamaha,Luvias,2011,30000,Tay ga,100 - 175 cc,Đang cập nhật,1.0399999999999991
30.5,32.95,38.68,Honda,Vario,2022,8500,Tay ga,100 - 175 cc,Nhật Bản,5.729999999999997
17.0,13.34,15.66,Yamaha,Sirius,2023,40000,Xe số,100 - 175 cc,Việt Nam,2.3200000000000003
38.0,16.1,18.9,Yamaha,FZ,2014,2800,Tay côn/Moto,100 - 175 cc,Nước khác,2.799999999999997
18.0,17.83,20.93,Honda,Winner X,2021,36,Tay côn/Moto,100 - 175 cc,Nước khác,3.1000000000000014
8.9,52.61,61.76,Honda,Dòng khác,2023,50000,Xe số,100 - 175 cc,Việt Nam,9.149999999999999
78.4,72.13,84.67,Hãng khác,Dòng khác,2023,15600,Tay côn/Moto,Trên 175 cc,Nước khác,12.540000000000006
14.3,14.26,16.74,Honda,Chaly,2023,220,Xe số,Dưới 50 cc,Thái Lan,2.4799999999999986
16.0,12.59,14.78,Honda,Air Blade,2010,45000,Tay ga,100 - 175 cc,Việt Nam,2.1899999999999995
14.0,16.16,18.97,Yamaha,Exciter,2015,300000,Tay côn/Moto,100 - 175 cc,Việt Nam,2.8099999999999987
46.0,65.28,76.63,Honda,SH,2009,45000,Tay ga,100 - 175 cc,Nước khác,11.349999999999994
8.0,6.12,7.18,Yamaha,Sirius,2010,9575,Xe số,50 - 100 cc,Việt Nam,1.0599999999999996
60.0,41.35,48.54,Honda,Vario,2018,35000,Tay ga,100 - 175 cc,Nước khác,7.189999999999998
39.5,17.14,20.13,Honda,Future,2005,60000,Xe số,100 - 175 cc,Nhật Bản,2.9899999999999984
15.5,14.62,17.16,Yamaha,Exciter,2016,48000,Tay côn/Moto,100 - 175 cc,Việt Nam,2.540000000000001
29.9,24.84,29.16,Suzuki,Dòng khác,2023,15500,Tay ga,50 - 100 cc,Nước khác,4.32
112.0,74.57,87.54,Honda,SH,2022,9000,Tay ga,Trên 175 cc,Thái Lan,12.970000000000013
45.0,24.84,29.16,Honda,CB,2009,10000,Tay côn/Moto,Trên 175 cc,Nước khác,4.32
9.2,6.91,8.11,Honda,Air Blade,2007,9999,Tay ga,100 - 175 cc,Việt Nam,1.1999999999999993
43.0,40.49,47.53,Yamaha,Grande,2024,4500,Tay ga,100 - 175 cc,Đang cập nhật,7.039999999999999
7.0,6.91,8.11,Honda,Air Blade,2007,39000,Tay ga,100 - 175 cc,Việt Nam,1.1999999999999993
4.9,4.21,4.94,Hãng khác,Dòng khác,2007,99999,Xe số,50 - 100 cc,Đài Loan,0.7300000000000004
60.0,15.9,18.67,Honda,Air Blade,2015,800000,Tay ga,100 - 175 cc,Nhật Bản,2.7700000000000014
32.5,26.28,30.85,Suzuki,GSX,2020,25000,Tay côn/Moto,100 - 175 cc,Nước khác,4.57
14.8,13.83,16.24,Honda,Air Blade,2013,333333,Tay ga,100 - 175 cc,Việt Nam,2.4099999999999984
300.0,3.117,3.659,Hãng khác,Street Triple,2022,8000,Tay côn/Moto,Trên 175 cc,Đang cập nhật,0.5419999999999998
8.0,8.35,9.81,Yamaha,Sirius,2017,30000,Xe số,100 - 175 cc,Nhật Bản,1.4600000000000009
26.5,20.71,24.32,Honda,Air Blade,2017,33267,Tay ga,100 - 175 cc,Việt Nam,3.6099999999999994
19.5,10.55,12.38,Honda,Wave,2002,50000,Xe số,100 - 175 cc,Thái Lan,1.83
5.3,3.42,4.02,SYM,Elegant,2010,100000,Xe số,100 - 175 cc,Đài Loan,0.5999999999999996
23.0,20.05,23.54,Honda,Future,2006,25743,Xe số,100 - 175 cc,Việt Nam,3.4899999999999984
36.599,25.09,29.45,Piaggio,Vespa,2016,12000,Tay ga,100 - 175 cc,Nước khác,4.359999999999999
78.0,74.57,87.54,Honda,SH,2022,18810,Tay ga,100 - 175 cc,Đang cập nhật,12.970000000000013
42.0,36.78,43.18,Yamaha,Nvx,2022,33000,Tay ga,100 - 175 cc,Đang cập nhật,6.399999999999999
9.5,12.59,14.78,Honda,Air Blade,2010,21000,Tay ga,100 - 175 cc,Việt Nam,2.1899999999999995
6.8,7.27,8.54,Honda,Wave,2007,80,Xe số,50 - 100 cc,Đang cập nhật,1.2699999999999996
19.0,14.27,16.76,Honda,Wave,2023,9000,Xe số,100 - 175 cc,Việt Nam,2.490000000000002
5.5,6.58,7.72,Honda,Wave,2011,75000,Xe số,100 - 175 cc,Việt Nam,1.1399999999999997
5.0,16.31,19.14,Honda,Wave,2024,10000,Xe số,100 - 175 cc,Việt Nam,2.830000000000002
10.0,31.0,36.4,Yamaha,Dòng khác,2025,0,Xe số,100 - 175 cc,Việt Nam,5.399999999999999
3.2,3.04,3.56,Hãng khác,Max,2011,686868,Xe số,50 - 100 cc,Hàn Quốc,0.52
3.9,4.06,4.76,SYM,Attila,2014,30000,Tay ga,100 - 175 cc,Đài Loan,0.7000000000000002
9.0,8.99,10.56,Honda,Air Blade,2012,42800,Tay ga,50 - 100 cc,Việt Nam,1.5700000000000003
16.5,8.41,9.87,Honda,Citi,1998,49999,Xe số,50 - 100 cc,Hàn Quốc,1.459999999999999
36.9,32.29,37.91,Honda,Air Blade,2021,40000,Tay ga,100 - 175 cc,Việt Nam,5.619999999999997
19.0,16.53,19.41,Honda,Lead,2016,27000,Tay ga,100 - 175 cc,Việt Nam,2.879999999999999
7.0,5.41,6.35,Piaggio,LX,2009,20000,Tay ga,100 - 175 cc,Việt Nam,0.9399999999999995
2.9,3.04,3.56,Hãng khác,Max,2011,686868,Xe số,50 - 100 cc,Hàn Quốc,0.52
12.0,12.15,14.27,Honda,Vision,2014,5000,Tay ga,100 - 175 cc,Đang cập nhật,2.119999999999999
3.5,3.41,4.0,Hãng khác,Dòng khác,2009,40000,Xe số,50 - 100 cc,Đài Loan,0.5899999999999999
8.5,8.99,10.56,Honda,Air Blade,2012,200000,Tay ga,100 - 175 cc,Việt Nam,1.5700000000000003
12.5,7.98,9.37,Honda,Lead,2012,55000,Tay ga,100 - 175 cc,Việt Nam,1.3899999999999988
12.5,8.99,10.56,Honda,Air Blade,2012,25000,Tay ga,100 - 175 cc,Việt Nam,1.5700000000000003
13.5,11.43,13.42,Honda,Dylan,2015,60000,Tay ga,100 - 175 cc,Nhật Bản,1.9900000000000002
10.5,7.98,9.37,Yamaha,Sirius,2016,56000,Xe số,100 - 175 cc,Nhật Bản,1.3899999999999988
38.5,41.13,48.28,Honda,PCX,2019,28000,Tay ga,100 - 175 cc,Việt Nam,7.149999999999999
7.8,6.47,7.6,SYM,Angela,2014,50,Xe số,100 - 175 cc,Nhật Bản,1.13
10.5,13.66,16.04,Honda,Wave,2021,80000,Xe số,100 - 175 cc,Nhật Bản,2.379999999999999
7.0,34.12,40.05,Piaggio,Vespa,2025,20000,Tay ga,Không biết rõ,Việt Nam,5.93
32.0,35.7,41.9,Piaggio,Vespa,2017,39000,Tay ga,100 - 175 cc,Đang cập nhật,6.199999999999996
70.0,72.53,85.14,Piaggio,Vespa,2024,4000,Tay ga,100 - 175 cc,Việt Nam,12.61
33.0,17.14,20.13,Honda,Future,2005,19600,Xe số,100 - 175 cc,Thái Lan,2.9899999999999984
40.0,40.61,47.67,Honda,SH,2008,20000,Tay ga,100 - 175 cc,Nước khác,7.060000000000002
7.0,6.68,7.84,Honda,Lead,2010,15000,Tay ga,100 - 175 cc,Đang cập nhật,1.1600000000000001
6.8,7.55,8.86,SYM,Attila,2016,30000,Tay ga,100 - 175 cc,Hàn Quốc,1.3099999999999996
9.0,7.62,8.94,Honda,Air Blade,2008,49000,Tay ga,100 - 175 cc,Việt Nam,1.3199999999999994
24.9,21.51,25.25,Honda,Future,2007,28364,Xe số,100 - 175 cc,Việt Nam,3.7399999999999984
17.0,16.31,19.14,Honda,Wave,2024,1500,Xe số,100 - 175 cc,Việt Nam,2.830000000000002
46.0,44.41,52.13,Honda,SH,2016,38000,Tay ga,100 - 175 cc,Việt Nam,7.720000000000006
3.1,2.81,3.3,Hãng khác,Max,2010,686868,Xe số,50 - 100 cc,Hàn Quốc,0.48999999999999977
90.0,14.53,17.05,Hãng khác,Dòng khác,2023,52000,Tay côn/Moto,Trên 175 cc,Đang cập nhật,2.5200000000000014
20.5,15.75,18.49,Yamaha,Exciter,2017,19330,Tay côn/Moto,100 - 175 cc,Nhật Bản,2.7399999999999984
23.8,21.87,25.67,Honda,Vision,2020,35000,Tay ga,100 - 175 cc,Đang cập nhật,3.8000000000000007
23.8,21.87,25.67,Honda,Vision,2020,35000,Tay ga,100 - 175 cc,Đang cập nhật,3.8000000000000007
8.7,37.72,44.28,Honda,CD,trước năm 1980,100000,Tay côn/Moto,50 - 100 cc,Nhật Bản,6.560000000000002
25.0,12.1,14.2,Piaggio,LX,2014,30000,Tay ga,100 - 175 cc,Việt Nam,2.0999999999999996
8.5,6.83,8.02,Yamaha,Luvias,2013,1,Tay ga,100 - 175 cc,Nhật Bản,1.1899999999999995
18.9,9.61,11.29,Piaggio,Zip,2021,3300,Tay ga,50 - 100 cc,Việt Nam,1.6799999999999997
22.5,21.87,25.67,Honda,Vision,2020,40000,Tay ga,100 - 175 cc,Nước khác,3.8000000000000007
55.0,37.85,44.43,Honda,Air Blade,2024,3568,Tay ga,100 - 175 cc,Việt Nam,6.579999999999998
3.0,3.25,3.81,Suzuki,Hayate,2008,99999,Tay ga,100 - 175 cc,Đang cập nhật,0.56
3.2,17.45,20.48,Honda,Wave,2000,686868,Xe số,50 - 100 cc,Hàn Quốc,3.030000000000001
12.5,10.54,12.37,Honda,Vision,2012,15000,Tay ga,100 - 175 cc,Nhật Bản,1.83
10.5,10.02,11.76,Honda,Air Blade,2011,20000,Tay ga,100 - 175 cc,Việt Nam,1.7400000000000002
7.8,38.07,44.69,Honda,Air Blade,2025,9999,Tay ga,100 - 175 cc,Đang cập nhật,6.619999999999997
68.8,14.27,16.76,Honda,Wave,2023,1500,Xe số,100 - 175 cc,Thái Lan,2.490000000000002
1.85,3.04,3.56,Hãng khác,Max,2011,5000,Xe số,Dưới 50 cc,Nước khác,0.52
8.3,6.33,7.43,Yamaha,Sirius,2008,40000,Xe số,100 - 175 cc,Việt Nam,1.0999999999999996
22.0,24.75,29.06,Honda,Winner X,2023,17000,Tay côn/Moto,100 - 175 cc,Việt Nam,4.309999999999999
27.0,23.44,27.51,Honda,Winner X,2022,300000,Tay côn/Moto,100 - 175 cc,Đang cập nhật,4.07
8.7,9.73,11.42,Honda,Wave,2016,45800,Xe số,100 - 175 cc,Việt Nam,1.6899999999999995
12.5,10.49,12.31,Piaggio,LX,2013,30000,Tay ga,100 - 175 cc,Việt Nam,1.8200000000000003
10.5,10.02,11.76,Honda,Air Blade,2011,50000,Tay ga,100 - 175 cc,Nhật Bản,1.7400000000000002
26.5,19.01,22.32,Piaggio,Vespa,2014,41547,Tay ga,100 - 175 cc,Việt Nam,3.3099999999999987
13.0,14.53,17.05,Honda,MSX 125,2012,300000,Tay côn/Moto,100 - 175 cc,Nhật Bản,2.5200000000000014
48.0,44.41,52.13,Honda,SH,2016,80000,Tay ga,100 - 175 cc,Việt Nam,7.720000000000006
2.8,2.76,3.24,Hãng khác,Max,2013,686868,Xe số,50 - 100 cc,Hàn Quốc,0.4800000000000004
30.0,28.0,32.86,Honda,Vision,2023,15000,Tay ga,100 - 175 cc,Nhật Bản,4.859999999999999
13.0,15.13,17.76,Honda,PCX,2013,65000,Tay ga,100 - 175 cc,Việt Nam,2.630000000000001
2.9,6.14,7.21,Honda,Chaly,trước năm 1980,20000,Xe số,Dưới 50 cc,Nhật Bản,1.0700000000000003
16.5,9.35,10.98,Honda,Blade,2018,15000,Xe số,100 - 175 cc,Việt Nam,1.6300000000000008
75.0,55.2,64.8,Honda,SH,2017,21374,Tay ga,100 - 175 cc,Việt Nam,9.599999999999994
18.9,17.83,20.93,Honda,Winner X,2021,36000,Tay côn/Moto,100 - 175 cc,Việt Nam,3.1000000000000014
24.0,22.82,26.79,Honda,PCX,2014,160000,Tay ga,100 - 175 cc,Việt Nam,3.969999999999999
28.5,20.71,24.32,Honda,Air Blade,2017,50000,Tay ga,100 - 175 cc,Đang cập nhật,3.6099999999999994
36.0,32.11,37.7,Honda,Vario,2021,36999,Tay ga,100 - 175 cc,Nước khác,5.590000000000003
9.8,10.91,12.81,Honda,Dòng khác,2010,2000,Tay ga,Dưới 50 cc,Nhật Bản,1.9000000000000004
14.5,15.48,18.17,Honda,Vision,2015,333333,Tay ga,100 - 175 cc,Việt Nam,2.6900000000000013
9.0,10.02,11.76,Honda,Air Blade,2011,333333,Tay ga,100 - 175 cc,Việt Nam,1.7400000000000002
75.0,62.76,73.68,Honda,SH,2019,60000,Tay ga,100 - 175 cc,Việt Nam,10.920000000000009
12.0,13.82,16.22,Yamaha,Exciter,2012,30999,Tay côn/Moto,100 - 175 cc,Nhật Bản,2.3999999999999986
2.9,11.52,13.52,Honda,Wave,2004,1000,Xe số,100 - 175 cc,Trung Quốc,2.0
3.5,3.49,4.1,SYM,Elegant,2009,5000,Xe số,50 - 100 cc,Việt Nam,0.6099999999999994
4.2,6.82,8.01,Honda,Wave,2008,868686,Xe số,50 - 100 cc,Nhật Bản,1.1899999999999995
12.8,15.19,17.83,Honda,Air Blade,2014,32000,Tay ga,100 - 175 cc,Đang cập nhật,2.639999999999999
18.0,30.5,35.8,Honda,CG125Fi,2021,216847,Tay côn/Moto,100 - 175 cc,Đài Loan,5.299999999999997
12.5,11.6,13.62,Yamaha,Sirius,2022,70000,Xe số,100 - 175 cc,Đang cập nhật,2.0199999999999996
3.5,3.95,4.64,Hãng khác,Dòng khác,2008,1,Xe số,100 - 175 cc,Trung Quốc,0.6899999999999995
7.5,7.36,8.64,Honda,Click,2007,80000,Tay ga,100 - 175 cc,Việt Nam,1.2800000000000002
69.5,55.2,64.8,Honda,SH,2017,47000,Tay ga,100 - 175 cc,Việt Nam,9.599999999999994
6.9,6.83,8.02,Yamaha,Luvias,2013,25000,Tay ga,100 - 175 cc,Việt Nam,1.1899999999999995
11.0,14.51,17.04,Yamaha,Exciter,2013,25000,Tay côn/Moto,50 - 100 cc,Nhật Bản,2.5299999999999994
16.5,14.57,17.1,Honda,Winner,2018,28000,Tay côn/Moto,100 - 175 cc,Nhật Bản,2.530000000000001
8.5,8.35,9.81,Yamaha,Sirius,2017,43448,Xe số,100 - 175 cc,Việt Nam,1.4600000000000009
2.8,11.95,14.03,Honda,Cub,1993,65896,Xe số,Dưới 50 cc,Nhật Bản,2.08
30.0,28.0,32.86,Honda,Vision,2023,15000,Tay ga,100 - 175 cc,Nhật Bản,4.859999999999999
11.0,9.35,10.98,Honda,Blade,2018,100000,Xe số,100 - 175 cc,Nhật Bản,1.6300000000000008
31.0,26.0,30.52,Yamaha,PG-1,2024,4200,Xe số,100 - 175 cc,Nước khác,4.52
12.0,13.38,15.71,Honda,Winner,2017,50000,Tay côn/Moto,100 - 175 cc,Việt Nam,2.33
11.5,17.14,20.13,Honda,Future,2005,50000,Xe số,100 - 175 cc,Nhật Bản,2.9899999999999984
15.9,17.08,20.05,Honda,Winner X,2020,9999,Tay côn/Moto,100 - 175 cc,Việt Nam,2.9700000000000024
11.0,14.1,16.55,Honda,Wave,2022,100000,Xe số,100 - 175 cc,Việt Nam,2.450000000000001
6.5,7.45,8.74,Piaggio,Liberty,2013,50,Tay ga,100 - 175 cc,Đang cập nhật,1.29
39.0,32.11,37.7,Honda,Vario,2021,22000,Tay ga,100 - 175 cc,Việt Nam,5.590000000000003
10.0,14.53,17.05,Suzuki,Raider,2025,100000,Tay côn/Moto,100 - 175 cc,Việt Nam,2.5200000000000014
6.0,3.66,4.3,Hãng khác,Dòng khác,2002,30000,Tay côn/Moto,50 - 100 cc,Nước khác,0.6399999999999997
5.0,4.42,5.18,SYM,Attila,2018,16000,Tay ga,Không biết rõ,Đang cập nhật,0.7599999999999998
7.9,7.65,8.98,Honda,Wave,2013,52000,Xe số,100 - 175 cc,Việt Nam,1.33
10.0,14.53,17.05,Hãng khác,Candy S,2018,42000,Tay ga,Dưới 50 cc,Đài Loan,2.5200000000000014
18.0,22.85,26.82,Honda,Future,2020,64000,Xe số,100 - 175 cc,Việt Nam,3.969999999999999
6.6,8.6,10.1,Honda,Air Blade,2009,30000,Tay ga,100 - 175 cc,Việt Nam,1.5
25.0,14.76,17.33,Honda,Cub,1992,90000,Xe số,50 - 100 cc,Nhật Bản,2.5699999999999985
31.0,72.21,84.76,Honda,CBR,2019,40000,Tay côn/Moto,100 - 175 cc,Nước khác,12.550000000000011
98.0,98.4,115.51,Honda,SH,2010,54500,Tay ga,100 - 175 cc,Nước khác,17.11
13.0,10.49,12.31,Piaggio,LX,2013,19000,Tay ga,100 - 175 cc,Nước khác,1.8200000000000003
23.0,19.92,23.38,Yamaha,Exciter,2019,20000,Tay côn/Moto,100 - 175 cc,Việt Nam,3.4599999999999973
17.5,12.59,14.78,Honda,Air Blade,2010,38101,Tay ga,100 - 175 cc,Việt Nam,2.1899999999999995
19.0,22.99,26.99,Yamaha,Nvx,2019,39500,Tay ga,100 - 175 cc,Đang cập nhật,4.0
40.0,17.45,20.48,Honda,Wave,2000,410000,Xe số,100 - 175 cc,Thái Lan,3.030000000000001
4.5,3.6,4.23,Suzuki,Hayate,2011,55555,Tay ga,100 - 175 cc,Nhật Bản,0.6300000000000003
3.9,4.79,5.63,Suzuki,Revo,2012,25000,Xe số,100 - 175 cc,Nhật Bản,0.8399999999999999
23.5,17.33,20.34,Honda,Spacy,1999,25000,Tay ga,Trên 175 cc,Nhật Bản,3.0100000000000016
45.0,43.32,50.85,Yamaha,R,2022,1500,Tay ga,100 - 175 cc,Hàn Quốc,7.530000000000001
18.0,19.98,23.46,Honda,Air Blade,2016,100000,Tay ga,100 - 175 cc,Việt Nam,3.4800000000000004
4.0,10.55,12.38,Honda,Wave,2002,868686,Xe số,Dưới 50 cc,Hàn Quốc,1.83
42.0,36.71,43.1,Honda,Air Blade,2023,26000,Tay ga,100 - 175 cc,Việt Nam,6.390000000000001
0.117,72.21,84.76,Honda,CBR,2019,30000,Tay côn/Moto,Trên 175 cc,Nhật Bản,12.550000000000011
15.0,22.35,26.24,Honda,Air Blade,2018,77000,Tay ga,100 - 175 cc,Nhật Bản,3.889999999999997
175.0,100.5,117.98,Honda,CB,2022,6000,Tay côn/Moto,Trên 175 cc,Việt Nam,17.480000000000004
15.0,14.62,17.16,Yamaha,Exciter,2016,50000,Tay côn/Moto,100 - 175 cc,Nhật Bản,2.540000000000001
20.4,13.82,16.22,Yamaha,Sirius,2024,4500,Xe số,100 - 175 cc,Nhật Bản,2.3999999999999986
4.7,5.1,5.99,Yamaha,Mio,2009,20000,Tay ga,100 - 175 cc,Việt Nam,0.8900000000000006
10.5,13.82,16.22,Yamaha,Exciter,2012,123456,Tay côn/Moto,100 - 175 cc,Nước khác,2.3999999999999986
53.5,49.35,57.93,Honda,SH Mode,2022,12000,Tay ga,100 - 175 cc,Việt Nam,8.579999999999998
7.7,7.65,8.98,Honda,Wave,2013,55000,Xe số,100 - 175 cc,Việt Nam,1.33
39.0,44.41,52.13,Honda,SH,2016,36000,Tay ga,100 - 175 cc,Việt Nam,7.720000000000006
15.5,16.88,19.81,Honda,Vision,2016,277000,Tay ga,100 - 175 cc,Nhật Bản,2.9299999999999997
22.0,9.18,10.78,Honda,67,1997,9999,Xe số,Dưới 50 cc,Đang cập nhật,1.5999999999999996
4.2,11.52,13.52,Honda,Dream,2001,68686,Xe số,50 - 100 cc,Hàn Quốc,2.0
19.5,13.85,16.26,Yamaha,Janus,2018,18000,Tay ga,100 - 175 cc,Việt Nam,2.410000000000002
8.5,14.53,17.05,Hãng khác,Dòng khác,2000,2000,Tay ga,Dưới 50 cc,Hàn Quốc,2.5200000000000014
23.6,21.52,25.26,Suzuki,Satria,2020,18800,Xe số,100 - 175 cc,Nước khác,3.740000000000002
18.0,17.09,20.06,Yamaha,Exciter,2018,26000,Tay côn/Moto,100 - 175 cc,Việt Nam,2.969999999999999
15.0,17.09,20.06,Yamaha,Exciter,2018,26000,Tay côn/Moto,100 - 175 cc,Việt Nam,2.969999999999999
32.0,27.45,32.22,Honda,Lead,2020,13000,Tay ga,100 - 175 cc,Việt Nam,4.77
6.999999,41.82,49.09,Suzuki,GN,2020,50000,Tay côn/Moto,100 - 175 cc,Nước khác,7.270000000000003
28.5,9.61,11.28,Honda,Dream,2000,50000,Xe số,50 - 100 cc,Thái Lan,1.67
18.9,17.08,20.05,Honda,Winner X,2020,38000,Tay côn/Moto,100 - 175 cc,Nhật Bản,2.9700000000000024
31.0,28.79,33.8,Yamaha,Exciter,2022,9000,Tay côn/Moto,100 - 175 cc,Việt Nam,5.009999999999998
25.0,19.45,22.83,Honda,Spacy,2000,100000,Tay ga,100 - 175 cc,Nhật Bản,3.379999999999999
2.8,11.52,13.52,Honda,Wave,2004,1000,Xe số,100 - 175 cc,Trung Quốc,2.0
9.8,9.43,11.07,Yamaha,Luvias,2016,20000,Tay ga,100 - 175 cc,Việt Nam,1.6400000000000006
9.4,10.02,11.76,Honda,Air Blade,2011,80000,Tay ga,100 - 175 cc,Việt Nam,1.7400000000000002
6.7,6.33,7.43,Yamaha,Sirius,2008,50000,Xe số,50 - 100 cc,Thái Lan,1.0999999999999996
320.0,50.6,59.4,Yamaha,YAZ,2001,8888,Tay côn/Moto,100 - 175 cc,Đang cập nhật,8.799999999999997
7.0,4.21,4.94,Hãng khác,Dòng khác,2007,10000,Tay côn/Moto,100 - 175 cc,Đang cập nhật,0.7300000000000004
3.5,4.01,4.71,Yamaha,Nouvo,2010,50000,Tay ga,100 - 175 cc,Đang cập nhật,0.7000000000000002
34.0,28.36,33.3,Honda,Scoopy,2021,220000,Tay ga,100 - 175 cc,Nước khác,4.939999999999998
72.0,28.0,32.86,Honda,Vision,2023,7000,Tay ga,100 - 175 cc,Việt Nam,4.859999999999999
20.0,14.53,17.05,Honda,PCX,2008,50000,Tay ga,100 - 175 cc,Việt Nam,2.5200000000000014
32.0,39.18,45.99,Honda,SH,2015,30,Tay ga,100 - 175 cc,Đang cập nhật,6.810000000000002
4.5,3.55,4.17,Hãng khác,Dòng khác,2010,0,Xe số,100 - 175 cc,Đang cập nhật,0.6200000000000001
5.9,6.22,7.3,Yamaha,Sirius,2009,100000,Xe số,100 - 175 cc,Nhật Bản,1.08
6.7,8.6,10.1,Honda,Air Blade,2009,35000,Tay ga,100 - 175 cc,Đang cập nhật,1.5
2.5,4.32,5.07,SYM,Elizabeth,2013,72000,Tay ga,100 - 175 cc,Đài Loan,0.75
75.0,28.0,32.86,Honda,Vision,2023,4000,Tay ga,100 - 175 cc,Việt Nam,4.859999999999999
11.5,11.67,13.71,Honda,Wave,2020,30000,Xe số,100 - 175 cc,Việt Nam,2.040000000000001
3.9,6.21,7.29,Yamaha,Mio,2005,10000,Tay ga,100 - 175 cc,Nước khác,1.08
90.0,28.0,32.86,Honda,Vision,2023,9000,Tay côn/Moto,100 - 175 cc,Việt Nam,4.859999999999999
29.9,29.98,35.19,Honda,Scoopy,2022,22128,Tay ga,100 - 175 cc,Nước khác,5.209999999999997
15.0,8.43,9.89,Honda,@,2002,55000,Tay ga,100 - 175 cc,Nhật Bản,1.4600000000000009
48.0,44.41,52.13,Honda,SH,2016,80000,Tay ga,100 - 175 cc,Việt Nam,7.720000000000006
40.0,41.35,48.54,Honda,Vario,2018,8000,Tay ga,100 - 175 cc,Nước khác,7.189999999999998
18.0,16.31,19.14,Honda,Wave,2024,20000,Xe số,100 - 175 cc,Nước khác,2.830000000000002
35.9,36.71,43.1,Honda,Air Blade,2023,15000,Tay ga,100 - 175 cc,Việt Nam,6.390000000000001
22.5,13.86,16.27,Yamaha,Exciter,2014,3999,Tay côn/Moto,100 - 175 cc,Nhật Bản,2.41
4.5678,1.93,2.26,Yamaha,Dòng khác,2007,12345,Tay ga,100 - 175 cc,Nước khác,0.32999999999999985
41.5,33.2,38.97,Honda,SH,2007,50000,Tay ga,100 - 175 cc,Nhật Bản,5.769999999999996
41.2,33.2,38.97,Honda,SH,2007,50000,Tay ga,100 - 175 cc,Nhật Bản,5.769999999999996
9.5,2.73,3.2,Yamaha,Nouvo,2005,29000,Tay ga,100 - 175 cc,Thái Lan,0.4700000000000002
10.2,7.7,9.04,Yamaha,Jupiter,2013,500000,Xe số,100 - 175 cc,Việt Nam,1.339999999999999
3.6,10.55,12.38,Honda,Wave,2002,68686,Xe số,50 - 100 cc,Thái Lan,1.83
40.0,35.87,42.11,Honda,Lead,2023,28000,Tay ga,100 - 175 cc,Việt Nam,6.240000000000002
11.0,8.9,10.45,Honda,Blade,2017,30000,Xe số,100 - 175 cc,Đang cập nhật,1.549999999999999
8.5,6.87,8.06,Honda,Wave,2012,500000,Xe số,100 - 175 cc,Việt Nam,1.1900000000000004
23.5,20.52,24.08,Piaggio,Primavera,2015,30000,Tay ga,100 - 175 cc,Nhật Bản,3.5599999999999987
6.5,6.23,7.31,Yamaha,Sirius,2011,40000,Xe số,100 - 175 cc,Nhật Bản,1.0799999999999992
15.0,12.59,14.78,Honda,Air Blade,2010,45286,Tay ga,100 - 175 cc,Việt Nam,2.1899999999999995
25.0,43.1,50.6,Piaggio,Vespa,2019,150000,Tay ga,100 - 175 cc,Nhật Bản,7.5
2.5,3.16,3.71,Yamaha,Nouvo,2008,100000,Tay ga,100 - 175 cc,Việt Nam,0.5499999999999998
24.0,22.99,26.99,Yamaha,Nvx,2019,52895,Tay ga,100 - 175 cc,Việt Nam,4.0
7.5,6.06,7.11,Honda,Wave,2010,222229,Xe số,100 - 175 cc,Việt Nam,1.0500000000000007
28.0,17.14,20.13,Honda,Future,2005,9999,Xe số,100 - 175 cc,Việt Nam,2.9899999999999984
16.0,14.62,17.16,Yamaha,Exciter,2016,100000,Tay côn/Moto,100 - 175 cc,Nhật Bản,2.540000000000001
25.0,31.94,37.49,Honda,Vario,2020,15000,Tay ga,100 - 175 cc,Nước khác,5.550000000000001
18.5,12.56,14.75,Hãng khác,Dòng khác,2024,40,Tay ga,Dưới 50 cc,Việt Nam,2.1899999999999995
61.5,74.57,87.54,Honda,SH,2022,27500,Tay ga,100 - 175 cc,Việt Nam,12.970000000000013
5.99,5.2,6.1,Piaggio,Vespa,2010,45000,Tay ga,100 - 175 cc,Đang cập nhật,0.8999999999999995
15.0,16.16,18.97,Yamaha,Exciter,2015,36000,Tay côn/Moto,100 - 175 cc,Đang cập nhật,2.8099999999999987
3.5,6.41,7.53,Hãng khác,Max,2015,68686,Xe số,Dưới 50 cc,Hàn Quốc,1.12
7.779339,4.55,5.34,Hãng khác,Dòng khác,2015,9999,Tay côn/Moto,100 - 175 cc,Việt Nam,0.79
15.0,29.05,34.1,Suzuki,Sport / Xipo,2003,1000,Tay côn/Moto,100 - 175 cc,Nước khác,5.050000000000001
5.5,7.45,8.74,Piaggio,Liberty,2013,30000,Tay ga,100 - 175 cc,Việt Nam,1.29
27.0,43.1,50.6,Piaggio,Vespa,2019,12000,Tay ga,100 - 175 cc,Nước khác,7.5
24.5,10.41,12.22,Honda,Dream,2005,238000,Xe số,100 - 175 cc,Việt Nam,1.8100000000000005
24.0,23.78,27.91,Honda,Air Blade,2019,39000,Tay ga,100 - 175 cc,Đang cập nhật,4.129999999999999
8.5,13.66,16.04,Honda,Wave,2021,60000,Xe số,100 - 175 cc,Việt Nam,2.379999999999999
25.0,13.82,16.22,Yamaha,Exciter,2012,28000,Xe số,100 - 175 cc,Việt Nam,2.3999999999999986
7.0,6.61,7.76,Yamaha,Luvias,2012,60000,Tay ga,100 - 175 cc,Nước khác,1.1499999999999995
25.9,17.83,20.93,Honda,Winner X,2021,3000,Tay côn/Moto,100 - 175 cc,Việt Nam,3.1000000000000014
6.8,5.41,6.35,Piaggio,LX,2009,30000,Tay ga,100 - 175 cc,Đang cập nhật,0.9399999999999995
9.0,8.99,10.56,Honda,Air Blade,2012,40000,Tay ga,100 - 175 cc,Đang cập nhật,1.5700000000000003
120.0,28.0,32.86,Honda,Vision,2023,900000,Tay côn/Moto,100 - 175 cc,Việt Nam,4.859999999999999
16.5,19.42,22.8,Yamaha,Nvx,2017,55000,Tay ga,100 - 175 cc,Việt Nam,3.379999999999999
38.0,39.39,46.24,Honda,PCX,2020,70000,Tay ga,100 - 175 cc,Đang cập nhật,6.850000000000001
2.3,5.26,6.18,Honda,Cub,2000,868686,Xe số,Dưới 50 cc,Nhật Bản,0.9199999999999999
33.5,31.94,37.49,Honda,Vario,2020,35000,Tay ga,100 - 175 cc,Thái Lan,5.550000000000001
8.2,14.53,17.05,Hãng khác,Dòng khác,2020,7700,Xe số,50 - 100 cc,Hàn Quốc,2.5200000000000014
11.5,7.7,9.04,Yamaha,Jupiter,2013,50000,Xe số,100 - 175 cc,Việt Nam,1.339999999999999
10.9,10.54,12.37,Honda,Vision,2012,10000,Tay ga,100 - 175 cc,Nhật Bản,1.83
8.8,3.41,4.0,Hãng khác,Dòng khác,2009,30000,Tay côn/Moto,100 - 175 cc,Nước khác,0.5899999999999999
6.2,7.98,9.37,Yamaha,Sirius,2016,8000,Xe số,Dưới 50 cc,Việt Nam,1.3899999999999988
5.9,11.95,14.03,Honda,Cub,1993,30000,Xe số,Dưới 50 cc,Nhật Bản,2.08
135.0,193.2,226.8,Hãng khác,Z900,2024,900000,Tay côn/Moto,Trên 175 cc,Nhật Bản,33.60000000000002
18.0,19.38,22.75,Honda,Lead,2017,15000,Tay ga,100 - 175 cc,Việt Nam,3.370000000000001
13.5,11.68,13.71,Honda,Wave,2019,50000,Xe số,100 - 175 cc,Nhật Bản,2.030000000000001
25.0,22.94,26.93,Honda,Lead,2018,200000,Tay ga,100 - 175 cc,Nhật Bản,3.9899999999999984
19.2,14.62,17.16,Yamaha,Exciter,2016,33333,Tay côn/Moto,100 - 175 cc,Việt Nam,2.540000000000001
2.8,11.06,12.99,Honda,Cub,2003,67890,Xe số,Dưới 50 cc,Nhật Bản,1.9299999999999997
8.7,11.03,12.95,Honda,Vision,2013,60000,Tay ga,100 - 175 cc,Nhật Bản,1.92
11.0,14.49,17.01,Honda,Dream,1996,320000,Xe số,100 - 175 cc,Đang cập nhật,2.5200000000000014
103.0,14.53,17.05,Hãng khác,Dòng khác,2023,2412,Tay côn/Moto,Trên 175 cc,Nước khác,2.5200000000000014
20.5,16.04,18.83,Honda,Winner,2019,23000,Tay côn/Moto,100 - 175 cc,Việt Nam,2.789999999999999
6.8,4.67,5.49,Honda,SCR,2007,1077,Tay ga,100 - 175 cc,Nhật Bản,0.8200000000000003
45.0,44.05,51.71,Honda,SH,2006,600000,Tay ga,100 - 175 cc,Nước khác,7.660000000000004
75.0,62.76,73.68,Honda,SH,2019,19000,Tay ga,100 - 175 cc,Việt Nam,10.920000000000009
6.3,7.25,8.51,Honda,Lead,2011,50000,Tay ga,100 - 175 cc,Đang cập nhật,1.2599999999999998
19.0,13.83,16.24,Honda,Air Blade,2013,6789,Tay ga,100 - 175 cc,Việt Nam,2.4099999999999984
8.5,6.1,7.16,Honda,Lead,2009,6789,Tay ga,100 - 175 cc,Việt Nam,1.0600000000000005
17.0,13.38,15.71,Honda,Winner,2017,66812,Tay côn/Moto,100 - 175 cc,Việt Nam,2.33
1.0,6.61,7.76,Honda,Cub,1981,500000,Xe số,Dưới 50 cc,Nhật Bản,1.1499999999999995
35.5,26.94,31.63,Honda,Future,2008,888,Xe số,100 - 175 cc,Việt Nam,4.689999999999998
18.0,20.85,24.48,Honda,Future,2019,35000,Xe số,100 - 175 cc,Nhật Bản,3.629999999999999
9.0,3.68,4.32,Hãng khác,Dòng khác,2010,22000,Tay ga,100 - 175 cc,Nước khác,0.6400000000000001
12.6,7.97,9.36,Honda,Wave,2014,24907,Xe số,100 - 175 cc,Nhật Bản,1.3899999999999997
20.0,13.8,16.21,Honda,Dream,2004,15000,Xe số,100 - 175 cc,Việt Nam,2.41
8.0,7.33,8.6,Honda,Click,2007,30000,Tay ga,100 - 175 cc,Việt Nam,1.2699999999999996
21.0,19.32,22.68,Hãng khác,Rock,2024,560,Xe số,100 - 175 cc,Thái Lan,3.3599999999999994
7.5,9.51,11.16,Honda,Blade,2017,55000,Xe số,100 - 175 cc,Nhật Bản,1.6500000000000004
17.5,14.19,16.66,Honda,Wave,2023,10000,Xe số,100 - 175 cc,Việt Nam,2.4700000000000006
52.0,51.28,60.19,Honda,Vario,2017,45000,Tay ga,100 - 175 cc,Nước khác,8.909999999999997
23.0,20.04,23.53,Honda,Air Blade,2016,40000,Xe số,100 - 175 cc,Việt Nam,3.490000000000002
5.4,6.45,7.57,Honda,Win,2011,44444,Tay côn/Moto,100 - 175 cc,Hàn Quốc,1.12
23.5,20.04,23.53,Honda,Air Blade,2016,33333,Tay ga,100 - 175 cc,Việt Nam,3.490000000000002
156.0,13.61,15.98,Yamaha,Exciter,2014,6000,Xe số,100 - 175 cc,Thái Lan,2.370000000000001
35.0,24.85,29.17,Honda,Winner X,2023,2846,Tay côn/Moto,100 - 175 cc,Việt Nam,4.32
15.0,15.9,18.67,Yamaha,Cuxi,2013,20000,Tay ga,100 - 175 cc,Việt Nam,2.7700000000000014
28.5,17.08,20.05,Honda,Winner X,2020,1500,Tay côn/Moto,100 - 175 cc,Đang cập nhật,2.9700000000000024
22.5,11.35,13.32,Honda,Dream,2016,28000,Xe số,100 - 175 cc,Đang cập nhật,1.9700000000000006
55.0,44.64,52.4,Honda,SH,2006,25000,Tay ga,100 - 175 cc,Đang cập nhật,7.759999999999998
9.0,7.34,8.61,Honda,Lead,2011,70,Tay ga,100 - 175 cc,Nhật Bản,1.2699999999999996
3.8,3.5,4.1,SYM,Enjoy,2013,100,Tay ga,100 - 175 cc,Đài Loan,0.5999999999999996
33.0,30.2,35.45,Honda,Vario,2019,30000,Tay ga,100 - 175 cc,Việt Nam,5.2500000000000036
15.3,8.74,10.26,Honda,Chaly,1982,9999,Xe số,Dưới 50 cc,Nhật Bản,1.5199999999999996
10.8,9.85,11.56,Honda,Air Blade,2011,185000,Tay ga,100 - 175 cc,Việt Nam,1.7100000000000009
6.0,4.53,5.32,Piaggio,Zip,2006,19000,Tay ga,50 - 100 cc,Việt Nam,0.79
2.4,3.44,4.04,Hãng khác,Dòng khác,2003,33333,Xe số,100 - 175 cc,Hàn Quốc,0.6000000000000001
6.8,7.37,8.65,Honda,Wave,2013,10,Xe số,100 - 175 cc,Hàn Quốc,1.2800000000000002
27.0,22.73,26.69,Honda,Wave,1999,99999,Xe số,50 - 100 cc,Thái Lan,3.960000000000001
60.0,55.9,65.62,Honda,SH,2017,10000,Tay ga,Không biết rõ,Việt Nam,9.720000000000006
11.0,6.77,7.94,Honda,Wave,2008,99999,Xe số,100 - 175 cc,Đang cập nhật,1.1700000000000008
14.5,13.47,15.81,Yamaha,Sirius,2023,44000,Xe số,100 - 175 cc,Nhật Bản,2.34
17.0,9.94,11.67,Honda,Dòng khác,trước năm 1980,58888,Tay ga,Dưới 50 cc,Nhật Bản,1.7300000000000004
7.8,9.54,11.2,SYM,Elite,2019,21000,Tay ga,50 - 100 cc,Việt Nam,1.6600000000000001
45.0,41.4,48.6,Hãng khác,W175,2020,14000,Tay côn/Moto,100 - 175 cc,Thái Lan,7.200000000000003
37.0,8.01,9.41,Honda,Dylan,2005,65000,Tay ga,100 - 175 cc,Nước khác,1.4000000000000004
37.9,36.71,43.1,Honda,Air Blade,2023,14000,Tay ga,100 - 175 cc,Việt Nam,6.390000000000001
8.0,11.08,13.01,Honda,Cub,2019,20000,Xe số,Dưới 50 cc,Trung Quốc,1.9299999999999997
23.999999,6.78,7.96,Honda,Wave,2009,19999,Xe số,50 - 100 cc,Nhật Bản,1.1799999999999997
10.5,6.78,7.96,Honda,Wave,2009,40000,Xe số,100 - 175 cc,Việt Nam,1.1799999999999997
7.0,8.51,9.99,Honda,Dylan,2004,200000,Tay ga,100 - 175 cc,Nước khác,1.4800000000000004
160.0,111.75,131.19,Honda,SH,2011,20000,Tay ga,100 - 175 cc,Nước khác,19.439999999999998
32.5,36.06,42.33,Honda,Vario,2023,47000,Tay ga,100 - 175 cc,Nước khác,6.269999999999996
35.0,9.76,11.45,Honda,Dòng khác,2005,40000,Tay ga,100 - 175 cc,Đang cập nhật,1.6899999999999995
8.0,8.56,10.04,SYM,Angela,2018,25000,Xe số,Dưới 50 cc,Đài Loan,1.4799999999999986
27.0,24.84,29.16,Yamaha,Jupiter,2025,420,Xe số,100 - 175 cc,Việt Nam,4.32
37.0,33.65,39.5,Honda,Air Blade,2022,22000,Tay ga,100 - 175 cc,Việt Nam,5.850000000000001
27.5,28.44,33.39,Yamaha,Exciter,2022,2300,Tay côn/Moto,100 - 175 cc,Đang cập nhật,4.949999999999999
34.0,24.46,28.71,Honda,Future,2011,50000,Xe số,100 - 175 cc,Việt Nam,4.25
12.0,8.66,10.17,Piaggio,LX,2012,100,Tay ga,100 - 175 cc,Việt Nam,1.5099999999999998
168.0,66.96,78.61,Honda,SH,2009,10000,Tay ga,100 - 175 cc,Nước khác,11.650000000000006
2.8,3.73,4.38,SYM,Attila,2012,12000,Tay ga,100 - 175 cc,Đang cập nhật,0.6499999999999999
37.5,31.97,37.53,Honda,Vario,2020,14000,Tay ga,100 - 175 cc,Thái Lan,5.560000000000002
30.0,21.86,25.66,Honda,Future,2007,123568,Xe số,100 - 175 cc,Việt Nam,3.8000000000000007
15.2,15.17,17.81,Yamaha,Exciter,2015,900000,Tay côn/Moto,100 - 175 cc,Nhật Bản,2.639999999999999
12.5,7.89,9.26,Honda,Dylan,2003,78000,Tay ga,100 - 175 cc,Nước khác,1.37
26.0,18.31,21.49,Honda,Winner,2021,32000,Tay côn/Moto,100 - 175 cc,Nhật Bản,3.1799999999999997
190.0,109.65,128.72,Honda,SH,2012,140000,Tay ga,100 - 175 cc,Nước khác,19.069999999999993
30.0,10.6,12.44,Piaggio,LX,2013,16,Tay ga,100 - 175 cc,Việt Nam,1.8399999999999999
10.0,33.65,39.5,Honda,Air Blade,2022,273640,Tay ga,100 - 175 cc,Việt Nam,5.850000000000001
20.0,14.19,16.66,Honda,Wave,2023,13000,Xe số,100 - 175 cc,Việt Nam,2.4700000000000006
39.5,36.13,42.41,Honda,SH Mode,2018,16000,Tay ga,100 - 175 cc,Việt Nam,6.279999999999994
38.0,26.85,31.52,Yamaha,Dòng khác,2019,6500,Tay côn/Moto,100 - 175 cc,Đang cập nhật,4.669999999999998
11.2,9.85,11.56,Honda,Air Blade,2011,806685,Tay ga,100 - 175 cc,Đang cập nhật,1.7100000000000009
70.0,40.73,47.82,Honda,SH,2008,61,Tay ga,100 - 175 cc,Nước khác,7.090000000000003
20.0,17.58,20.64,Suzuki,Raider,2018,21000,Tay côn/Moto,100 - 175 cc,Việt Nam,3.0600000000000023
48.0,10.24,12.02,Honda,Wave,2005,8000,Xe số,100 - 175 cc,Việt Nam,1.7799999999999994
130.0,66.96,78.61,Honda,SH,2009,370000,Tay ga,100 - 175 cc,Nước khác,11.650000000000006
10.0,9.2,10.8,SYM,Wolf,2013,0,Tay côn/Moto,100 - 175 cc,Đài Loan,1.6000000000000014
19.0,20.65,24.24,Honda,Sonic,2019,100000,Tay côn/Moto,100 - 175 cc,Nhật Bản,3.59
3.5,7.97,9.36,SYM,Angela,2015,10000,Xe số,100 - 175 cc,Đang cập nhật,1.3899999999999997
15.0,14.53,17.05,Honda,Dream,1989,400000,Xe số,100 - 175 cc,Thái Lan,2.5200000000000014
25.0,23.44,27.52,Honda,Winner X,2022,21000,Tay côn/Moto,100 - 175 cc,Đang cập nhật,4.079999999999998
27.5,24.85,29.17,Honda,Winner X,2023,30000,Tay côn/Moto,100 - 175 cc,Việt Nam,4.32
75.0,62.14,72.95,Honda,SH,2019,10000,Tay ga,100 - 175 cc,Việt Nam,10.810000000000002
38.8,31.97,37.53,Honda,Vario,2020,9999,Tay ga,100 - 175 cc,Đang cập nhật,5.560000000000002
26.8,13.96,16.39,Honda,Winner,2016,180000,Tay côn/Moto,100 - 175 cc,Đang cập nhật,2.4299999999999997
26.8,22.62,26.56,Yamaha,Exciter,2020,9999,Tay côn/Moto,100 - 175 cc,Đang cập nhật,3.9399999999999977
24.0,18.24,21.42,Honda,Future,2018,40000,Xe số,100 - 175 cc,Việt Nam,3.1800000000000033
74.0,14.26,16.74,Honda,Dòng khác,2025,1500,Tay ga,100 - 175 cc,Nước khác,2.4799999999999986
14.0,7.65,8.98,SYM,Shark,2012,86000,Tay ga,100 - 175 cc,Hàn Quốc,1.33
20.0,6.77,7.94,Honda,Wave,2008,650000,Xe số,100 - 175 cc,Đang cập nhật,1.1700000000000008
20.0,6.77,7.94,Honda,Wave,2008,0,Xe số,100 - 175 cc,Nhật Bản,1.1700000000000008
48.0,46.19,54.22,Yamaha,MT,2021,9500,Tay côn/Moto,100 - 175 cc,Đang cập nhật,8.030000000000001
16.5,13.07,15.34,Yamaha,Janus,2017,57000,Tay ga,100 - 175 cc,Đang cập nhật,2.2699999999999996
5.5,3.62,4.25,Honda,Win,2008,40000,Tay côn/Moto,100 - 175 cc,Nhật Bản,0.6299999999999999
15.5,14.31,16.8,Honda,Wave,2022,20000,Xe số,100 - 175 cc,Nhật Bản,2.49
8.8,7.06,8.28,Honda,Air Blade,2007,30000,Tay ga,100 - 175 cc,Đang cập nhật,1.2199999999999998
7.0,6.31,7.41,Honda,Cub,trước năm 1980,50000,Xe số,Dưới 50 cc,Đang cập nhật,1.1000000000000005
66.0,57.39,67.37,Yamaha,XSR,2021,1300,Tay côn/Moto,100 - 175 cc,Nước khác,9.980000000000004
37.0,30.2,35.45,Honda,Vario,2019,30000,Tay ga,100 - 175 cc,Việt Nam,5.2500000000000036
15.5,11.48,13.48,SYM,Wolf,2011,20000,Tay côn/Moto,100 - 175 cc,Đài Loan,2.0
38.8,31.97,37.53,Honda,Vario,2020,20000,Tay ga,100 - 175 cc,Việt Nam,5.560000000000002
58.0,51.28,60.19,Honda,Vario,2017,40000,Tay ga,100 - 175 cc,Đang cập nhật,8.909999999999997
22.0,15.3,17.96,SYM,Husky,2018,24000,Tay côn/Moto,100 - 175 cc,Đài Loan,2.66
125.0,111.75,131.19,Honda,SH,2011,150088,Tay ga,100 - 175 cc,Nước khác,19.439999999999998
69.5,11.97,14.05,Hãng khác,Dòng khác,2023,800,Tay ga,100 - 175 cc,Nước khác,2.08
16.0,11.69,13.72,Honda,Wave,2019,21000,Xe số,50 - 100 cc,Việt Nam,2.030000000000001
25.0,20.16,23.67,Suzuki,Satria,2019,7000,Tay côn/Moto,100 - 175 cc,Nhật Bản,3.5100000000000016
16.5,13.6,15.96,Honda,Air Blade,2013,57751,Tay ga,100 - 175 cc,Đang cập nhật,2.360000000000001
30.0,28.22,33.12,Honda,Lead,2021,37000,Tay ga,100 - 175 cc,Nhật Bản,4.899999999999999
25.0,15.17,17.81,Yamaha,Exciter,2015,15000,Xe số,100 - 175 cc,Việt Nam,2.639999999999999
40.0,38.82,45.57,Honda,SH,2015,45600,Tay ga,100 - 175 cc,Việt Nam,6.75
5.0,5.18,6.08,Honda,Lead,2007,100000,Tay ga,50 - 100 cc,Việt Nam,0.9000000000000004
25.0,15.17,17.81,Yamaha,Exciter,2015,15951,Tay côn/Moto,100 - 175 cc,Nhật Bản,2.639999999999999
42.0,14.53,17.05,Hãng khác,Duke 200,2019,250000,Tay côn/Moto,Trên 175 cc,Nước khác,2.5200000000000014
16.0,13.96,16.39,Honda,Winner,2016,78000,Tay côn/Moto,100 - 175 cc,Việt Nam,2.4299999999999997
5.0,5.94,6.97,Honda,Wave,2010,200000,Tay ga,Dưới 50 cc,Trung Quốc,1.0299999999999994
113.0,111.75,131.19,Honda,SH,2011,210000,Tay ga,100 - 175 cc,Việt Nam,19.439999999999998
68.0,40.73,47.82,Honda,SH,2008,49000,Tay ga,100 - 175 cc,Nước khác,7.090000000000003
55.0,74.3,87.23,Honda,SH,2022,2000,Tay ga,100 - 175 cc,Nước khác,12.930000000000007
75.0,74.3,87.23,Honda,SH,2022,33000,Tay ga,100 - 175 cc,Việt Nam,12.930000000000007
60.0,74.21,87.11,Honda,SH,2023,100000,Tay ga,100 - 175 cc,Nước khác,12.900000000000006
10.5,11.08,13.01,Honda,Cub,2019,11000,Xe số,Dưới 50 cc,Việt Nam,1.9299999999999997
23.0,14.49,17.01,Honda,Winner,2018,32000,Tay côn/Moto,100 - 175 cc,Việt Nam,2.5200000000000014
25.0,14.32,16.81,Honda,Future,2001,60000,Xe số,100 - 175 cc,Nhật Bản,2.4899999999999984
40.0,14.27,16.75,Honda,Future,2002,29300,Xe số,100 - 175 cc,Nhật Bản,2.4800000000000004
9.5,18.09,21.23,Honda,Wave,2000,5000,Xe số,100 - 175 cc,Hàn Quốc,3.1400000000000006
32.0,28.44,33.39,Yamaha,Exciter,2022,30000,Tay côn/Moto,100 - 175 cc,Việt Nam,4.949999999999999
219.0,251.13,294.81,Suzuki,Satria,2006,44000,Tay côn/Moto,100 - 175 cc,Nước khác,43.68000000000001
12.8,10.03,11.77,Honda,Wave,2003,500000,Xe số,50 - 100 cc,Nhật Bản,1.7400000000000002
20.0,18.4,21.6,Honda,Giorno,2025,5000,Tay ga,50 - 100 cc,Nhật Bản,3.200000000000003
28.0,58.47,68.64,Honda,Dòng khác,2023,500000,Xe số,50 - 100 cc,Nhật Bản,10.170000000000002
85.0,26.52,31.14,Honda,Future,2009,20000,Xe số,100 - 175 cc,Việt Nam,4.620000000000001
27.5,24.5,28.77,Honda,Vision,2021,21000,Tay ga,100 - 175 cc,Việt Nam,4.27
8.5,24.46,28.71,Honda,Future,2011,300000,Xe số,100 - 175 cc,Thái Lan,4.25
30.0,9.85,11.56,Honda,Air Blade,2011,1234,Tay ga,Không biết rõ,Thái Lan,1.7100000000000009
15.0,13.6,15.96,Honda,Air Blade,2013,68977,Tay ga,100 - 175 cc,Đang cập nhật,2.360000000000001
45.0,26.94,31.63,Honda,Future,2008,67000,Xe số,100 - 175 cc,Đang cập nhật,4.689999999999998
23.0,19.87,23.33,Piaggio,Medley,2016,51000,Tay ga,100 - 175 cc,Việt Nam,3.4599999999999973
25.0,10.24,12.02,Honda,Wave,2005,300000,Xe số,100 - 175 cc,Việt Nam,1.7799999999999994
5.0,4.44,5.22,Suzuki,Hayate,2013,10000,Tay ga,100 - 175 cc,Việt Nam,0.7799999999999994
52.0,44.64,52.4,Honda,SH,2006,100000,Tay ga,100 - 175 cc,Nước khác,7.759999999999998
8.5,6.78,7.96,Honda,Wave,2009,20000,Xe số,Không biết rõ,Thái Lan,1.1799999999999997
22.0,26.5,31.11,Honda,Future,2023,23000,Xe số,100 - 175 cc,Nhật Bản,4.609999999999999
11.9,13.61,15.98,Yamaha,Exciter,2014,54000,Tay côn/Moto,100 - 175 cc,Nhật Bản,2.370000000000001
13.5,6.93,8.14,Yamaha,Sirius,2015,900000,Xe số,50 - 100 cc,Hàn Quốc,1.2100000000000009
13.8,10.74,12.6,Honda,Dream,2003,10000,Xe số,100 - 175 cc,Hàn Quốc,1.8599999999999994
85.0,59.13,69.42,Piaggio,Vespa,2023,6400,Tay ga,100 - 175 cc,Đang cập nhật,10.29
24.0,23.9,28.06,Piaggio,GTS,2015,36000,Tay ga,100 - 175 cc,Nước khác,4.16
25.0,22.62,26.56,Yamaha,Exciter,2020,40000,Tay côn/Moto,100 - 175 cc,Việt Nam,3.9399999999999977
11.8,9.85,11.56,Honda,Air Blade,2011,33333,Tay ga,100 - 175 cc,Việt Nam,1.7100000000000009
28.0,22.2,26.06,Piaggio,Vespa,2015,39000,Tay ga,100 - 175 cc,Việt Nam,3.8599999999999994
17.5,13.6,15.96,Honda,Air Blade,2013,30000,Tay ga,100 - 175 cc,Đang cập nhật,2.360000000000001
22.0,14.53,17.05,Hãng khác,Rebell,2024,100,Tay côn/Moto,Trên 175 cc,Việt Nam,2.5200000000000014
9.5,9.85,11.56,Honda,Air Blade,2011,99999,Tay ga,100 - 175 cc,Việt Nam,1.7100000000000009
19.0,38.39,45.07,Honda,Dòng khác,2024,0,Xe số,100 - 175 cc,Việt Nam,6.68
7.0,7.57,8.89,Honda,Air Blade,2008,100000,Tay ga,100 - 175 cc,Nước khác,1.3200000000000003
8.9,7.37,8.65,Honda,Wave,2013,9999,Xe số,100 - 175 cc,Việt Nam,1.2800000000000002
19.0,14.49,17.01,Honda,Winner,2018,25000,Tay côn/Moto,100 - 175 cc,Việt Nam,2.5200000000000014
13.8,13.6,15.96,Honda,Air Blade,2013,30000,Tay ga,100 - 175 cc,Đang cập nhật,2.360000000000001
12.9,13.75,16.14,Honda,Winner,2017,62000,Tay côn/Moto,100 - 175 cc,Việt Nam,2.3900000000000006
16.0,15.49,18.18,Honda,Vision,2015,40000,Tay ga,100 - 175 cc,Việt Nam,2.6899999999999995
7.0,10.0,11.74,Honda,Wave,2017,300000,Xe số,100 - 175 cc,Nhật Bản,1.7400000000000002
8.5,9.06,10.64,Honda,Air Blade,2012,80000,Tay ga,100 - 175 cc,Việt Nam,1.58
90.0,95.08,111.62,Honda,SH,2010,50000,Tay ga,100 - 175 cc,Nước khác,16.540000000000006
28.0,24.1,28.29,Honda,Air Blade,2019,43000,Tay ga,100 - 175 cc,Việt Nam,4.189999999999998
21.5,17.63,20.69,Honda,Winner X,2021,50000,Tay côn/Moto,100 - 175 cc,Việt Nam,3.0600000000000023
260.0,75.95,89.16,Honda,SH,2024,878,Tay ga,100 - 175 cc,Nước khác,13.209999999999994
1.9,2.76,3.24,SYM,Magic,2008,65000,Xe số,50 - 100 cc,Đài Loan,0.4800000000000004
9.555555,9.12,10.71,Hãng khác,Dòng khác,2019,10000,Tay ga,Dưới 50 cc,Trung Quốc,1.5900000000000016
15.6,13.75,16.14,Honda,Winner,2017,9999,Tay côn/Moto,100 - 175 cc,Việt Nam,2.3900000000000006
1.0,3.28,3.85,SYM,Elizabeth,2009,10000,Tay ga,100 - 175 cc,Đang cập nhật,0.5700000000000003
15.0,15.55,18.25,Honda,Winner,2019,13400,Tay côn/Moto,100 - 175 cc,Việt Nam,2.6999999999999993
64.0,40.54,47.59,Honda,Vario,2018,90000,Tay ga,100 - 175 cc,Nước khác,7.050000000000004
9.0,12.64,14.84,Honda,Air Blade,2010,34824,Tay ga,100 - 175 cc,Nhật Bản,2.1999999999999993
15.0,6.78,7.96,Honda,Dòng khác,2008,999999,Tay ga,100 - 175 cc,Việt Nam,1.1799999999999997
9.5,10.4,12.2,Honda,Wave,2018,1000,Xe số,50 - 100 cc,Hàn Quốc,1.799999999999999
9.5,10.4,12.2,Honda,Wave,2018,500,Xe số,50 - 100 cc,Hàn Quốc,1.799999999999999
17.0,19.1,22.42,SYM,Husky,2019,32000,Tay côn/Moto,100 - 175 cc,Đang cập nhật,3.3200000000000003
1.7,14.53,17.05,Yamaha,Nouvo,1988,99999,Tay ga,50 - 100 cc,Việt Nam,2.5200000000000014
35.8,30.2,35.45,Honda,Vario,2019,47000,Tay ga,100 - 175 cc,Nước khác,5.2500000000000036
43.0,36.06,42.33,Honda,Vario,2023,3000,Tay ga,100 - 175 cc,Việt Nam,6.269999999999996
4.2,5.1,5.99,Yamaha,Mio,2009,30000,Tay ga,100 - 175 cc,Nhật Bản,0.8900000000000006
12.0,16.83,19.75,Honda,Vision,2016,30000,Tay ga,50 - 100 cc,Nhật Bản,2.9200000000000017
250.0,77.17,90.59,Honda,SH,2025,878,Tay ga,100 - 175 cc,Nước khác,13.420000000000002
35.0,33.02,38.76,Honda,Lead,2022,25000,Tay ga,100 - 175 cc,Việt Nam,5.739999999999995
8.5,15.55,18.25,Honda,Winner,2019,70000,Tay côn/Moto,100 - 175 cc,Đang cập nhật,2.6999999999999993
4.0,6.77,7.94,Honda,Wave,2008,1,Xe số,50 - 100 cc,Trung Quốc,1.1700000000000008
12.2,12.27,14.4,Honda,Vision,2014,16000,Tay ga,100 - 175 cc,Nhật Bản,2.130000000000001
32.5,28.55,33.52,Piaggio,Sprint,2015,20000,Tay ga,100 - 175 cc,Việt Nam,4.970000000000002
20.0,20.8,24.42,Honda,Vision,2019,30000,Xe số,100 - 175 cc,Nước khác,3.620000000000001
2.5,3.51,4.12,Suzuki,Hayate,2009,56000,Tay ga,50 - 100 cc,Việt Nam,0.6100000000000003
140.0,95.08,111.62,Honda,SH,2010,30000,Tay ga,100 - 175 cc,Việt Nam,16.540000000000006
7.5,7.37,8.65,Honda,Wave,2013,60000,Xe số,100 - 175 cc,Nhật Bản,1.2800000000000002
16.5,15.49,18.18,Honda,Vision,2015,37000,Tay ga,100 - 175 cc,Nhật Bản,2.6899999999999995
18.9,19.94,23.41,Yamaha,Janus,2023,30000,Tay ga,100 - 175 cc,Đang cập nhật,3.469999999999999
12.4,12.27,14.4,Honda,Vision,2014,16000,Tay ga,100 - 175 cc,Nhật Bản,2.130000000000001
16.0,16.76,19.67,Yamaha,Exciter,2018,50000,Tay côn/Moto,100 - 175 cc,Việt Nam,2.91
3.2,3.4,3.99,SYM,Attila,2011,20000,Tay ga,100 - 175 cc,Nhật Bản,0.5900000000000003
19.0,15.73,18.46,Yamaha,Exciter,2017,43000,Tay côn/Moto,100 - 175 cc,Việt Nam,2.7300000000000004
3.5,3.92,4.6,Hãng khác,Dòng khác,2006,123456,Xe số,100 - 175 cc,Trung Quốc,0.6799999999999997
52.0,36.71,43.1,Honda,Air Blade,2023,23000,Tay ga,100 - 175 cc,Việt Nam,6.390000000000001
4.0,9.94,11.66,Hãng khác,Dòng khác,2020,999,Tay côn/Moto,50 - 100 cc,Trung Quốc,1.7200000000000006
3.5,7.46,8.75,Yamaha,Jupiter,2012,88000,Xe số,100 - 175 cc,Việt Nam,1.29
7.0,6.75,7.93,Yamaha,Jupiter,2014,533057,Xe số,100 - 175 cc,Nhật Bản,1.1799999999999997
8.0,2.88,3.38,Honda,Cub,2011,26365,Xe số,50 - 100 cc,Việt Nam,0.5
16.0,15.49,18.18,Honda,Vision,2015,35000,Tay ga,100 - 175 cc,Nhật Bản,2.6899999999999995
19.0,12.48,14.66,Honda,Wave,2025,350,Xe số,100 - 175 cc,Nhật Bản,2.1799999999999997
10.9,11.69,13.72,Honda,Wave,2019,45500,Xe số,100 - 175 cc,Việt Nam,2.030000000000001
6.5,8.71,10.22,Yamaha,Luvias,2015,500000,Tay ga,100 - 175 cc,Nhật Bản,1.5099999999999998
56.0,55.9,65.62,Honda,SH,2017,47000,Tay ga,100 - 175 cc,Việt Nam,9.720000000000006
25.0,14.53,17.05,Honda,Winner X,2022,30000,Tay côn/Moto,100 - 175 cc,Việt Nam,2.5200000000000014
19.6,16.76,19.67,Yamaha,Exciter,2018,30816,Tay côn/Moto,100 - 175 cc,Việt Nam,2.91
0.0068,2.88,3.38,Honda,Cub,2011,15000,Xe số,Dưới 50 cc,Việt Nam,0.5
6.5,7.57,8.89,Honda,Air Blade,2008,12345,Tay ga,100 - 175 cc,Đang cập nhật,1.3200000000000003
6.5,7.57,8.89,Honda,Air Blade,2008,12345,Tay ga,100 - 175 cc,Đang cập nhật,1.3200000000000003
35.0,10.03,11.77,Honda,Wave,2003,14000,Xe số,50 - 100 cc,Nhật Bản,1.7400000000000002
6.5,4.4,5.16,Hãng khác,Candy Hi,2012,210193,Tay ga,Dưới 50 cc,Đài Loan,0.7599999999999998
8.0,6.57,7.71,Piaggio,Vespa,2011,15000,Tay ga,100 - 175 cc,Đang cập nhật,1.1399999999999997
12.8,11.13,13.07,Honda,Chaly,2024,2000,Xe số,Dưới 50 cc,Đang cập nhật,1.9399999999999995
18.0,15.31,17.98,Honda,Lead,2014,25000,Tay ga,100 - 175 cc,Việt Nam,2.67
6.8,5.94,6.97,Honda,Wave,2010,30000,Xe số,100 - 175 cc,Đang cập nhật,1.0299999999999994
2.2,6.99,8.21,Honda,Wave,2012,10000,Xe số,100 - 175 cc,Việt Nam,1.2200000000000006
23.0,23.81,27.95,Honda,Winner,2023,123,Tay côn/Moto,100 - 175 cc,Việt Nam,4.140000000000001
14.5,14.19,16.66,Honda,Wave,2023,23524,Xe số,100 - 175 cc,Việt Nam,2.4700000000000006
130.0,95.08,111.62,Honda,SH,2010,30000,Tay ga,100 - 175 cc,Nước khác,16.540000000000006
19.0,16.87,19.8,Honda,PCX,2012,123,Tay ga,100 - 175 cc,Việt Nam,2.9299999999999997
28.5,40.54,47.59,Honda,Vario,2018,45000,Tay ga,100 - 175 cc,Nước khác,7.050000000000004
45.0,41.94,49.23,Yamaha,Exciter,2006,100,Xe số,100 - 175 cc,Thái Lan,7.289999999999999
13.0,11.43,13.42,Honda,Wave,2020,5000,Xe số,100 - 175 cc,Nhật Bản,1.9900000000000002
9.7,7.84,9.2,Suzuki,Impulse,2017,40,Tay ga,100 - 175 cc,Thái Lan,1.3599999999999994
28.3,25.62,30.07,Yamaha,Freego,2024,1200,Tay ga,100 - 175 cc,Việt Nam,4.449999999999999
8.0,6.64,7.79,Honda,Lead,2010,82000,Tay ga,100 - 175 cc,Việt Nam,1.1500000000000004
68.8,57.96,68.03,Honda,SH,2018,28000,Tay ga,100 - 175 cc,Đang cập nhật,10.07
65.0,40.73,47.82,Honda,SH,2008,54000,Tay ga,100 - 175 cc,Nước khác,7.090000000000003
12.0,73.28,86.03,Honda,Cub,2024,10000,Xe số,Dưới 50 cc,Trung Quốc,12.75
20.0,19.59,22.99,Piaggio,Liberty,2018,22500,Tay ga,100 - 175 cc,Đang cập nhật,3.3999999999999986
31.0,22.73,26.69,Honda,Wave,1999,6868,Xe số,100 - 175 cc,Đang cập nhật,3.960000000000001
18.0,15.95,18.72,Honda,Wave,2024,7791,Xe số,100 - 175 cc,Đang cập nhật,2.7699999999999996
67.0,38.82,45.57,Honda,SH,2015,40000,Tay ga,Trên 175 cc,Đang cập nhật,6.75
30.0,40.54,47.59,Honda,Vario,2018,35000,Tay ga,100 - 175 cc,Thái Lan,7.050000000000004
15.0,13.97,16.4,Honda,Dream,1996,99999,Xe số,50 - 100 cc,Nhật Bản,2.429999999999998
5.0,3.5,4.11,Suzuki,Hayate,2011,30000,Tay ga,100 - 175 cc,Việt Nam,0.6100000000000003
10.0,10.4,12.2,Honda,Wave,2018,34000,Xe số,100 - 175 cc,Việt Nam,1.799999999999999
4.5,4.37,5.13,Hãng khác,Dòng khác,2007,0,Xe số,50 - 100 cc,Nước khác,0.7599999999999998
380.0,16.15,18.96,Honda,Dòng khác,2015,19427,Tay ga,Trên 175 cc,Nhật Bản,2.8100000000000023
3.3,10.4,12.2,Honda,Wave,2018,1,Xe số,50 - 100 cc,Trung Quốc,1.799999999999999
42.0,35.97,42.22,Honda,Lead,2023,8000,Tay ga,Trên 175 cc,Việt Nam,6.25
3.5,7.37,8.65,Honda,Wave,2013,1000,Xe số,100 - 175 cc,Trung Quốc,1.2800000000000002
265.0,77.17,90.59,Honda,SH,2025,700,Tay ga,100 - 175 cc,Nước khác,13.420000000000002
14.5,13.61,15.98,Yamaha,Exciter,2014,45000,Tay côn/Moto,100 - 175 cc,Đang cập nhật,2.370000000000001
80.0,74.3,87.23,Honda,SH,2022,17000,Tay ga,100 - 175 cc,Việt Nam,12.930000000000007
138.8,99.24,116.5,Honda,CB,2022,20000,Tay côn/Moto,Trên 175 cc,Thái Lan,17.260000000000005
10.0,15.19,17.83,Honda,Air Blade,2014,100000,Tay ga,Không biết rõ,Đang cập nhật,2.639999999999999
78.8,57.96,68.03,Honda,SH,2018,11000,Tay ga,100 - 175 cc,Đang cập nhật,10.07
5.5,14.53,17.05,SYM,Galaxy,2014,44444,Xe số,100 - 175 cc,Nước khác,2.5200000000000014
4.2,6.13,7.2,Yamaha,Nouvo,2013,9999,Tay ga,100 - 175 cc,Nhật Bản,1.0700000000000003
65.0,55.9,65.62,Honda,SH,2017,25000,Tay ga,100 - 175 cc,Việt Nam,9.720000000000006
11.5,9.54,11.2,Honda,Wave,2016,40000,Xe số,100 - 175 cc,Việt Nam,1.6600000000000001
1.5,19.75,23.19,Honda,Spacy,2000,100000,Tay ga,50 - 100 cc,Nhật Bản,3.4400000000000013
22.0,16.31,19.15,Honda,Winner X,2019,19000,Tay côn/Moto,100 - 175 cc,Việt Nam,2.84
19.0,14.53,17.05,Yamaha,Exciter,2013,31000,Tay côn/Moto,100 - 175 cc,Nhật Bản,2.5200000000000014
52.0,47.95,56.28,Honda,SH Mode,2021,19110,Tay ga,100 - 175 cc,Việt Nam,8.329999999999998
10.0,12.05,14.15,Hãng khác,Dòng khác,2024,1900,Tay ga,Dưới 50 cc,Việt Nam,2.0999999999999996
135.0,95.08,111.62,Honda,SH,2010,34000,Tay ga,100 - 175 cc,Nước khác,16.540000000000006
6.0,6.02,7.06,Yamaha,Sirius,2007,999999,Xe số,100 - 175 cc,Việt Nam,1.04
13.3,14.27,16.75,Honda,Future,2002,500000,Xe số,100 - 175 cc,Việt Nam,2.4800000000000004
118.0,74.3,87.23,Honda,SH,2022,7300,Tay ga,Trên 175 cc,Việt Nam,12.930000000000007
60.0,75.95,89.15,Honda,CB,2019,17000,Tay côn/Moto,100 - 175 cc,Thái Lan,13.200000000000003
17.0,13.75,16.14,Honda,Winner,2017,100000,Tay côn/Moto,100 - 175 cc,Việt Nam,2.3900000000000006
13.0,10.4,12.2,Honda,Wave,2018,17000,Xe số,100 - 175 cc,Việt Nam,1.799999999999999
21.0,6.5,7.63,Hãng khác,Dòng khác,2018,20000,Tay côn/Moto,Trên 175 cc,Trung Quốc,1.13
13.9,7.9,9.27,Yamaha,Sirius,2016,20000,Xe số,100 - 175 cc,Đang cập nhật,1.3699999999999992
59.0,52.52,61.65,Honda,SH Mode,2023,17800,Tay ga,100 - 175 cc,Việt Nam,9.129999999999995
110.0,66.96,78.61,Honda,SH,2009,150,Tay ga,100 - 175 cc,Nước khác,11.650000000000006
0.0105,9.06,10.64,Honda,Air Blade,2012,300000,Tay ga,100 - 175 cc,Nhật Bản,1.58
19.5,19.71,23.14,Honda,Lead,2017,40000,Tay ga,100 - 175 cc,Việt Nam,3.4299999999999997
20.0,12.48,14.66,Honda,Wave,2025,2000,Xe số,100 - 175 cc,Việt Nam,2.1799999999999997
14.85,14.49,17.01,Honda,Winner,2018,104386,Tay côn/Moto,100 - 175 cc,Đang cập nhật,2.5200000000000014
14.5,13.96,16.39,Honda,Winner,2016,32000,Tay côn/Moto,100 - 175 cc,Việt Nam,2.4299999999999997
41.5,39.88,46.82,Honda,PCX,2018,20000,Tay ga,100 - 175 cc,Nước khác,6.939999999999998
13.0,14.53,17.05,Yamaha,Exciter,2013,10000,Tay côn/Moto,100 - 175 cc,Thái Lan,2.5200000000000014
50.0,40.73,47.82,Honda,SH,2008,27000,Tay ga,Trên 175 cc,Đang cập nhật,7.090000000000003
14.5,8.93,10.48,Hãng khác,Dòng khác,2022,4000,Tay ga,Dưới 50 cc,Hàn Quốc,1.5500000000000007
12.5,23.25,27.29,Yamaha,Nvx,2019,99999,Tay ga,100 - 175 cc,Việt Nam,4.039999999999999
11.5,13.75,16.14,Honda,Winner,2017,20000,Xe số,100 - 175 cc,Việt Nam,2.3900000000000006
1.55,4.69,5.51,Suzuki,Hayate,2014,999999,Tay ga,100 - 175 cc,Nhật Bản,0.8199999999999994
3.6,4.31,5.05,SYM,Attila,2013,100000,Tay ga,100 - 175 cc,Việt Nam,0.7400000000000002
6.3,5.23,6.14,Yamaha,Nouvo,2014,75000,Tay ga,100 - 175 cc,Đang cập nhật,0.9099999999999993
6.3,3.59,4.21,Honda,Cub,2014,1000,Xe số,Dưới 50 cc,Nhật Bản,0.6200000000000001
8.5,7.87,9.24,Honda,Lead,2012,32000,Tay ga,100 - 175 cc,Nhật Bản,1.37
9.5,7.84,9.2,Suzuki,Impulse,2017,37,Tay ga,100 - 175 cc,Thái Lan,1.3599999999999994
90.0,74.3,87.23,Honda,SH,2022,200000,Tay ga,100 - 175 cc,Việt Nam,12.930000000000007
26.0,28.32,33.25,Honda,Winner X,2024,50,Tay côn/Moto,100 - 175 cc,Việt Nam,4.93
8.5,6.99,8.21,Honda,Wave,2012,50000,Xe số,100 - 175 cc,Nhật Bản,1.2200000000000006
11.0,6.99,8.21,Honda,Wave,2012,716586,Xe số,100 - 175 cc,Việt Nam,1.2200000000000006
40.0,29.51,34.64,Yamaha,Exciter,2024,100,Tay côn/Moto,100 - 175 cc,Nhật Bản,5.129999999999999
6.8,4.8,5.64,Yamaha,Taurus,2015,50000,Xe số,50 - 100 cc,Nhật Bản,0.8399999999999999
3.2,4.12,4.83,SYM,Attila,2014,51000,Tay ga,100 - 175 cc,Đài Loan,0.71
28.0,28.44,33.39,Yamaha,Exciter,2022,62000,Tay côn/Moto,100 - 175 cc,Đang cập nhật,4.949999999999999
7.0,5.72,6.72,Suzuki,Axelo,2014,20000,Xe số,Trên 175 cc,Đang cập nhật,1.0
46.0,35.85,42.08,Honda,Vario,2024,2000,Tay ga,100 - 175 cc,Nước khác,6.229999999999997
20.5,14.49,17.01,Honda,Winner,2018,25000,Tay côn/Moto,100 - 175 cc,Việt Nam,2.5200000000000014
20.0,29.9,35.1,Honda,Spacy,2021,80000,Tay ga,100 - 175 cc,Nhật Bản,5.200000000000003
8.5,14.49,17.01,Honda,Winner,2018,45000,Tay côn/Moto,100 - 175 cc,Việt Nam,2.5200000000000014
5.9,7.21,8.46,Honda,Wave,2007,20004,Xe số,50 - 100 cc,Hàn Quốc,1.2500000000000009
6.8,14.53,17.05,SYM,Star,2021,10000,Tay côn/Moto,100 - 175 cc,Việt Nam,2.5200000000000014
7.5,3.44,4.04,Hãng khác,Dòng khác,2003,1000,Xe số,50 - 100 cc,Hàn Quốc,0.6000000000000001
142.0,95.08,111.62,Honda,SH,2010,34000,Tay ga,100 - 175 cc,Nước khác,16.540000000000006
13.5,11.69,13.72,Honda,Wave,2019,190000,Xe số,100 - 175 cc,Nhật Bản,2.030000000000001
58.0,52.52,61.65,Honda,SH Mode,2023,170000,Tay ga,100 - 175 cc,Việt Nam,9.129999999999995
16.0,9.86,11.57,Yamaha,Sirius,2020,16000,Xe số,100 - 175 cc,Việt Nam,1.7100000000000009
5.0,8.55,10.04,Honda,Cub,1997,9999,Xe số,Dưới 50 cc,Nhật Bản,1.4899999999999984
3.5,4.14,4.86,Honda,Chaly,2002,123456,Xe số,Dưới 50 cc,Nhật Bản,0.7200000000000006
6.8,20.64,24.23,Yamaha,Dòng khác,2017,36000,Tay ga,100 - 175 cc,Nhật Bản,3.59
6.3,6.09,7.15,Yamaha,Luvias,2011,123456,Tay ga,100 - 175 cc,Việt Nam,1.0600000000000005
50.0,10.03,11.77,Honda,Wave,2003,10000,Xe số,100 - 175 cc,Thái Lan,1.7400000000000002
6.5,4.08,4.78,Honda,Dream,2018,50000,Xe số,100 - 175 cc,Trung Quốc,0.7000000000000002
9.0,7.53,8.84,Honda,Click,2010,99999,Tay ga,100 - 175 cc,Đang cập nhật,1.3099999999999996
7.8,6.78,7.96,Honda,Wave,2009,100000,Xe số,50 - 100 cc,Nhật Bản,1.1799999999999997
7.0,4.6,5.4,Yamaha,Mio,2018,25000,Tay ga,100 - 175 cc,Việt Nam,0.8000000000000007
11.0,9.06,10.64,Honda,Air Blade,2012,1,Tay ga,100 - 175 cc,Đang cập nhật,1.58
9.5,15.43,18.12,Honda,Dream,1999,82,Xe số,50 - 100 cc,Đang cập nhật,2.6900000000000013
34.8,30.2,35.45,Honda,Vario,2019,280000,Tay ga,100 - 175 cc,Việt Nam,5.2500000000000036
20.0,15.17,17.81,Yamaha,Exciter,2015,115293,Tay côn/Moto,100 - 175 cc,Việt Nam,2.639999999999999
14.0,15.48,18.18,Yamaha,Grande,2014,140000,Tay ga,100 - 175 cc,Việt Nam,2.6999999999999993
19.0,10.24,12.02,Honda,Wave,2005,500000,Xe số,100 - 175 cc,Nhật Bản,1.7799999999999994
19.5,17.08,20.05,Honda,Winner X,2020,12345,Tay côn/Moto,100 - 175 cc,Việt Nam,2.9700000000000024
21.0,15.73,18.46,Yamaha,Exciter,2017,100000,Tay côn/Moto,100 - 175 cc,Đang cập nhật,2.7300000000000004
14.5,16.55,19.43,Honda,Lead,2016,28000,Tay ga,100 - 175 cc,Việt Nam,2.879999999999999
6.5,9.16,10.76,Honda,Dòng khác,2000,20000,Tay ga,Dưới 50 cc,Nhật Bản,1.5999999999999996
7.8,14.49,17.01,Honda,Winner,2018,50000,Tay côn/Moto,100 - 175 cc,Đang cập nhật,2.5200000000000014
36.0,29.9,35.1,Honda,Air Blade,2020,43000,Tay ga,100 - 175 cc,Việt Nam,5.200000000000003
9.0,5.94,6.97,Honda,Wave,2010,100000,Xe số,100 - 175 cc,Việt Nam,1.0299999999999994
7.5,7.34,8.61,Honda,Lead,2011,123456,Tay ga,100 - 175 cc,Việt Nam,1.2699999999999996
69.0,66.3,77.83,Honda,SH,2020,38,Tay ga,100 - 175 cc,Đang cập nhật,11.530000000000001
7.0,7.37,8.65,Honda,Wave,2013,1000,Xe số,100 - 175 cc,Đang cập nhật,1.2800000000000002
65.0,45.34,53.22,Piaggio,Vespa,2022,8000,Tay ga,100 - 175 cc,Việt Nam,7.8799999999999955
7.0,5.94,6.97,Honda,Wave,2010,123456,Xe số,100 - 175 cc,Nhật Bản,1.0299999999999994
86.0,74.3,87.23,Honda,SH,2022,6900,Tay ga,100 - 175 cc,Việt Nam,12.930000000000007
5.9,6.09,7.15,Yamaha,Luvias,2011,30000,Tay ga,100 - 175 cc,Nhật Bản,1.0600000000000005
16.3,13.6,15.96,Honda,Air Blade,2013,36016,Tay ga,100 - 175 cc,Đang cập nhật,2.360000000000001
28.0,26.26,30.82,Honda,Vision,2022,13000,Tay ga,100 - 175 cc,Việt Nam,4.559999999999999
149.0,411.06,482.54,Hãng khác,S1000RR,2016,20000,Tay côn/Moto,Trên 175 cc,Đang cập nhật,71.48000000000002
15.5,13.65,16.03,Honda,Wave,2021,46000,Xe số,100 - 175 cc,Việt Nam,2.380000000000001
9.4,9.85,11.56,Honda,Air Blade,2011,51000,Tay ga,100 - 175 cc,Đang cập nhật,1.7100000000000009
10.2,7.21,8.46,Honda,Wave,2007,123456,Xe số,100 - 175 cc,Nhật Bản,1.2500000000000009
8.5,19.53,22.92,Yamaha,Mio,2022,99999,Tay ga,100 - 175 cc,Việt Nam,3.3900000000000006
1.5,24.1,28.29,Honda,Air Blade,2019,53459,Tay ga,100 - 175 cc,Việt Nam,4.189999999999998
3.6,14.53,17.05,Hãng khác,BX 150,2019,50000,Tay côn/Moto,100 - 175 cc,Nước khác,2.5200000000000014
10.5,24.45,28.7,Honda,Vision,2021,65460,Tay ga,100 - 175 cc,Nhật Bản,4.25
44.0,35.34,41.48,Honda,Vario,2023,10000,Tay ga,100 - 175 cc,Nước khác,6.1399999999999935
41.0,39.06,45.86,Honda,CBR,2022,1500,Tay côn/Moto,100 - 175 cc,Đang cập nhật,6.799999999999997
30.0,27.6,32.4,Yamaha,YB125,2014,20000,Tay ga,100 - 175 cc,Đài Loan,4.799999999999997
30.0,24.84,29.16,Suzuki,Dòng khác,2023,40000,Tay côn/Moto,Trên 175 cc,Đang cập nhật,4.32
6.5,6.86,8.05,Piaggio,Liberty,2012,99999,Tay ga,100 - 175 cc,Việt Nam,1.1900000000000004
65.0,11.52,13.52,Honda,Wave,2004,2500,Xe số,100 - 175 cc,Việt Nam,2.0
110.0,74.57,87.54,Honda,SH,2022,14600,Tay ga,Trên 175 cc,Việt Nam,12.970000000000013
16.0,16.16,18.97,Yamaha,Exciter,2015,102000,Tay côn/Moto,100 - 175 cc,Việt Nam,2.8099999999999987
20.0,4.85,5.69,Honda,Cub,1990,100,Xe số,50 - 100 cc,Đang cập nhật,0.8400000000000007
18.5,16.04,18.83,Honda,Winner,2019,15000,Tay côn/Moto,100 - 175 cc,Việt Nam,2.789999999999999
30.5,28.0,32.86,Honda,Vision,2023,20000,Tay ga,50 - 100 cc,Việt Nam,4.859999999999999
49.0,6.24,7.32,Hãng khác,Dòng khác,2017,33820,Tay côn/Moto,100 - 175 cc,Nước khác,1.08
10.5,24.45,28.7,Honda,Vision,2021,65460,Tay ga,100 - 175 cc,Nhật Bản,4.25
120.0,74.57,87.54,Honda,SH,2022,22000,Tay ga,100 - 175 cc,Nước khác,12.970000000000013
85.0,98.4,115.51,Honda,SH,2010,30000,Tay ga,100 - 175 cc,Nước khác,17.11
6.8,4.14,4.86,Piaggio,Fly,2015,30000,Tay ga,100 - 175 cc,Việt Nam,0.7200000000000006
22.5,17.08,20.05,Honda,Winner X,2020,15000,Tay côn/Moto,100 - 175 cc,Nhật Bản,2.9700000000000024
7.9,6.88,8.07,Honda,Click,2008,490000,Tay ga,50 - 100 cc,Đang cập nhật,1.1900000000000004
17.0,15.19,17.83,Honda,Air Blade,2014,10000,Tay ga,Trên 175 cc,Nhật Bản,2.639999999999999
7.9,6.1,7.16,Honda,Lead,2009,25,Tay ga,100 - 175 cc,Việt Nam,1.0600000000000005
85.0,49.12,57.66,Piaggio,Vespa,trước năm 1980,9999,Tay ga,100 - 175 cc,Nước khác,8.54
9.5,6.88,8.07,Honda,Click,2008,493594,Tay ga,100 - 175 cc,Việt Nam,1.1900000000000004
45.0,35.34,41.48,Honda,Vario,2023,10000,Tay ga,100 - 175 cc,Nước khác,6.1399999999999935
179.0,111.87,131.33,Honda,SH,2011,23000,Tay ga,100 - 175 cc,Đang cập nhật,19.460000000000008
55.0,55.2,64.8,Honda,SH,2017,20000,Tay ga,100 - 175 cc,Việt Nam,9.599999999999994
13.0,11.58,13.6,Honda,Blade,2019,30038,Xe số,100 - 175 cc,Nhật Bản,2.0199999999999996
16.5,14.57,17.1,Honda,Winner,2018,49000,Tay côn/Moto,100 - 175 cc,Đang cập nhật,2.530000000000001
20.0,6.74,7.91,Piaggio,Vespa,2011,47500,Tay ga,100 - 175 cc,Việt Nam,1.17
29.3,20.71,24.32,Honda,Air Blade,2017,7000,Tay ga,100 - 175 cc,Nhật Bản,3.6099999999999994
12.9,7.35,8.63,Honda,Click,2010,30000,Tay ga,100 - 175 cc,Việt Nam,1.2800000000000011
55.0,43.05,50.54,Piaggio,Vespa,2022,28000,Tay ga,100 - 175 cc,Đang cập nhật,7.490000000000002
7.0,6.39,7.5,Yamaha,Jupiter,2011,10000,Xe số,100 - 175 cc,Đang cập nhật,1.1100000000000003
13.0,12.8,15.03,Piaggio,Vespa S125,2012,5342,Tay ga,100 - 175 cc,Nước khác,2.2299999999999986
45.0,44.98,52.8,Honda,SH,2013,50000,Tay ga,100 - 175 cc,Việt Nam,7.82
92.0,62.76,73.68,Honda,SH,2019,10000,Tay ga,100 - 175 cc,Việt Nam,10.920000000000009
30.0,28.8,33.8,Honda,Click,2014,25000,Tay ga,100 - 175 cc,Thái Lan,4.9999999999999964
190.0,101.46,119.11,Honda,SH,2012,80000,Tay ga,100 - 175 cc,Nhật Bản,17.650000000000006
55.5,36.33,42.65,Piaggio,Liberty,2023,3000,Tay ga,100 - 175 cc,Nước khác,6.32
18.0,10.02,11.76,Honda,Air Blade,2011,15,Tay ga,100 - 175 cc,Thái Lan,1.7400000000000002
185.0,156.4,183.6,Suzuki,GSX,2016,17000,Tay côn/Moto,Trên 175 cc,Nhật Bản,27.19999999999999
21.5,16.03,18.82,Honda,PCX,2011,60000,Tay ga,100 - 175 cc,Đang cập nhật,2.789999999999999
89.0,74.57,87.54,Honda,SH,2022,25856,Tay ga,100 - 175 cc,Việt Nam,12.970000000000013
15.0,10.73,12.6,Yamaha,Acruzo,2017,37430,Tay ga,100 - 175 cc,Đang cập nhật,1.8699999999999992
200.0,101.46,119.11,Honda,SH,2012,31000,Tay ga,100 - 175 cc,Nước khác,17.650000000000006
18.0,17.09,20.06,Yamaha,Exciter,2018,34000,Tay côn/Moto,100 - 175 cc,Việt Nam,2.969999999999999
30.0,14.49,17.01,Honda,Dream,1996,15000,Xe số,50 - 100 cc,Nhật Bản,2.5200000000000014
10.0,8.36,9.82,Hãng khác,K-Pipe,2017,10000,Xe số,Dưới 50 cc,Đang cập nhật,1.4600000000000009
18.5,78.55,92.21,Honda,SH,2025,38878,Tay ga,100 - 175 cc,Việt Nam,13.659999999999997
8.2,14.53,17.05,SYM,Dòng khác,1994,240000,Xe số,50 - 100 cc,Đài Loan,2.5200000000000014
13.5,11.68,13.72,Honda,Cub,1994,52000,Xe số,Dưới 50 cc,Nhật Bản,2.040000000000001
40.0,11.58,13.59,Honda,Dylan,2005,28000,Tay ga,100 - 175 cc,Đang cập nhật,2.01
22.0,13.86,16.27,Yamaha,Exciter,2014,500000,Tay côn/Moto,100 - 175 cc,Việt Nam,2.41
8.9,6.22,7.3,Yamaha,Sirius,2009,0,Xe số,100 - 175 cc,Nhật Bản,1.08
22.0,17.08,20.05,Honda,Winner X,2020,28000,Tay côn/Moto,100 - 175 cc,Nước khác,2.9700000000000024
18.5,15.38,18.06,Honda,Lead,2015,43000,Tay ga,100 - 175 cc,Nhật Bản,2.679999999999998
17.9,11.94,14.02,SYM,Wolf,2011,20000,Tay côn/Moto,100 - 175 cc,Đang cập nhật,2.08
64.0,11.52,13.52,Honda,Wave,2004,2230,Xe số,100 - 175 cc,Việt Nam,2.0
13.5,6.06,7.11,Honda,Wave,2010,68000,Xe số,100 - 175 cc,Nhật Bản,1.0500000000000007
18.0,6.48,7.61,Piaggio,Vespa,2009,38000,Tay ga,100 - 175 cc,Việt Nam,1.13
48.0,37.85,44.43,Honda,Air Blade,2024,3000,Tay ga,100 - 175 cc,Nhật Bản,6.579999999999998
15.8,16.51,19.38,Honda,Winner X,2019,62000,Tay côn/Moto,100 - 175 cc,Việt Nam,2.8699999999999974
7.0,6.14,7.21,Yamaha,Nouvo,2013,30000,Tay ga,100 - 175 cc,Việt Nam,1.0700000000000003
14.0,10.08,11.83,Honda,Wave,2003,100000,Xe số,100 - 175 cc,Việt Nam,1.75
47.0,43.1,50.6,Piaggio,Vespa,2019,20000,Tay ga,100 - 175 cc,Việt Nam,7.5
10.0,8.6,10.1,Honda,Air Blade,2009,10000,Tay ga,100 - 175 cc,Việt Nam,1.5
21.0,19.87,23.33,Piaggio,Medley,2016,29000,Tay ga,100 - 175 cc,Nước khác,3.4599999999999973
10.8,6.09,7.15,Yamaha,Mio,2007,10000,Tay ga,100 - 175 cc,Thái Lan,1.0600000000000005
23.0,21.3,25.0,Honda,Sonic,2017,300000,Tay côn/Moto,Không biết rõ,Việt Nam,3.6999999999999993
19.5,13.86,16.27,Yamaha,Exciter,2014,70000,Tay côn/Moto,100 - 175 cc,Việt Nam,2.41
10.8,6.09,7.15,Yamaha,Mio,2007,14800,Tay ga,100 - 175 cc,Thái Lan,1.0600000000000005
11.0,7.27,8.54,Honda,Wave,2007,22000,Xe số,50 - 100 cc,Nhật Bản,1.2699999999999996
25.0,19.01,22.32,Piaggio,Vespa,2014,100000,Tay ga,100 - 175 cc,Việt Nam,3.3099999999999987
62.0,39.06,45.86,Honda,CBR,2022,1433,Tay côn/Moto,100 - 175 cc,Đang cập nhật,6.799999999999997
150.0,69.27,81.32,Honda,SH,2021,53000,Tay ga,Trên 175 cc,Thái Lan,12.049999999999997
80.0,60.06,70.5,Piaggio,Sprint,2022,77000,Tay ga,100 - 175 cc,Nước khác,10.439999999999998
21.6,15.9,18.67,Honda,Air Blade,2015,9000,Tay ga,100 - 175 cc,Đang cập nhật,2.7700000000000014
119.0,73.25,85.99,Honda,SH,2023,2100,Tay ga,Trên 175 cc,Thái Lan,12.739999999999995
108.0,74.57,87.54,Honda,SH,2022,14000,Tay ga,Trên 175 cc,Thái Lan,12.970000000000013
80.0,98.4,115.51,Honda,SH,2010,320000,Tay ga,100 - 175 cc,Việt Nam,17.11
20.0,16.16,18.97,Yamaha,Exciter,2015,57000,Tay côn/Moto,100 - 175 cc,Việt Nam,2.8099999999999987
7.0,6.47,7.59,Yamaha,Mio,2011,32000,Tay ga,100 - 175 cc,Việt Nam,1.12
17.0,42.81,50.25,Yamaha,Exciter,2006,30000,Xe số,100 - 175 cc,Đang cập nhật,7.439999999999998
155.0,72.21,84.76,Honda,CBR,2019,5000,Tay côn/Moto,Trên 175 cc,Đang cập nhật,12.550000000000011
9.5,8.99,10.56,Honda,Air Blade,2012,80000,Tay ga,100 - 175 cc,Việt Nam,1.5700000000000003
5.7,69.83,81.97,Honda,Dòng khác,1992,30000,Xe số,100 - 175 cc,Thái Lan,12.14
50.0,32.11,37.7,Honda,Vario,2021,6726,Tay ga,100 - 175 cc,Thái Lan,5.590000000000003
19.5,21.1,24.77,Honda,Vision,2019,20000,Tay ga,100 - 175 cc,Nhật Bản,3.669999999999998
12.0,16.88,19.82,Honda,Dòng khác,2015,10000,Tay côn/Moto,100 - 175 cc,Nhật Bản,2.9400000000000013
2.3,6.82,8.01,Suzuki,Viva,2013,166840,Xe số,100 - 175 cc,Việt Nam,1.1899999999999995
12.5,14.57,17.1,Honda,Winner,2018,40000,Tay côn/Moto,100 - 175 cc,Nhật Bản,2.530000000000001
26.6,15.9,18.67,Honda,Air Blade,2015,9000,Tay ga,100 - 175 cc,Đang cập nhật,2.7700000000000014
18.5,19.42,22.8,Yamaha,Nvx,2017,38000,Tay ga,100 - 175 cc,Nhật Bản,3.379999999999999
28.5,41.35,48.54,Honda,Vario,2018,6400,Tay ga,100 - 175 cc,Nhật Bản,7.189999999999998
34.0,41.35,48.54,Honda,Vario,2018,35000,Tay ga,100 - 175 cc,Đang cập nhật,7.189999999999998
38.0,36.19,42.49,Honda,Vario,2024,1600,Tay ga,100 - 175 cc,Đang cập nhật,6.300000000000004
26.0,24.45,28.7,Honda,Vision,2021,18000,Tay ga,100 - 175 cc,Việt Nam,4.25
19.0,22.35,26.24,Honda,Air Blade,2018,19020,Tay ga,100 - 175 cc,Việt Nam,3.889999999999997
36.5,33.34,39.14,Honda,SH Mode,2017,42000,Tay ga,100 - 175 cc,Nhật Bản,5.799999999999997
18.5,16.1,18.9,Yamaha,Janus,2021,23200,Tay ga,100 - 175 cc,Đang cập nhật,2.799999999999997
72.9,58.13,68.25,Honda,SH,2018,15000,Tay ga,100 - 175 cc,Việt Nam,10.119999999999997
7.5,6.83,8.02,Yamaha,Luvias,2013,200000,Tay ga,100 - 175 cc,Nhật Bản,1.1899999999999995
55.0,55.2,64.8,Honda,SH,2017,100000,Tay ga,100 - 175 cc,Việt Nam,9.599999999999994
29.5,30.13,35.37,Honda,Vario,2019,27500,Tay ga,100 - 175 cc,Nước khác,5.239999999999998
128.0,111.64,131.05,Honda,CB,2020,18500,Tay côn/Moto,Trên 175 cc,Việt Nam,19.41000000000001
21.5,22.36,26.25,Yamaha,Exciter,2020,15000,Tay côn/Moto,100 - 175 cc,Việt Nam,3.8900000000000006
33.0,14.53,17.05,Piaggio,Vespa S125,2016,54000,Tay ga,100 - 175 cc,Việt Nam,2.5200000000000014
3.5,14.53,17.05,SYM,Angela,2006,8700,Xe số,50 - 100 cc,Việt Nam,2.5200000000000014
4.85,5.95,6.98,Honda,Spacy,2006,0,Tay ga,50 - 100 cc,Nhật Bản,1.0300000000000002
20.0,22.35,26.24,Honda,Air Blade,2018,48000,Tay ga,100 - 175 cc,Việt Nam,3.889999999999997
6.0,6.58,7.72,Honda,Wave,2011,15972,Xe số,100 - 175 cc,Đang cập nhật,1.1399999999999997
29.0,27.41,32.18,Honda,SH Mode,2015,56000,Tay ga,100 - 175 cc,Việt Nam,4.77
7.0,6.87,8.06,Honda,Wave,2012,55000,Xe số,100 - 175 cc,Việt Nam,1.1900000000000004
66.0,56.88,66.78,Yamaha,XSR,2022,14000,Tay côn/Moto,100 - 175 cc,Việt Nam,9.899999999999999
13.0,11.68,13.71,Honda,Wave,2019,70000,Xe số,100 - 175 cc,Nhật Bản,2.030000000000001
32.0,28.36,33.3,Honda,SH Mode,2014,54000,Tay ga,100 - 175 cc,Việt Nam,4.939999999999998
32.0,41.35,48.54,Honda,Vario,2018,54000,Tay ga,100 - 175 cc,Đang cập nhật,7.189999999999998
34.0,27.41,32.18,Honda,SH Mode,2015,56000,Tay ga,100 - 175 cc,Việt Nam,4.77
23.0,17.08,20.05,Honda,Winner X,2020,28000,Tay côn/Moto,100 - 175 cc,Việt Nam,2.9700000000000024
890.0,59.58,69.94,Piaggio,Vespa,2023,0,Tay ga,100 - 175 cc,Việt Nam,10.36
3.8,3.58,4.2,Yamaha,Nouvo,2009,10000,Tay ga,100 - 175 cc,Đang cập nhật,0.6200000000000001
2.2,6.69,7.85,Honda,Wave,2009,100000,Xe số,100 - 175 cc,Đang cập nhật,1.1599999999999993
8.5,6.87,8.06,Honda,Wave,2012,110000,Xe số,100 - 175 cc,Việt Nam,1.1900000000000004
10.0,6.88,8.07,Honda,Click,2008,5,Tay ga,100 - 175 cc,Nhật Bản,1.1900000000000004
13.0,11.68,13.71,Honda,Wave,2019,60000,Xe số,100 - 175 cc,Nhật Bản,2.030000000000001
53.0,41.9,49.18,Yamaha,Exciter,2010,100000,Xe số,100 - 175 cc,Đang cập nhật,7.280000000000001
8.0,8.39,9.85,Honda,Dòng khác,2013,48000,Tay ga,100 - 175 cc,Đài Loan,1.459999999999999
14.5,14.62,17.16,Yamaha,Exciter,2016,100000,Tay côn/Moto,100 - 175 cc,Đang cập nhật,2.540000000000001
23.0,6.74,7.91,Piaggio,Vespa,2011,30000,Tay ga,100 - 175 cc,Nước khác,1.17
21.9,23.44,27.51,Honda,Winner X,2022,16700,Tay côn/Moto,100 - 175 cc,Đang cập nhật,4.07
10.5,6.58,7.72,Honda,Wave,2011,40000,Xe số,100 - 175 cc,Việt Nam,1.1399999999999997
32.0,27.41,32.18,Honda,SH Mode,2015,55000,Tay ga,100 - 175 cc,Việt Nam,4.77
15.0,16.91,19.85,Hãng khác,Candy Hi,2023,6000,Xe số,50 - 100 cc,Đang cập nhật,2.9400000000000013
15.5,2.91,3.42,Honda,Dream,trước năm 1980,100000,Xe số,50 - 100 cc,Đang cập nhật,0.5099999999999998
21.0,20.71,24.32,Honda,Air Blade,2017,103000,Tay ga,100 - 175 cc,Việt Nam,3.6099999999999994
15.8,4.05,4.75,Honda,Dream,2018,0,Xe số,50 - 100 cc,Hàn Quốc,0.7000000000000002
250.0,39.46,46.33,Suzuki,Sport / Xipo,2000,87878,Tay côn/Moto,100 - 175 cc,Đang cập nhật,6.869999999999997
11.0,8.99,10.56,Honda,Air Blade,2012,33333,Tay ga,100 - 175 cc,Việt Nam,1.5700000000000003
29.753,29.76,34.94,Honda,PCX,2017,70000,Tay ga,100 - 175 cc,Việt Nam,5.179999999999996
33.0,28.79,33.8,Yamaha,Exciter,2022,27000,Tay côn/Moto,100 - 175 cc,Việt Nam,5.009999999999998
42.0,36.19,42.49,Honda,Vario,2024,400,Tay ga,100 - 175 cc,Việt Nam,6.300000000000004
1.0,10.08,11.83,Honda,Wave,2003,16888,Xe số,50 - 100 cc,Nhật Bản,1.75
2.7,6.65,7.81,Yamaha,Jupiter,2006,123987,Xe số,50 - 100 cc,Nhật Bản,1.1599999999999993
20.0,22.84,26.81,Honda,Beat,2022,66000,Tay ga,100 - 175 cc,Nước khác,3.969999999999999
37.5,32.75,38.45,Honda,Lead,2022,21000,Tay ga,100 - 175 cc,Việt Nam,5.700000000000003
70.0,111.87,131.33,Honda,SH,2011,35000,Tay ga,100 - 175 cc,Nước khác,19.460000000000008
15.0,19.92,23.38,Yamaha,Exciter,2019,100000,Tay côn/Moto,100 - 175 cc,Nhật Bản,3.4599999999999973
6.0,11.14,13.08,Honda,Dream,2015,1000,Xe số,100 - 175 cc,Thái Lan,1.9399999999999995
8.5,14.72,17.28,Honda,Giorno,2000,100000,Tay ga,Dưới 50 cc,Nhật Bản,2.5600000000000005
11.5,6.97,8.19,Yamaha,Sirius,2015,500,Xe số,50 - 100 cc,Nhật Bản,1.2199999999999998
54.9,37.85,44.43,Honda,Air Blade,2024,3500,Tay ga,100 - 175 cc,Việt Nam,6.579999999999998
70.8,62.76,73.68,Honda,SH,2019,9000,Tay ga,100 - 175 cc,Đang cập nhật,10.920000000000009
25.5,21.87,25.67,Honda,Vision,2020,29,Tay ga,100 - 175 cc,Việt Nam,3.8000000000000007
24.5,24.09,28.27,Suzuki,Satria,2022,16000,Tay côn/Moto,100 - 175 cc,Việt Nam,4.18
33.0,30.13,35.37,Honda,Vario,2019,43000,Tay ga,100 - 175 cc,Đang cập nhật,5.239999999999998
6.5,8.35,9.81,Yamaha,Sirius,2017,888888,Xe số,50 - 100 cc,Việt Nam,1.4600000000000009
6.5,6.91,8.12,Yamaha,Dòng khác,2010,50000,Tay ga,100 - 175 cc,Việt Nam,1.209999999999999
10.0,7.83,9.19,Honda,Dylan,2003,100000,Tay ga,100 - 175 cc,Nhật Bản,1.3599999999999994
27.9,21.87,25.67,Honda,Vision,2020,8000,Tay ga,100 - 175 cc,Việt Nam,3.8000000000000007
12.0,9.83,11.54,Honda,Wave,2017,50941,Xe số,100 - 175 cc,Đang cập nhật,1.709999999999999
18.5,41.7,48.95,Honda,CBR,2015,9872,Tay côn/Moto,100 - 175 cc,Nước khác,7.25
80.0,65.71,77.13,Honda,SH,2020,12000,Tay ga,100 - 175 cc,Đang cập nhật,11.420000000000002
23.5,21.1,24.77,Honda,Vision,2019,20000,Tay ga,100 - 175 cc,Việt Nam,3.669999999999998
14.5,15.19,17.83,Honda,Air Blade,2014,68000,Tay ga,100 - 175 cc,Việt Nam,2.639999999999999
18.5,52.61,61.76,Honda,Dòng khác,2023,5,Xe số,50 - 100 cc,Nước khác,9.149999999999999
60.0,50.95,59.81,Honda,ADV 150,2020,75000,Tay ga,100 - 175 cc,Đang cập nhật,8.86
28.0,23.44,27.51,Honda,Winner X,2022,25000,Tay côn/Moto,100 - 175 cc,Việt Nam,4.07
18.5,9.73,11.42,Honda,Wave,2016,11000,Xe số,50 - 100 cc,Nhật Bản,1.6899999999999995
34.8,34.12,40.05,Honda,Air Blade,2022,10000,Tay ga,100 - 175 cc,Việt Nam,5.93
6.0,6.82,8.01,Honda,Wave,2008,649845,Xe số,50 - 100 cc,Trung Quốc,1.1899999999999995
45.0,30.13,35.37,Honda,Vario,2019,10000,Tay ga,100 - 175 cc,Nước khác,5.239999999999998
45.0,32.75,38.45,Honda,Lead,2022,13000,Tay ga,100 - 175 cc,Việt Nam,5.700000000000003
19.8,16.51,19.38,Honda,Winner X,2019,58000,Tay côn/Moto,100 - 175 cc,Việt Nam,2.8699999999999974
190.0,98.4,115.51,Honda,SH,2010,3100,Tay ga,100 - 175 cc,Nước khác,17.11
82.0,74.57,87.54,Honda,SH,2022,7500,Tay ga,100 - 175 cc,Việt Nam,12.970000000000013
29.9,25.09,29.45,Piaggio,Vespa,2016,30,Tay ga,100 - 175 cc,Nước khác,4.359999999999999
10.8,11.67,13.7,Honda,Lead,2013,30000,Tay ga,100 - 175 cc,Việt Nam,2.0299999999999994
29.0,14.51,17.04,Yamaha,Exciter,2013,1,Xe số,100 - 175 cc,Nước khác,2.5299999999999994
16.5,14.27,16.76,Honda,Wave,2023,300000,Xe số,100 - 175 cc,Nhật Bản,2.490000000000002
19.8,15.9,18.67,Honda,Air Blade,2015,20000,Tay ga,100 - 175 cc,Việt Nam,2.7700000000000014
68.5,58.13,68.25,Honda,SH,2018,18000,Tay ga,100 - 175 cc,Việt Nam,10.119999999999997
37.8,29.93,35.13,Honda,Air Blade,2020,15000,Tay ga,100 - 175 cc,Việt Nam,5.200000000000003
35.8,30.13,35.37,Honda,Vario,2019,15000,Tay ga,100 - 175 cc,Nước khác,5.239999999999998
40.0,36.8,43.2,Hãng khác,Kawasaki,2022,34662,Tay côn/Moto,Trên 175 cc,Thái Lan,6.400000000000006
6.5,8.28,9.73,Honda,Wave,2015,668880,Xe số,50 - 100 cc,Hàn Quốc,1.450000000000001
7.0,11.68,13.72,Honda,Cub,1994,55000,Xe số,50 - 100 cc,Nhật Bản,2.040000000000001
10.5,11.49,13.49,Honda,Blade,2020,10000,Xe số,50 - 100 cc,Nước khác,2.0
49.5,36.71,43.1,Honda,Air Blade,2023,9000,Tay ga,100 - 175 cc,Việt Nam,6.390000000000001
40.8,34.12,40.05,Honda,Air Blade,2022,9500,Tay ga,100 - 175 cc,Việt Nam,5.93
71.6,65.71,77.13,Honda,SH,2020,900,Tay ga,100 - 175 cc,Đang cập nhật,11.420000000000002
21.0,17.83,20.93,Honda,Winner X,2021,36400,Tay côn/Moto,100 - 175 cc,Việt Nam,3.1000000000000014
31.8,28.36,33.3,Honda,SH Mode,2014,15000,Tay ga,100 - 175 cc,Việt Nam,4.939999999999998
25.0,24.09,28.28,Honda,PCX,2015,59000,Tay ga,100 - 175 cc,Việt Nam,4.190000000000001
28.0,22.99,26.99,Yamaha,Nvx,2019,4600,Tay ga,100 - 175 cc,Việt Nam,4.0
35.0,30.1,35.33,Honda,SH Mode,2016,62351,Tay ga,100 - 175 cc,Việt Nam,5.229999999999997
28.9,20.97,24.61,Piaggio,GTS,2016,25,Tay ga,100 - 175 cc,Nước khác,3.6400000000000006
25.0,23.76,27.89,Honda,Beat,2024,10000,Tay ga,100 - 175 cc,Đang cập nhật,4.129999999999999
268.0,14.53,17.05,Hãng khác,Hypermotard,2017,1868,Tay côn/Moto,Trên 175 cc,Thái Lan,2.5200000000000014
4.5,5.1,5.99,Yamaha,Mio,2009,40000,Tay ga,100 - 175 cc,Việt Nam,0.8900000000000006
29.0,19.93,23.39,Piaggio,Liberty,2019,13500,Tay ga,100 - 175 cc,Việt Nam,3.460000000000001
40.0,28.89,33.91,Hãng khác,Legend Gentleman 200,2020,26000,Tay côn/Moto,Trên 175 cc,Thái Lan,5.019999999999996
38.5,32.75,38.45,Honda,Lead,2022,10000,Tay ga,100 - 175 cc,Việt Nam,5.700000000000003
8.6,6.68,7.84,Honda,Lead,2010,30000,Tay ga,100 - 175 cc,Việt Nam,1.1600000000000001
38.5,33.34,39.14,Honda,SH Mode,2017,18000,Tay ga,100 - 175 cc,Việt Nam,5.799999999999997
9.99,4.62,5.42,Yamaha,Mio,2008,9999,Tay ga,100 - 175 cc,Đang cập nhật,0.7999999999999998
25.0,10.08,11.83,Honda,Dream,2016,15000,Xe số,100 - 175 cc,Việt Nam,1.75
179.0,101.46,119.11,Honda,SH,2012,31000,Tay ga,100 - 175 cc,Nước khác,17.650000000000006
13.0,12.96,15.22,Honda,Future,2015,13000,Xe số,100 - 175 cc,Nhật Bản,2.26
48.0,41.9,49.18,Yamaha,Exciter,2010,111111,Tay côn/Moto,100 - 175 cc,Đang cập nhật,7.280000000000001
133.0,111.87,131.33,Honda,SH,2011,20000,Tay ga,100 - 175 cc,Nhật Bản,19.460000000000008
40.0,19.45,22.83,Honda,Spacy,2000,24000,Tay ga,100 - 175 cc,Nhật Bản,3.379999999999999
79.0,30.36,35.64,Honda,CBR,2013,33719,Tay côn/Moto,100 - 175 cc,Đang cập nhật,5.280000000000001
15.7,18.47,21.68,Honda,Vision,2018,26000,Tay ga,100 - 175 cc,Việt Nam,3.210000000000001
67.0,50.55,59.34,Honda,Click,2016,32000,Tay ga,100 - 175 cc,Thái Lan,8.790000000000006
4.8,5.84,6.85,Yamaha,Nouvo,2014,120000,Tay ga,100 - 175 cc,Nhật Bản,1.0099999999999998
10.8,8.99,10.56,Honda,Air Blade,2012,44000,Tay ga,100 - 175 cc,Việt Nam,1.5700000000000003
14.3,15.31,17.97,Honda,Lead,2014,10000,Tay ga,100 - 175 cc,Nhật Bản,2.6599999999999984
14.999999,13.83,16.24,Honda,Air Blade,2013,699999,Tay ga,100 - 175 cc,Nhật Bản,2.4099999999999984
36.0,29.92,35.13,Piaggio,Sprint,2016,16000,Tay ga,100 - 175 cc,Việt Nam,5.210000000000001
112.0,73.25,85.99,Honda,SH,2023,11000,Tay ga,Trên 175 cc,Thái Lan,12.739999999999995
16.8,14.57,17.1,Honda,Winner,2018,300000,Tay côn/Moto,100 - 175 cc,Việt Nam,2.530000000000001
60.0,55.2,64.8,Hãng khác,Dòng khác,2016,20000,Tay côn/Moto,Trên 175 cc,Hàn Quốc,9.599999999999994
13.3,8.7,10.21,Honda,Cub,2004,15000,Xe số,50 - 100 cc,Việt Nam,1.5100000000000016
6.5,7.98,9.37,Yamaha,Sirius,2016,10000,Xe số,100 - 175 cc,Việt Nam,1.3899999999999988
20.0,10.12,11.88,Honda,Dòng khác,2012,2345,Tay ga,Dưới 50 cc,Nhật Bản,1.7600000000000016
58.0,44.41,52.13,Honda,SH,2016,11246,Tay ga,100 - 175 cc,Đang cập nhật,7.720000000000006
82.0,16.31,19.14,Honda,Wave,2024,4984,Xe số,50 - 100 cc,Thái Lan,2.830000000000002
4.0,3.68,4.32,Hãng khác,Dòng khác,2004,189,Tay ga,100 - 175 cc,Đài Loan,0.6400000000000001
4.0,3.68,4.32,Hãng khác,Dòng khác,2004,189,Tay ga,100 - 175 cc,Đài Loan,0.6400000000000001
65.5,41.35,48.54,Honda,Vario,2018,30000,Tay ga,100 - 175 cc,Nước khác,7.189999999999998
270.0,14.53,17.05,Hãng khác,Hypermotard,2017,1867,Tay côn/Moto,Trên 175 cc,Thái Lan,2.5200000000000014
28.0,23.11,27.13,Honda,Sonic,2020,13000,Tay côn/Moto,100 - 175 cc,Nước khác,4.02
128.0,55.2,64.8,Honda,SH,2017,43000,Tay ga,Trên 175 cc,Nước khác,9.599999999999994
4.8,4.18,4.91,Yamaha,Nouvo,2011,45000,Tay ga,100 - 175 cc,Nhật Bản,0.7300000000000004
8.5,7.27,8.54,Honda,Wave,2007,0,Xe số,100 - 175 cc,Nhật Bản,1.2699999999999996
30.0,27.45,32.22,Honda,Lead,2020,27000,Tay ga,100 - 175 cc,Việt Nam,4.77
50.0,12.42,14.58,Honda,Dylan,2008,20000,Tay ga,100 - 175 cc,Nước khác,2.16
53.0,52.54,61.68,Honda,SH Mode,2023,99999,Tay ga,100 - 175 cc,Nhật Bản,9.14
20.5,14.62,17.16,Yamaha,Exciter,2016,45000,Tay côn/Moto,100 - 175 cc,Nước khác,2.540000000000001
53.0,47.9,56.24,Honda,SH Mode,2021,13000,Tay ga,100 - 175 cc,Việt Nam,8.340000000000003
8.5,6.68,7.84,Honda,Lead,2010,50000,Tay ga,100 - 175 cc,Việt Nam,1.1600000000000001
100.0,21.52,25.27,Honda,Spacy,2007,30000,Tay ga,100 - 175 cc,Nhật Bản,3.75
6.0,5.52,6.48,Hãng khác,Dòng khác,2019,6300,Xe số,Dưới 50 cc,Đang cập nhật,0.9600000000000009
16.5,7.62,8.94,Honda,Air Blade,2008,500000,Tay ga,100 - 175 cc,Thái Lan,1.3199999999999994
19.0,17.48,20.52,Hãng khác,Demon X 125cc,2020,15900,Xe số,100 - 175 cc,Thái Lan,3.039999999999999
67.0,55.2,64.8,Honda,SH,2017,30000,Tay ga,100 - 175 cc,Việt Nam,9.599999999999994
19.0,12.85,15.09,Honda,Wave,2025,2,Xe số,100 - 175 cc,Nhật Bản,2.24
89.0,31.06,36.46,Yamaha,R,2019,3000,Tay côn/Moto,Trên 175 cc,Nước khác,5.400000000000002
10.0,6.91,8.11,Honda,Air Blade,2007,70000,Tay ga,100 - 175 cc,Đang cập nhật,1.1999999999999993
14.9,14.1,16.55,Honda,Wave,2022,10999,Xe số,100 - 175 cc,Việt Nam,2.450000000000001
45.0,24.84,29.16,Honda,Spacy,2004,50000,Tay ga,100 - 175 cc,Nhật Bản,4.32
27.999999,17.59,20.65,Honda,Dòng khác,1997,99999,Tay côn/Moto,100 - 175 cc,Nhật Bản,3.0599999999999987
20.8,18.47,21.68,Honda,Vision,2018,12345,Tay ga,100 - 175 cc,Việt Nam,3.210000000000001
16.5,23.78,27.91,Yamaha,Dòng khác,2017,40000,Tay côn/Moto,100 - 175 cc,Nhật Bản,4.129999999999999
117.0,74.57,87.54,Honda,SH,2022,3500,Tay ga,Trên 175 cc,Thái Lan,12.970000000000013
26.0,23.96,28.12,Honda,Lead,2019,46000,Tay ga,100 - 175 cc,Việt Nam,4.16
40.8,34.12,40.05,Honda,Air Blade,2022,8100,Tay ga,100 - 175 cc,Việt Nam,5.93
168.5,111.87,131.33,Honda,SH,2011,16000,Tay ga,100 - 175 cc,Nước khác,19.460000000000008
66.8,73.25,85.99,Honda,SH,2023,4700,Tay ga,100 - 175 cc,Việt Nam,12.739999999999995
16.0,14.57,17.1,Honda,Winner,2018,60000,Tay côn/Moto,100 - 175 cc,Đang cập nhật,2.530000000000001
49.0,36.19,42.49,Honda,Vario,2024,35000,Tay ga,100 - 175 cc,Đang cập nhật,6.300000000000004
75.0,8.02,9.42,Suzuki,Dòng khác,2010,50000,Tay côn/Moto,Trên 175 cc,Nhật Bản,1.4000000000000004
70.0,63.41,74.44,Yamaha,XSR,2024,1600,Tay côn/Moto,100 - 175 cc,Nước khác,11.030000000000001
18.0,15.31,17.97,Honda,Lead,2014,60000,Tay ga,100 - 175 cc,Đang cập nhật,2.6599999999999984
13.5,23.78,27.91,Yamaha,Dòng khác,2017,30000,Tay ga,100 - 175 cc,Nước khác,4.129999999999999
8.5,17.09,20.06,Yamaha,Exciter,2018,11000,Tay côn/Moto,100 - 175 cc,Nhật Bản,2.969999999999999
23.888888,22.35,26.24,Honda,Air Blade,2018,30000,Tay ga,100 - 175 cc,Việt Nam,3.889999999999997
13.8,7.65,8.98,Honda,Wave,2013,405000,Xe số,50 - 100 cc,Nhật Bản,1.33
6.5,7.94,9.32,Honda,Wave,2014,10000,Xe số,100 - 175 cc,Việt Nam,1.38
10.0,8.6,10.1,Honda,Air Blade,2009,418989,Tay ga,100 - 175 cc,Nhật Bản,1.5
5.5,6.91,8.11,Honda,Air Blade,2007,50000,Tay ga,100 - 175 cc,Đang cập nhật,1.1999999999999993
189.0,101.46,119.11,Honda,SH,2012,20000,Tay ga,100 - 175 cc,Nước khác,17.650000000000006
33.0,30.1,35.33,Honda,SH Mode,2016,18000,Tay ga,100 - 175 cc,Việt Nam,5.229999999999997
26.9,17.45,20.48,Honda,Wave,2000,99999,Xe số,100 - 175 cc,Thái Lan,3.030000000000001
25.0,10.08,11.83,Honda,Dream,2016,19000,Xe số,100 - 175 cc,Thái Lan,1.75
85.0,76.82,90.18,Honda,ADV 160,2023,11000,Tay ga,100 - 175 cc,Đang cập nhật,13.360000000000014
8.6,6.1,7.16,Honda,Lead,2009,28961,Tay ga,100 - 175 cc,Nhật Bản,1.0600000000000005
35.0,72.21,84.76,Honda,CBR,2019,9577,Tay côn/Moto,100 - 175 cc,Nước khác,12.550000000000011
25.0,23.78,27.91,Honda,Air Blade,2019,30000,Tay ga,100 - 175 cc,Đang cập nhật,4.129999999999999
80.0,69.27,81.32,Honda,SH,2021,12000,Tay ga,100 - 175 cc,Việt Nam,12.049999999999997
9.5,6.58,7.72,Honda,Wave,2011,40000,Xe số,100 - 175 cc,Việt Nam,1.1399999999999997
6.0,9.14,10.73,Honda,Blade,2016,250,Xe số,50 - 100 cc,Thái Lan,1.5899999999999999
31.5,29.93,35.13,Honda,Air Blade,2020,30000,Tay ga,100 - 175 cc,Việt Nam,5.200000000000003
68.0,73.25,85.99,Honda,SH,2023,4400,Tay ga,100 - 175 cc,Việt Nam,12.739999999999995
3.7,4.18,4.9,Suzuki,Hayate,2012,1000,Tay ga,100 - 175 cc,Nhật Bản,0.7200000000000006
21.5,29.19,34.26,Honda,Future,2009,700000,Xe số,100 - 175 cc,Nhật Bản,5.069999999999997
72.0,58.13,68.25,Honda,SH,2018,15000,Tay ga,100 - 175 cc,Việt Nam,10.119999999999997
7.0,14.53,17.05,Honda,@,2001,70000,Xe số,100 - 175 cc,Trung Quốc,2.5200000000000014
5.5,4.01,4.71,Yamaha,Nouvo,2010,100000,Tay ga,100 - 175 cc,Nhật Bản,0.7000000000000002
20.8,15.19,17.83,Honda,Air Blade,2014,26000,Tay ga,100 - 175 cc,Nhật Bản,2.639999999999999
47.0,14.53,17.05,Hãng khác,Duke 250,2019,7000,Tay côn/Moto,Trên 175 cc,Đang cập nhật,2.5200000000000014
94.8,111.87,131.33,Honda,SH,2011,38000,Tay ga,100 - 175 cc,Việt Nam,19.460000000000008
25.0,10.08,11.83,Honda,Dream,2016,19000,Xe số,100 - 175 cc,Việt Nam,1.75
50.0,40.61,47.67,Honda,SH,2008,20000,Tay ga,100 - 175 cc,Đang cập nhật,7.060000000000002
38.8,36.71,43.1,Honda,Air Blade,2023,4600,Tay ga,100 - 175 cc,Việt Nam,6.390000000000001
8.5,8.5,9.98,Suzuki,Xbike,2012,10000,Xe số,100 - 175 cc,Nhật Bản,1.4800000000000004
17.0,14.57,17.1,Honda,Winner,2018,35000,Tay côn/Moto,100 - 175 cc,Nước khác,2.530000000000001
11.0,13.38,15.71,Honda,Winner,2017,50000,Tay côn/Moto,100 - 175 cc,Đang cập nhật,2.33
12.0,5.98,7.02,Yamaha,Luvias,2011,1000,Tay ga,100 - 175 cc,Việt Nam,1.0399999999999991
4.5,6.62,7.78,SYM,EZ,2010,53993,Xe số,100 - 175 cc,Đài Loan,1.1600000000000001
39.8,43.1,50.6,Piaggio,Vespa,2019,30000,Tay ga,100 - 175 cc,Việt Nam,7.5
16.5,15.38,18.06,Honda,Lead,2015,48000,Tay ga,50 - 100 cc,Việt Nam,2.679999999999998
6.9,4.14,4.86,Piaggio,Zip,2008,32,Tay ga,100 - 175 cc,Đang cập nhật,0.7200000000000006
22.8,19.98,23.46,Honda,Air Blade,2016,18000,Tay ga,100 - 175 cc,Việt Nam,3.4800000000000004
38.5,35.93,42.18,Honda,SH Mode,2018,15000,Tay ga,100 - 175 cc,Việt Nam,6.25
18.5,16.53,19.41,Honda,Lead,2016,18000,Tay ga,100 - 175 cc,Việt Nam,2.879999999999999
49.5,49.35,57.93,Honda,SH Mode,2022,8800,Tay ga,100 - 175 cc,Việt Nam,8.579999999999998
19.5,15.9,18.67,Honda,Air Blade,2015,18000,Tay ga,100 - 175 cc,Việt Nam,2.7700000000000014
62.5,54.03,63.43,Honda,SH Mode,2024,5500,Tay ga,100 - 175 cc,Việt Nam,9.399999999999999
45.8,35.34,41.48,Honda,Vario,2023,9500,Tay ga,100 - 175 cc,Việt Nam,6.1399999999999935
28.5,26.0,30.52,Yamaha,PG-1,2024,3000,Xe số,100 - 175 cc,Việt Nam,4.52
35.3,32.11,37.7,Honda,Vario,2021,10000,Tay ga,100 - 175 cc,Việt Nam,5.590000000000003
5.5,7.79,9.15,Honda,Cub,1995,55000,Xe số,Dưới 50 cc,Đang cập nhật,1.3600000000000003
40.5,36.19,42.49,Honda,Vario,2024,1300,Tay ga,100 - 175 cc,Việt Nam,6.300000000000004
27.8,20.77,24.39,Honda,Future,2019,14234,Xe số,100 - 175 cc,Nhật Bản,3.620000000000001
11.5,10.54,12.37,Honda,Vision,2012,45000,Tay ga,100 - 175 cc,Việt Nam,1.83
16.5,14.62,17.16,Yamaha,Exciter,2016,200000,Tay côn/Moto,100 - 175 cc,Việt Nam,2.540000000000001
3.2,25.09,29.45,Honda,Future,2022,2500,Xe số,100 - 175 cc,Việt Nam,4.359999999999999
90.0,65.28,76.63,Honda,SH,2009,888888,Tay ga,100 - 175 cc,Nước khác,11.349999999999994
2.5,3.24,3.8,SYM,Attila,2010,100000,Tay ga,100 - 175 cc,Nước khác,0.5599999999999996
10.3,10.02,11.76,Honda,Air Blade,2011,82000,Tay ga,100 - 175 cc,Nhật Bản,1.7400000000000002
20.0,17.18,20.17,Yamaha,Janus,2022,24000,Tay ga,100 - 175 cc,Việt Nam,2.990000000000002
41.0,33.86,39.74,Honda,CG125Fi,2022,12000,Tay ga,100 - 175 cc,Việt Nam,5.880000000000003
18.0,25.66,30.12,Honda,Future,2010,15,Xe số,100 - 175 cc,Việt Nam,4.460000000000001
5.3,4.53,5.31,Yamaha,Taurus,2010,34017,Xe số,50 - 100 cc,Nhật Bản,0.7799999999999994
12.5,11.46,13.45,Honda,Future,2014,31000,Xe số,100 - 175 cc,Đang cập nhật,1.9899999999999984
7.0,7.86,9.22,Honda,Click,2011,50000,Tay ga,100 - 175 cc,Đang cập nhật,1.3600000000000003
26.8,21.87,25.67,Honda,Vision,2020,19000,Tay ga,100 - 175 cc,Việt Nam,3.8000000000000007
13.5,6.82,8.01,Honda,Wave,2008,123456,Xe số,100 - 175 cc,Nhật Bản,1.1899999999999995
18.3,13.83,16.24,Honda,Air Blade,2013,25000,Tay ga,100 - 175 cc,Việt Nam,2.4099999999999984
36.3,32.11,37.7,Honda,Vario,2021,21000,Tay ga,100 - 175 cc,Nước khác,5.590000000000003
79.0,98.4,115.51,Honda,SH,2010,140000,Tay ga,100 - 175 cc,Việt Nam,17.11
48.5,41.35,48.54,Honda,Vario,2018,15000,Tay ga,100 - 175 cc,Nước khác,7.189999999999998
12.6,15.9,18.67,Honda,Air Blade,2015,20000,Tay ga,100 - 175 cc,Nước khác,2.7700000000000014
9.2,8.6,10.1,Honda,Air Blade,2009,43000,Tay ga,100 - 175 cc,Việt Nam,1.5
45.5,42.81,50.25,Yamaha,Exciter,2006,10,Xe số,100 - 175 cc,Việt Nam,7.439999999999998
7.7,8.6,10.1,Honda,Air Blade,2009,39000,Tay ga,100 - 175 cc,Thái Lan,1.5
99.999999,75.76,88.93,Honda,SH,2024,14000,Tay ga,Trên 175 cc,Đang cập nhật,13.170000000000002
10.0,14.53,17.05,SYM,Wolf,2009,30000,Tay côn/Moto,100 - 175 cc,Đang cập nhật,2.5200000000000014
15.0,13.34,15.66,Yamaha,Sirius,2023,21025,Xe số,100 - 175 cc,Nhật Bản,2.3200000000000003
61.0,52.54,61.68,Honda,SH Mode,2023,1185,Tay ga,100 - 175 cc,Nhật Bản,9.14
75.0,65.71,77.13,Honda,SH,2020,31000,Tay ga,100 - 175 cc,Nhật Bản,11.420000000000002
68.8,73.25,85.99,Honda,SH,2023,8122,Tay ga,100 - 175 cc,Nhật Bản,12.739999999999995
325.0,304.37,357.3,Hãng khác,48,2021,2236,Tay côn/Moto,Trên 175 cc,Nước khác,52.93000000000001
11.5,15.61,18.32,Honda,Dream,1999,18000,Xe số,50 - 100 cc,Nhật Bản,2.710000000000001
15.0,15.01,17.62,Hãng khác,Candy Hi,2021,10000,Tay ga,Dưới 50 cc,Đài Loan,2.610000000000001
5.8,4.62,5.42,Yamaha,Mio,2008,39000,Tay ga,100 - 175 cc,Thái Lan,0.7999999999999998
6.9,6.68,7.84,Honda,Lead,2010,39000,Tay ga,100 - 175 cc,Thái Lan,1.1600000000000001
9.8,11.03,12.95,Honda,Vision,2013,39000,Tay ga,100 - 175 cc,Thái Lan,1.92
8.5,6.88,8.07,Honda,Click,2008,54545,Tay ga,100 - 175 cc,Nhật Bản,1.1900000000000004
12.5,13.82,16.22,Yamaha,Exciter,2012,200000,Tay côn/Moto,100 - 175 cc,Nhật Bản,2.3999999999999986
7.5,6.87,8.06,Honda,Wave,2012,94256,Xe số,100 - 175 cc,Việt Nam,1.1900000000000004
14.0,13.82,16.22,Yamaha,Exciter,2012,20000,Tay côn/Moto,100 - 175 cc,Đang cập nhật,2.3999999999999986
4.9,3.72,4.37,Suzuki,Hayate,2010,39000,Tay ga,100 - 175 cc,Thái Lan,0.6499999999999999
6.9,8.6,10.1,Honda,Air Blade,2009,39000,Tay ga,100 - 175 cc,Thái Lan,1.5
7.9,8.74,10.26,Yamaha,Luvias,2014,39000,Tay ga,100 - 175 cc,Thái Lan,1.5199999999999996
3.5,3.82,4.48,SYM,Attila,2012,25000,Tay ga,100 - 175 cc,Đang cập nhật,0.6600000000000006
5.7,4.62,5.42,Yamaha,Mio,2008,39000,Tay ga,100 - 175 cc,Thái Lan,0.7999999999999998
10.5,6.69,7.85,Honda,Wave,2009,66666,Xe số,100 - 175 cc,Nhật Bản,1.1599999999999993
7.0,6.58,7.72,Honda,Wave,2011,45678,Xe số,100 - 175 cc,Nhật Bản,1.1399999999999997
8.49,8.99,10.56,Honda,Air Blade,2012,50000,Tay ga,100 - 175 cc,Việt Nam,1.5700000000000003
8.0,6.67,7.82,Yamaha,Nouvo,2017,660000,Tay ga,100 - 175 cc,Việt Nam,1.1500000000000004
25.8,26.31,30.89,Honda,Vision,2022,3300,Tay ga,100 - 175 cc,Việt Nam,4.580000000000002
30.0,29.62,34.78,Honda,Future,2024,3000,Xe số,100 - 175 cc,Việt Nam,5.16
8.9,7.31,8.58,Yamaha,Sirius,2012,19000,Xe số,100 - 175 cc,Đang cập nhật,1.2700000000000005
18.4,16.51,19.38,Honda,Winner X,2019,20,Tay côn/Moto,100 - 175 cc,Đang cập nhật,2.8699999999999974
6.7,6.06,7.11,Honda,Wave,2010,25000,Xe số,100 - 175 cc,Đang cập nhật,1.0500000000000007
6.5,7.35,8.63,Honda,Click,2010,25000,Tay ga,100 - 175 cc,Đang cập nhật,1.2800000000000011
5.7,6.06,7.11,Honda,Wave,2010,39000,Xe số,100 - 175 cc,Hàn Quốc,1.0500000000000007
50.0,36.71,43.1,Honda,Air Blade,2023,4000,Tay ga,100 - 175 cc,Việt Nam,6.390000000000001
7.5,6.09,7.15,Yamaha,Mio,2007,90000,Tay ga,100 - 175 cc,Nước khác,1.0600000000000005
179.0,111.87,131.33,Honda,SH,2011,19000,Tay ga,100 - 175 cc,Đang cập nhật,19.460000000000008
4.5,6.87,8.06,Honda,Wave,2012,18000,Xe số,100 - 175 cc,Nước khác,1.1900000000000004
11.0,9.73,11.42,Honda,Wave,2016,30000,Xe số,100 - 175 cc,Việt Nam,1.6899999999999995
72.0,73.25,85.99,Honda,SH,2023,8000,Tay ga,100 - 175 cc,Đang cập nhật,12.739999999999995
4.77,6.06,7.11,Honda,Wave,2010,15,Xe số,100 - 175 cc,Nhật Bản,1.0500000000000007
4.27,6.06,7.11,Honda,Wave,2010,15,Xe số,100 - 175 cc,Nhật Bản,1.0500000000000007
3.97,8.62,10.12,Honda,Dream,2010,15,Xe số,100 - 175 cc,Nhật Bản,1.5
6.5,7.62,8.94,Honda,Air Blade,2008,25000,Tay ga,100 - 175 cc,Đang cập nhật,1.3199999999999994
12.0,10.48,12.3,Honda,67,1998,9999,Tay côn/Moto,100 - 175 cc,Nhật Bản,1.8200000000000003
58.0,51.19,60.09,Yamaha,MT,2021,6068,Tay côn/Moto,100 - 175 cc,Thái Lan,8.900000000000006
55.9,25.66,30.12,Honda,Future,2010,19100,Xe số,100 - 175 cc,Việt Nam,4.460000000000001
9.5,13.83,16.24,Honda,Air Blade,2013,4587,Tay ga,100 - 175 cc,Việt Nam,2.4099999999999984
5.9,13.7,16.08,Honda,Dòng khác,2025,0,Xe số,100 - 175 cc,Việt Nam,2.379999999999999
25.999,24.45,28.7,Honda,Vision,2021,11100,Tay ga,100 - 175 cc,Việt Nam,4.25
13.5,11.68,13.71,Honda,Wave,2019,16,Xe số,100 - 175 cc,Đang cập nhật,2.030000000000001
30.0,26.9,31.58,Yamaha,Grande,2021,24000,Tay ga,100 - 175 cc,Việt Nam,4.68
1.234567,2.4,2.81,SYM,Attila,2005,50000,Tay ga,100 - 175 cc,Đài Loan,0.41000000000000014
30.0,24.61,28.89,Honda,Future,2011,60000,Xe số,100 - 175 cc,Nhật Bản,4.280000000000001
29.5,28.79,33.8,Yamaha,Exciter,2022,40000,Tay côn/Moto,100 - 175 cc,Việt Nam,5.009999999999998
45.0,8.99,10.56,Honda,Air Blade,2012,20000,Tay ga,100 - 175 cc,Thái Lan,1.5700000000000003
86.0,62.76,73.68,Honda,SH,2019,9000,Tay ga,100 - 175 cc,Đang cập nhật,10.920000000000009
21.5,19.01,22.32,Piaggio,Vespa,2014,27000,Tay ga,100 - 175 cc,Nước khác,3.3099999999999987
4.3,4.09,4.8,Hãng khác,Dòng khác,2005,965436,Xe số,100 - 175 cc,Hàn Quốc,0.71
1.5,6.82,8.01,Honda,Cub,trước năm 1980,9999,Xe số,Dưới 50 cc,Nhật Bản,1.1899999999999995
10.5,2.56,3.0,Hãng khác,Dòng khác,1997,5000,Tay côn/Moto,100 - 175 cc,Hàn Quốc,0.43999999999999995
10.5,10.02,11.76,Honda,Air Blade,2011,500000,Tay ga,100 - 175 cc,Nhật Bản,1.7400000000000002
20.0,23.44,27.51,Honda,Winner X,2022,18000,Tay côn/Moto,100 - 175 cc,Việt Nam,4.07
15.0,4.85,5.69,Honda,Cub,1990,10000,Xe số,50 - 100 cc,Nhật Bản,0.8400000000000007
8.9,8.35,9.81,Yamaha,Sirius,2017,21345,Xe số,100 - 175 cc,Việt Nam,1.4600000000000009
6.0,5.81,6.82,Honda,Lead,2008,0,Tay ga,100 - 175 cc,Nước khác,1.0100000000000007
15.0,14.51,17.04,Yamaha,Exciter,2013,60000,Tay côn/Moto,100 - 175 cc,Nhật Bản,2.5299999999999994
3.5,14.53,17.05,Hãng khác,Kawasaki,2007,50000,Xe số,100 - 175 cc,Nhật Bản,2.5200000000000014
15.0,35.74,41.95,Honda,Dòng khác,1998,99999,Tay côn/Moto,100 - 175 cc,Thái Lan,6.210000000000001
10.5,8.99,10.56,Honda,Air Blade,2012,20000,Tay ga,100 - 175 cc,Nhật Bản,1.5700000000000003
23.0,19.98,23.46,Honda,Air Blade,2016,46000,Tay ga,100 - 175 cc,Việt Nam,3.4800000000000004
11.6,8.62,10.12,Honda,Dream,2010,2000,Xe số,50 - 100 cc,Nhật Bản,1.5
15.0,10.55,12.38,Honda,Wave,2002,100000,Xe số,50 - 100 cc,Việt Nam,1.83
26.0,19.98,23.46,Honda,Air Blade,2016,44338,Tay ga,100 - 175 cc,Đang cập nhật,3.4800000000000004
34.9,11.13,13.07,Hãng khác,Dòng khác,2023,10000,Tay ga,Trên 175 cc,Việt Nam,1.9399999999999995
22.5,17.83,20.93,Honda,Winner X,2021,12345,Tay côn/Moto,100 - 175 cc,Việt Nam,3.1000000000000014
55.0,44.98,52.8,Honda,SH,2013,44000,Tay ga,100 - 175 cc,Việt Nam,7.82
16.5,13.86,16.27,Yamaha,Exciter,2014,7500,Tay côn/Moto,100 - 175 cc,Việt Nam,2.41
135.0,98.4,115.51,Honda,SH,2010,17000,Tay ga,100 - 175 cc,Đang cập nhật,17.11
28.0,17.08,20.05,Honda,Winner X,2020,17000,Tay côn/Moto,100 - 175 cc,Nhật Bản,2.9700000000000024
18.0,7.53,8.84,Honda,Cub,2009,29999,Xe số,Dưới 50 cc,Nhật Bản,1.3099999999999996
30.0,24.09,28.27,Suzuki,Satria,2022,11000,Tay côn/Moto,100 - 175 cc,Nước khác,4.18
14.0,12.56,14.75,Hãng khác,Dòng khác,2024,0,Tay ga,Dưới 50 cc,Đang cập nhật,2.1899999999999995
25.9,26.52,31.13,Suzuki,GSX,2019,26500,Tay côn/Moto,100 - 175 cc,Đang cập nhật,4.609999999999999
40.0,25.36,29.77,Yamaha,Dòng khác,2022,3500,Tay côn/Moto,100 - 175 cc,Đang cập nhật,4.41
145.0,98.4,115.51,Honda,SH,2010,14000,Tay ga,100 - 175 cc,Đang cập nhật,17.11
70.0,55.2,64.8,Honda,SH,2017,43955,Tay ga,100 - 175 cc,Việt Nam,9.599999999999994
28.0,23.44,27.51,Honda,Winner X,2022,1389,Tay côn/Moto,100 - 175 cc,Đang cập nhật,4.07
5.0,3.55,4.17,Hãng khác,Dòng khác,2010,76000,Tay ga,50 - 100 cc,Nước khác,0.6200000000000001
71.0,58.13,68.25,Honda,SH,2018,125000,Tay ga,100 - 175 cc,Việt Nam,10.119999999999997
13.8,13.85,16.26,Yamaha,Janus,2018,39000,Tay ga,100 - 175 cc,Việt Nam,2.410000000000002
11.0,6.82,8.01,Honda,Wave,2008,74000,Xe số,100 - 175 cc,Nhật Bản,1.1899999999999995
23.5,20.71,24.32,Honda,Air Blade,2017,35000,Tay ga,100 - 175 cc,Đang cập nhật,3.6099999999999994
13.0,13.38,15.71,Honda,Winner,2017,1,Tay côn/Moto,100 - 175 cc,Việt Nam,2.33
33.0,25.59,30.04,Yamaha,Freego,2025,0,Tay ga,100 - 175 cc,Việt Nam,4.449999999999999
10.0,7.65,8.98,Honda,Wave,2013,23000,Xe số,50 - 100 cc,Việt Nam,1.33
32.0,29.9,35.1,Honda,Vision,2024,10000,Tay ga,Không biết rõ,Nhật Bản,5.200000000000003
109.0,30.13,35.37,Yamaha,Dòng khác,2016,10000,Xe số,100 - 175 cc,Nhật Bản,5.239999999999998
75.0,69.0,81.0,Yamaha,Dòng khác,1995,99999,Tay côn/Moto,50 - 100 cc,Nước khác,12.0
135.0,111.87,131.33,Honda,SH,2011,9999,Tay ga,100 - 175 cc,Nước khác,19.460000000000008
25.0,19.92,23.38,Yamaha,Exciter,2019,0,Tay côn/Moto,100 - 175 cc,Nước khác,3.4599999999999973
4.0,9.09,10.66,Yamaha,Dòng khác,2012,35000,Tay ga,100 - 175 cc,Nhật Bản,1.5700000000000003
70.0,32.02,37.58,Honda,CB,2005,200000,Tay côn/Moto,Trên 175 cc,Nhật Bản,5.559999999999995
29.499999,35.7,41.9,Piaggio,Vespa,2017,23000,Tay ga,100 - 175 cc,Đang cập nhật,6.199999999999996
13.0,16.04,18.83,Honda,Winner,2019,21648,Tay côn/Moto,100 - 175 cc,Nhật Bản,2.789999999999999
12.5,13.94,16.37,Honda,Future,2001,45000,Xe số,100 - 175 cc,Thái Lan,2.4300000000000015
25.5,18.64,21.88,Honda,Cub,2025,1500,Xe số,100 - 175 cc,Nhật Bản,3.2399999999999984
41.5,41.35,48.54,Honda,Vario,2018,35000,Tay ga,100 - 175 cc,Nước khác,7.189999999999998
38.0,22.36,26.25,Yamaha,Exciter,2020,8500,Tay côn/Moto,100 - 175 cc,Nước khác,3.8900000000000006
15.0,8.6,10.1,Honda,Air Blade,2009,30000,Tay ga,100 - 175 cc,Đang cập nhật,1.5
5.0,4.18,4.91,Yamaha,Nouvo,2011,1000,Tay ga,100 - 175 cc,Đang cập nhật,0.7300000000000004
46.0,13.94,16.37,Honda,Future,2001,18000,Xe số,100 - 175 cc,Nhật Bản,2.4300000000000015
11.0,11.5,13.5,Suzuki,FX125,2001,900000,Tay côn/Moto,100 - 175 cc,Đang cập nhật,2.0
35.0,31.29,36.73,Yamaha,Nvx,2021,25000,Tay ga,100 - 175 cc,Đang cập nhật,5.439999999999998
35.0,44.41,52.13,Honda,SH,2016,50000,Tay ga,100 - 175 cc,Nhật Bản,7.720000000000006
0.86,42.32,49.68,Honda,SH Mode,2020,100000,Tay ga,100 - 175 cc,Việt Nam,7.359999999999999
19.0,19.92,23.38,Yamaha,Exciter,2019,55000,Tay côn/Moto,100 - 175 cc,Việt Nam,3.4599999999999973
21.0,82.58,96.94,Honda,CBR,2023,40000,Tay côn/Moto,100 - 175 cc,Đang cập nhật,14.36
9.5,6.48,7.61,Piaggio,Vespa,2009,444,Tay ga,100 - 175 cc,Việt Nam,1.13
3.0,6.97,8.19,Yamaha,Sirius,2015,100000,Xe số,100 - 175 cc,Đang cập nhật,1.2199999999999998
3.2,4.21,4.94,Hãng khác,Dòng khác,2007,24605,Xe số,100 - 175 cc,Trung Quốc,0.7300000000000004
39.9,36.71,43.09,Suzuki,Satria,2024,635,Tay côn/Moto,100 - 175 cc,Thái Lan,6.380000000000003
17.0,6.74,7.91,Piaggio,Vespa,2011,36000,Tay ga,100 - 175 cc,Nước khác,1.17
3.4,3.0,3.52,SYM,Attila,2008,35000,Tay ga,100 - 175 cc,Hàn Quốc,0.52
102.0,92.35,108.41,Hãng khác,Z800,2015,21000,Tay côn/Moto,Trên 175 cc,Việt Nam,16.060000000000002
10.0,11.06,12.98,Yamaha,Janus,2016,700000,Tay ga,100 - 175 cc,Việt Nam,1.92
5.5,6.04,7.09,Honda,Chaly,2020,20000,Xe số,50 - 100 cc,Nhật Bản,1.0499999999999998
6.5,4.32,5.07,SYM,Dòng khác,2011,10000,Tay ga,Dưới 50 cc,Đài Loan,0.75
9.5,6.78,7.96,Yamaha,Jupiter,2008,17000,Xe số,50 - 100 cc,Việt Nam,1.1799999999999997
4.5,38.54,45.24,Honda,Lead,2024,900,Tay ga,100 - 175 cc,Nhật Bản,6.700000000000003
6.0,6.21,7.29,Yamaha,Mio,2005,32458,Tay ga,100 - 175 cc,Nhật Bản,1.08
2.85,2.62,3.08,Hãng khác,Kawasaki,2009,350000,Xe số,100 - 175 cc,Việt Nam,0.45999999999999996
14.5,8.6,10.1,Honda,Air Blade,2009,30000,Tay ga,100 - 175 cc,Việt Nam,1.5
18.0,18.47,21.68,Honda,Vision,2018,36000,Tay ga,100 - 175 cc,Việt Nam,3.210000000000001
5.5,7.45,8.74,Piaggio,Liberty,2013,200000,Tay ga,100 - 175 cc,Đang cập nhật,1.29
7.5,6.69,7.85,Honda,Wave,2009,66666,Xe số,100 - 175 cc,Nhật Bản,1.1599999999999993
29.0,17.09,20.06,Yamaha,Exciter,2018,2000,Tay côn/Moto,100 - 175 cc,Việt Nam,2.969999999999999
105.0,65.28,76.63,Honda,SH,2009,12000,Tay ga,100 - 175 cc,Đang cập nhật,11.349999999999994
27.0,14.49,17.01,Honda,Dream,1996,51062,Xe số,50 - 100 cc,Nhật Bản,2.5200000000000014
32.5,14.49,17.01,Honda,Dream,1996,3245,Xe số,50 - 100 cc,Đang cập nhật,2.5200000000000014
6.98,7.31,8.58,Yamaha,Sirius,2012,50000,Xe số,100 - 175 cc,Đang cập nhật,1.2700000000000005
9.2,8.99,10.56,Honda,Air Blade,2012,32000,Tay ga,100 - 175 cc,Nhật Bản,1.5700000000000003
12.5,6.9,8.1,Honda,Citi,2019,21000,Xe số,100 - 175 cc,Đang cập nhật,1.1999999999999993
7.5,6.91,8.11,Honda,Air Blade,2007,60000,Tay ga,100 - 175 cc,Việt Nam,1.1999999999999993
9.0,6.91,8.11,Honda,Air Blade,2007,63000,Tay ga,50 - 100 cc,Việt Nam,1.1999999999999993
4.2,11.52,13.52,Honda,Dream,2001,100000,Xe số,100 - 175 cc,Trung Quốc,2.0
28.0,25.76,30.24,Honda,CB,1981,0,Tay côn/Moto,Dưới 50 cc,Nhật Bản,4.479999999999997
38.5,35.67,41.87,Suzuki,GZ,2013,26619,Tay côn/Moto,100 - 175 cc,Đang cập nhật,6.199999999999996
6.0,4.55,5.34,Hãng khác,Dòng khác,2015,100000,Tay côn/Moto,100 - 175 cc,Việt Nam,0.79
72.0,73.25,85.99,Honda,SH,2023,8368,Tay ga,100 - 175 cc,Nhật Bản,12.739999999999995
30.0,25.09,29.45,Honda,Future,2022,2718,Xe số,100 - 175 cc,Nhật Bản,4.359999999999999
35.0,16.16,18.97,Yamaha,Exciter,2015,27000,Tay côn/Moto,100 - 175 cc,Đang cập nhật,2.8099999999999987
16.0,59.58,69.94,Piaggio,Vespa,2023,3000,Tay ga,Dưới 50 cc,Nước khác,10.36
1.234567,2.4,2.81,SYM,Attila,2005,50000,Tay ga,100 - 175 cc,Đài Loan,0.41000000000000014
16.5,13.59,15.96,Honda,Future,2016,6000,Xe số,100 - 175 cc,Việt Nam,2.370000000000001
17.5,16.41,19.26,Yamaha,Grande,2017,30000,Tay ga,100 - 175 cc,Đang cập nhật,2.8500000000000014
40.0,29.43,34.55,Honda,Winner X,2025,1800,Tay côn/Moto,100 - 175 cc,Việt Nam,5.119999999999997
11.0,12.59,14.78,Honda,Air Blade,2010,28800,Tay ga,100 - 175 cc,Nhật Bản,2.1899999999999995
11.0,12.59,14.78,Honda,Air Blade,2010,18800,Tay ga,100 - 175 cc,Nhật Bản,2.1899999999999995
6.0,4.34,5.09,SYM,Attila,2013,3000,Tay ga,Không biết rõ,Việt Nam,0.75
22.0,19.92,23.38,Suzuki,Satria,2019,32000,Xe số,100 - 175 cc,Nước khác,3.4599999999999973
250.0,223.56,262.44,Hãng khác,Street Twin,2019,2000,Tay côn/Moto,Trên 175 cc,Đang cập nhật,38.879999999999995
7.0,4.67,5.49,Honda,SCR,2007,30000,Tay ga,100 - 175 cc,Việt Nam,0.8200000000000003
15.0,10.63,12.48,Hãng khác,Nio Fi 50cc,2023,8000,Tay ga,50 - 100 cc,Đài Loan,1.8499999999999996
11.0,12.96,15.22,Honda,Future,2015,100000,Xe số,100 - 175 cc,Nhật Bản,2.26
33.0,30.36,35.64,Hãng khác,RC 200,2021,31000,Tay côn/Moto,Trên 175 cc,Nước khác,5.280000000000001
40.0,32.29,37.91,Honda,Air Blade,2021,12000,Tay ga,100 - 175 cc,Việt Nam,5.619999999999997
68.0,98.4,115.51,Honda,SH,2010,30000,Tay ga,100 - 175 cc,Nước khác,17.11
18.0,15.62,18.34,Hãng khác,Candy Hi,2022,7250,Tay ga,50 - 100 cc,Hàn Quốc,2.7200000000000006
17.0,16.92,19.86,Honda,Vision,2017,50000,Tay ga,100 - 175 cc,Việt Nam,2.9399999999999977
35.0,30.13,35.37,Honda,Vario,2019,20000,Tay ga,100 - 175 cc,Đang cập nhật,5.239999999999998
7.0,6.89,8.08,SYM,Shark,2010,20000,Tay ga,100 - 175 cc,Việt Nam,1.1900000000000004
75.0,69.27,81.32,Honda,SH,2021,7000,Tay ga,100 - 175 cc,Việt Nam,12.049999999999997
25.0,21.52,25.26,Suzuki,Satria,2020,30000,Tay côn/Moto,100 - 175 cc,Nước khác,3.740000000000002
49.0,35.87,42.11,Honda,Lead,2023,1000,Tay ga,100 - 175 cc,Việt Nam,6.240000000000002
16.0,15.75,18.49,Yamaha,Exciter,2017,70000,Tay côn/Moto,100 - 175 cc,Đang cập nhật,2.7399999999999984
32.0,53.96,63.34,Piaggio,Sprint,2021,23060,Tay ga,100 - 175 cc,Nước khác,9.380000000000003
28.0,13.94,16.37,Honda,Future,2001,60000,Xe số,100 - 175 cc,Thái Lan,2.4300000000000015
28.0,23.44,27.51,Honda,Winner X,2022,13000,Tay côn/Moto,100 - 175 cc,Việt Nam,4.07
33.0,18.91,22.2,Honda,PS,2008,65000,Tay ga,100 - 175 cc,Nước khác,3.289999999999999
8.5,6.82,8.01,Honda,Wave,2008,41726,Xe số,50 - 100 cc,Nhật Bản,1.1899999999999995
17.0,15.75,18.49,Yamaha,Exciter,2017,70000,Tay côn/Moto,100 - 175 cc,Đang cập nhật,2.7399999999999984
7.0,6.58,7.72,Honda,Wave,2011,60000,Xe số,100 - 175 cc,Việt Nam,1.1399999999999997
10.8,8.72,10.23,Hãng khác,Candy Hi,2009,10000,Tay ga,Dưới 50 cc,Đài Loan,1.5099999999999998
50.0,40.61,47.67,Honda,SH,2008,48000,Tay ga,Trên 175 cc,Việt Nam,7.060000000000002
16.8,11.52,13.52,Honda,Wave,2004,113,Xe số,100 - 175 cc,Việt Nam,2.0
1.8,8.28,9.73,Honda,Wave,2015,100000,Xe số,50 - 100 cc,Hàn Quốc,1.450000000000001
20.0,5.26,6.18,Honda,Cub,2000,20000,Xe số,Dưới 50 cc,Nhật Bản,0.9199999999999999
16.0,8.55,10.04,Hãng khác,Dòng khác,2025,1500,Tay ga,Dưới 50 cc,Trung Quốc,1.4899999999999984
9.0,3.55,4.17,Hãng khác,Dòng khác,2010,30000,Tay ga,100 - 175 cc,Việt Nam,0.6200000000000001
3.8,10.68,12.54,Honda,Wave,2005,60000,Xe số,100 - 175 cc,Trung Quốc,1.8599999999999994
19.0,6.61,7.76,Honda,Cub,1981,19998,Xe số,Dưới 50 cc,Nhật Bản,1.1499999999999995
15.0,13.86,16.27,Yamaha,Exciter,2014,99000,Tay côn/Moto,100 - 175 cc,Việt Nam,2.41
4.8,12.07,14.17,Honda,67,trước năm 1980,123456,Tay côn/Moto,Dưới 50 cc,Nhật Bản,2.0999999999999996
58.0,54.03,63.43,Honda,SH Mode,2024,6200,Tay ga,100 - 175 cc,Việt Nam,9.399999999999999
13.8,6.31,7.4,Honda,Dòng khác,2008,9999,Tay côn/Moto,100 - 175 cc,Nhật Bản,1.0900000000000007
8.0,4.27,5.02,Hãng khác,Dòng khác,2004,18000,Tay ga,100 - 175 cc,Việt Nam,0.75
50.0,12.07,14.17,Honda,67,trước năm 1980,3000,Tay côn/Moto,50 - 100 cc,Nhật Bản,2.0999999999999996
18.0,17.08,20.05,Honda,Winner X,2020,40000,Tay côn/Moto,100 - 175 cc,Việt Nam,2.9700000000000024
22.5,13.86,16.27,Yamaha,Exciter,2014,10000,Xe số,100 - 175 cc,Nhật Bản,2.41
58.0,54.03,63.43,Honda,SH Mode,2024,62000,Tay ga,100 - 175 cc,Việt Nam,9.399999999999999
7.0,6.91,8.11,Honda,Air Blade,2007,60000,Tay ga,50 - 100 cc,Đang cập nhật,1.1999999999999993
23.0,19.93,23.4,Yamaha,Janus,2023,5800,Tay ga,50 - 100 cc,Việt Nam,3.469999999999999
69.0,69.27,81.32,Honda,SH,2021,35000,Tay ga,100 - 175 cc,Việt Nam,12.049999999999997
16.5,17.34,20.36,Honda,Dream,1994,20000,Xe số,100 - 175 cc,Thái Lan,3.0199999999999996
8.0,6.1,7.16,Honda,Lead,2009,58408,Tay ga,50 - 100 cc,Việt Nam,1.0600000000000005
59.0,54.28,63.72,Hãng khác,Duke 390,2018,36000,Tay côn/Moto,Trên 175 cc,Đang cập nhật,9.439999999999998
4.5,9.62,11.3,Honda,Dream,2003,100000,Tay côn/Moto,50 - 100 cc,Hàn Quốc,1.6800000000000015
27.5,32.29,37.91,Honda,Air Blade,2021,11000,Tay ga,100 - 175 cc,Đang cập nhật,5.619999999999997
188.0,11.13,13.07,Hãng khác,Dòng khác,2023,999999,Tay ga,100 - 175 cc,Đang cập nhật,1.9399999999999995
62.0,40.61,47.67,Honda,SH,2008,15000,Tay ga,100 - 175 cc,Nước khác,7.060000000000002
28.0,15.75,18.49,Yamaha,Exciter,2017,4000,Xe số,100 - 175 cc,Việt Nam,2.7399999999999984
12.0,11.06,12.98,Yamaha,Janus,2016,40000,Tay ga,100 - 175 cc,Việt Nam,1.92
42.0,40.61,47.67,Honda,SH,2008,24108,Tay ga,100 - 175 cc,Nước khác,7.060000000000002
7.0,10.12,11.88,Honda,Dòng khác,2012,60000,Tay ga,100 - 175 cc,Nhật Bản,1.7600000000000016
65.0,111.87,131.33,Honda,SH,2011,15555,Tay ga,100 - 175 cc,Đang cập nhật,19.460000000000008
7.5,6.89,8.08,SYM,Shark,2010,20000,Tay ga,100 - 175 cc,Việt Nam,1.1900000000000004
34.5,34.12,40.05,Honda,Air Blade,2022,5800,Tay ga,100 - 175 cc,Việt Nam,5.93
28.0,22.35,26.24,Honda,Air Blade,2018,500000,Tay ga,100 - 175 cc,Nhật Bản,3.889999999999997
3.7,3.91,4.59,Hãng khác,Dòng khác,2001,99997,Xe số,Trên 175 cc,Trung Quốc,0.6799999999999997
10.0,11.52,13.52,Honda,Wave,2004,99999,Xe số,100 - 175 cc,Nhật Bản,2.0
50.0,31.2,36.62,Honda,Spacy,2002,36600,Tay ga,100 - 175 cc,Nhật Bản,5.419999999999998
280.0,118.87,139.54,Suzuki,Sport / Xipo,1998,2000,Tay côn/Moto,100 - 175 cc,Đang cập nhật,20.669999999999987
25.0,22.35,26.24,Honda,Air Blade,2018,40000,Tay ga,100 - 175 cc,Việt Nam,3.889999999999997
7.0,8.97,10.53,Yamaha,Sirius,2018,5000,Xe số,100 - 175 cc,Việt Nam,1.5599999999999987
20.5,19.92,23.38,Yamaha,Exciter,2019,0,Tay côn/Moto,100 - 175 cc,Đang cập nhật,3.4599999999999973
11.0,6.69,7.85,Honda,Wave,2009,70000,Xe số,100 - 175 cc,Đang cập nhật,1.1599999999999993
110.0,98.4,115.51,Honda,SH,2010,22000,Tay ga,100 - 175 cc,Nước khác,17.11
8.0,8.99,10.56,Honda,Air Blade,2012,100000,Tay ga,100 - 175 cc,Việt Nam,1.5700000000000003
68.8,55.2,64.8,Honda,SH,2017,32000,Tay ga,100 - 175 cc,Việt Nam,9.599999999999994
15.0,16.04,18.83,Honda,Winner,2019,26000,Tay côn/Moto,100 - 175 cc,Đang cập nhật,2.789999999999999
8.0,6.87,8.06,Honda,Wave,2012,56000,Xe số,100 - 175 cc,Đang cập nhật,1.1900000000000004
6.8,11.03,12.95,Honda,Vision,2013,20000,Tay ga,100 - 175 cc,Đang cập nhật,1.92
50.0,41.35,48.54,Honda,Vario,2018,57000,Tay ga,100 - 175 cc,Đang cập nhật,7.189999999999998
6.0,10.56,12.4,Suzuki,Raider,2016,130000,Tay côn/Moto,100 - 175 cc,Việt Nam,1.8399999999999999
8.9,4.85,5.7,Hãng khác,Max,2001,6689,Xe số,50 - 100 cc,Nhật Bản,0.8500000000000005
29.0,29.9,35.1,Honda,Vision,2024,12000,Tay ga,100 - 175 cc,Việt Nam,5.200000000000003
29.0,28.79,33.8,Yamaha,Exciter,2022,60000,Tay côn/Moto,100 - 175 cc,Việt Nam,5.009999999999998
8.0,13.83,16.24,Honda,Air Blade,2013,10000,Tay ga,100 - 175 cc,Nhật Bản,2.4099999999999984
15.0,10.55,12.38,Honda,Wave,2002,180000,Xe số,50 - 100 cc,Thái Lan,1.83
22.5,14.51,17.04,Yamaha,Exciter,2013,11111,Tay côn/Moto,100 - 175 cc,Việt Nam,2.5299999999999994
13.0,52.61,61.76,Honda,Dòng khác,2023,9999,Tay ga,Dưới 50 cc,Nhật Bản,9.149999999999999
76.0,303.6,356.4,Honda,CB,2006,25000,Tay côn/Moto,Trên 175 cc,Đang cập nhật,52.799999999999955
60.0,44.41,52.13,Honda,SH,2016,8000,Tay ga,50 - 100 cc,Nhật Bản,7.720000000000006
18.0,11.95,14.03,Honda,Cub,1993,600000,Xe số,50 - 100 cc,Nhật Bản,2.08
25.0,20.16,23.67,Suzuki,Raider,2020,20000,Tay côn/Moto,100 - 175 cc,Việt Nam,3.5100000000000016
23.0,21.52,25.26,Suzuki,Satria,2020,28000,Xe số,100 - 175 cc,Đang cập nhật,3.740000000000002
45.0,35.34,41.48,Honda,Vario,2023,25,Tay ga,100 - 175 cc,Nước khác,6.1399999999999935
32.0,15.08,17.71,Honda,Dream,1995,0,Xe số,100 - 175 cc,Thái Lan,2.630000000000001
8.8,8.9,10.45,Honda,Blade,2017,58000,Xe số,100 - 175 cc,Nhật Bản,1.549999999999999
10.0,7.27,8.54,Honda,Wave,2007,99999,Xe số,100 - 175 cc,Nhật Bản,1.2699999999999996
10.6,8.99,10.56,Honda,Air Blade,2012,21345,Tay ga,100 - 175 cc,Nhật Bản,1.5700000000000003
21.5,24.75,29.06,Honda,Winner X,2023,40000,Tay côn/Moto,100 - 175 cc,Việt Nam,4.309999999999999
15.0,17.67,20.75,Honda,Winner,2021,20000,Tay côn/Moto,100 - 175 cc,Nhật Bản,3.0799999999999983
25.0,28.0,32.86,Honda,Vision,2023,17000,Tay ga,100 - 175 cc,Việt Nam,4.859999999999999
25.0,13.38,15.71,Honda,Winner,2017,45000,Tay côn/Moto,100 - 175 cc,Việt Nam,2.33
4.2,3.0,3.52,SYM,Attila,2008,34000,Tay ga,100 - 175 cc,Việt Nam,0.52
37.0,30.13,35.37,Honda,Vario,2019,5000,Tay ga,100 - 175 cc,Việt Nam,5.239999999999998
9.5,8.99,10.56,Honda,Air Blade,2012,29000,Tay ga,100 - 175 cc,Đang cập nhật,1.5700000000000003
222.222222,58.13,68.25,Honda,SH,2018,35900,Tay ga,100 - 175 cc,Nước khác,10.119999999999997
8.9,3.91,4.59,Hãng khác,Dòng khác,2011,690000,Tay ga,100 - 175 cc,Việt Nam,0.6799999999999997
24.5,47.12,55.32,Honda,ADV 150,2022,9999,Tay côn/Moto,100 - 175 cc,Thái Lan,8.200000000000003
14.5,14.57,17.1,Honda,Winner,2018,500000,Tay côn/Moto,100 - 175 cc,Việt Nam,2.530000000000001
31.0,10.55,12.38,Honda,Wave,2002,3030,Xe số,100 - 175 cc,Nhật Bản,1.83
15.0,14.57,17.1,Honda,Winner,2018,500000,Tay côn/Moto,100 - 175 cc,Việt Nam,2.530000000000001
13.5,13.66,16.04,Honda,Wave,2021,999,Xe số,100 - 175 cc,Việt Nam,2.379999999999999
20.5,20.93,24.56,Honda,Sonic,2019,50000,Tay côn/Moto,100 - 175 cc,Nhật Bản,3.629999999999999
4.0,9.31,10.92,Suzuki,Dòng khác,2013,400000,Tay ga,100 - 175 cc,Đang cập nhật,1.6099999999999994
25.0,24.66,28.94,Suzuki,GSX,2022,100,Tay côn/Moto,100 - 175 cc,Nước khác,4.280000000000001
5.0,5.1,5.99,Yamaha,Mio,2009,25000,Tay ga,100 - 175 cc,Đang cập nhật,0.8900000000000006
8.8,8.28,9.73,Honda,Wave,2015,39000,Xe số,100 - 175 cc,Thái Lan,1.450000000000001
79.0,65.71,77.13,Honda,SH,2020,42000,Tay ga,100 - 175 cc,Việt Nam,11.420000000000002
15.5,13.38,15.71,Honda,Winner,2017,55000,Tay côn/Moto,100 - 175 cc,Nhật Bản,2.33
27.0,50.29,59.04,Honda,Dòng khác,2021,8300,Tay ga,100 - 175 cc,Nước khác,8.75
4.8,4.18,4.9,Suzuki,Hayate,2012,39000,Tay ga,100 - 175 cc,Thái Lan,0.7200000000000006
8.0,4.94,5.8,Piaggio,LX,2010,29686,Tay ga,100 - 175 cc,Nước khác,0.8599999999999994
20.0,20.02,23.5,Honda,SH,2002,50000,Tay ga,100 - 175 cc,Nước khác,3.4800000000000004
2.5,3.0,3.52,SYM,Attila,2008,12345,Tay ga,100 - 175 cc,Đài Loan,0.52
7.7,8.92,10.47,Yamaha,Nozza,2014,39000,Tay ga,100 - 175 cc,Thái Lan,1.5500000000000007
36.0,33.33,39.13,Honda,Scoopy,2024,5000,Tay ga,100 - 175 cc,Nước khác,5.800000000000004
6.8,6.12,7.18,Yamaha,Sirius,2010,25000,Xe số,100 - 175 cc,Đang cập nhật,1.0599999999999996
48.0,43.1,50.6,Piaggio,Vespa,2019,7283,Tay ga,100 - 175 cc,Đang cập nhật,7.5
7.7,6.69,7.85,Honda,Wave,2009,25000,Xe số,100 - 175 cc,Đang cập nhật,1.1599999999999993
10.5,10.54,12.37,Honda,Vision,2012,1500,Tay ga,50 - 100 cc,Nhật Bản,1.83
58.5,4.61,5.41,Honda,Dream,2009,1000,Xe số,100 - 175 cc,Việt Nam,0.7999999999999998
15.0,10.08,11.83,Honda,Wave,2003,11000,Xe số,100 - 175 cc,Nhật Bản,1.75
35.6,36.71,43.1,Honda,Air Blade,2023,23,Tay ga,100 - 175 cc,Đang cập nhật,6.390000000000001
128.0,98.4,115.51,Honda,SH,2010,9999,Tay ga,100 - 175 cc,Nhật Bản,17.11
33.5,28.0,32.86,Honda,Vision,2023,3000,Tay ga,100 - 175 cc,Việt Nam,4.859999999999999
11.5,10.39,12.2,Honda,Wave,2018,20,Xe số,100 - 175 cc,Đang cập nhật,1.8099999999999987
14.5,10.39,12.2,Honda,Wave,2018,12345,Xe số,100 - 175 cc,Nhật Bản,1.8099999999999987
3.55,3.41,4.0,Hãng khác,Dòng khác,2009,350000,Xe số,100 - 175 cc,Trung Quốc,0.5899999999999999
6.8,12.59,14.78,Honda,Air Blade,2010,25000,Tay ga,100 - 175 cc,Đang cập nhật,2.1899999999999995
69.0,58.13,68.25,Honda,SH,2018,60000,Tay ga,100 - 175 cc,Nhật Bản,10.119999999999997
16.0,14.16,16.63,Honda,Future,2000,50000,Xe số,100 - 175 cc,Đang cập nhật,2.469999999999999
16.2,15.81,18.56,Honda,Winner X,2017,20000,Tay côn/Moto,100 - 175 cc,Việt Nam,2.7499999999999982
6.4,7.17,8.42,SYM,Shark,2012,22222,Tay ga,100 - 175 cc,Đài Loan,1.25
54.0,43.18,50.69,Yamaha,MT,2018,41000,Tay côn/Moto,Trên 175 cc,Nhật Bản,7.509999999999998
2.9,3.91,4.59,Hãng khác,Dòng khác,2011,198999,Xe số,100 - 175 cc,Nước khác,0.6799999999999997
10.0,12.15,14.27,Honda,Vision,2014,22222,Tay ga,100 - 175 cc,Đang cập nhật,2.119999999999999
12.4,13.83,16.24,Honda,Air Blade,2013,19000,Tay ga,100 - 175 cc,Đang cập nhật,2.4099999999999984
6.8,6.69,7.85,Honda,Wave,2009,69999,Xe số,50 - 100 cc,Việt Nam,1.1599999999999993
17.0,13.34,15.66,Yamaha,Sirius,2023,21000,Xe số,100 - 175 cc,Việt Nam,2.3200000000000003
20.5,16.53,19.41,Honda,Lead,2016,10000,Tay ga,100 - 175 cc,Nhật Bản,2.879999999999999
29.99,31.1,36.51,Yamaha,R,2020,30000,Tay côn/Moto,100 - 175 cc,Việt Nam,5.409999999999997
6.6,6.06,7.11,Honda,Wave,2010,39000,Tay ga,100 - 175 cc,Đang cập nhật,1.0500000000000007
7.8,6.06,7.11,Honda,Wave,2010,90000,Xe số,100 - 175 cc,Nhật Bản,1.0500000000000007
7.5,5.1,5.98,Yamaha,Nouvo,2012,69000,Tay ga,100 - 175 cc,Nhật Bản,0.8800000000000008
17.5,15.75,18.49,Yamaha,Exciter,2017,70000,Tay côn/Moto,100 - 175 cc,Đang cập nhật,2.7399999999999984
260.0,22.36,26.25,Yamaha,Exciter,2020,10542,Xe số,100 - 175 cc,Việt Nam,3.8900000000000006
14.5,13.07,15.35,Honda,Future,2004,46000,Xe số,100 - 175 cc,Việt Nam,2.2799999999999994
7.0,7.25,8.51,Honda,Lead,2011,50000,Tay ga,100 - 175 cc,Việt Nam,1.2599999999999998
10.0,6.1,7.16,Honda,Lead,2009,143701,Tay ga,100 - 175 cc,Việt Nam,1.0600000000000005
9.7,5.26,6.18,Honda,Cub,2000,780000,Xe số,50 - 100 cc,Việt Nam,0.9199999999999999
11.5,5.52,6.48,Piaggio,Vespa,2008,40000,Tay ga,100 - 175 cc,Nước khác,0.9600000000000009
10.6,12.15,14.27,Honda,Vision,2014,54000,Tay ga,100 - 175 cc,Đang cập nhật,2.119999999999999
5.7,3.18,3.73,SYM,Elegant,2012,25000,Xe số,100 - 175 cc,Đang cập nhật,0.5499999999999998
12.0,16.71,19.62,Honda,Dream,1998,80000,Xe số,50 - 100 cc,Nhật Bản,2.91
8.5,7.76,9.11,Honda,Cub,1999,40000,Xe số,50 - 100 cc,Nhật Bản,1.3499999999999996
17.0,16.31,19.14,Honda,Wave,2024,120000,Xe số,100 - 175 cc,Nhật Bản,2.830000000000002
2.5,4.18,4.91,Yamaha,Nouvo,2011,198999,Tay ga,100 - 175 cc,Nước khác,0.7300000000000004
28.0,22.99,26.99,Yamaha,Nvx,2019,53000,Tay ga,100 - 175 cc,Việt Nam,4.0
7.0,5.67,6.66,Suzuki,Dòng khác,2004,50000,Xe số,100 - 175 cc,Nước khác,0.9900000000000002
15.0,19.98,23.46,Honda,Air Blade,2016,123123,Tay ga,100 - 175 cc,Nhật Bản,3.4800000000000004
7.9,8.5,9.98,Yamaha,Jupiter,2007,69000,Xe số,100 - 175 cc,Đang cập nhật,1.4800000000000004
30.0,36.71,43.1,Honda,Air Blade,2023,220000,Tay ga,100 - 175 cc,Việt Nam,6.390000000000001
19.5,16.88,19.81,Honda,Vision,2016,40000,Tay ga,100 - 175 cc,Việt Nam,2.9299999999999997
51.0,41.35,48.54,Honda,Vario,2018,49000,Tay ga,100 - 175 cc,Nước khác,7.189999999999998
11.0,9.14,10.73,Honda,Blade,2016,417709,Xe số,100 - 175 cc,Nhật Bản,1.5899999999999999
2.5,6.09,7.14,Yamaha,Dòng khác,2011,198999,Xe số,100 - 175 cc,Đang cập nhật,1.0499999999999998
12.0,11.68,13.71,Honda,Wave,2019,35000,Xe số,100 - 175 cc,Việt Nam,2.030000000000001
30.5,11.75,13.8,Honda,Wave,1998,49000,Xe số,50 - 100 cc,Thái Lan,2.0500000000000007
7.5,6.12,7.18,Yamaha,Sirius,2010,40500,Xe số,100 - 175 cc,Việt Nam,1.0599999999999996
8.5,11.67,13.7,Honda,Lead,2013,90000,Tay ga,100 - 175 cc,Việt Nam,2.0299999999999994
8.8,6.97,8.19,Yamaha,Sirius,2015,25000,Xe số,100 - 175 cc,Nước khác,1.2199999999999998
2.9,7.47,8.77,Yamaha,Nouvo,2015,1000,Tay ga,100 - 175 cc,Đang cập nhật,1.2999999999999998
2.0,6.69,7.85,Honda,Wave,2009,100000,Xe số,50 - 100 cc,Đang cập nhật,1.1599999999999993
30.0,35.34,41.48,Honda,Vario,2023,2600,Tay ga,100 - 175 cc,Nước khác,6.1399999999999935
82.0,69.27,81.32,Honda,SH,2021,50000,Tay ga,100 - 175 cc,Việt Nam,12.049999999999997
3.6,4.21,4.94,Hãng khác,Dòng khác,2007,15846,Xe số,Dưới 50 cc,Đài Loan,0.7300000000000004
80.0,69.27,81.32,Honda,SH,2021,50325,Tay ga,100 - 175 cc,Việt Nam,12.049999999999997
3.0,7.47,8.77,Yamaha,Nouvo,2015,100000,Tay ga,100 - 175 cc,Nhật Bản,1.2999999999999998
8.0,7.36,8.64,Piaggio,Fly,2016,600000,Tay ga,100 - 175 cc,Việt Nam,1.2800000000000002
6.2,6.33,7.43,Yamaha,Sirius,2008,30000,Xe số,100 - 175 cc,Nhật Bản,1.0999999999999996
6.8,6.69,7.85,Honda,Wave,2009,1,Xe số,50 - 100 cc,Việt Nam,1.1599999999999993
14.0,15.75,18.49,Yamaha,Exciter,2017,66000,Tay côn/Moto,100 - 175 cc,Việt Nam,2.7399999999999984
2.2,4.32,5.07,SYM,Dòng khác,2011,198999,Xe số,Trên 175 cc,Nước khác,0.75
21.75,14.62,17.16,Yamaha,Exciter,2016,25000,Xe số,100 - 175 cc,Việt Nam,2.540000000000001
54.0,54.1,63.5,Yamaha,MT,2017,38000,Tay côn/Moto,Trên 175 cc,Nhật Bản,9.399999999999999
4.0,4.27,5.02,Hãng khác,Dòng khác,2004,100000,Xe số,100 - 175 cc,Trung Quốc,0.75
29.5,27.14,31.86,Hãng khác,Z650,2020,39000,Tay côn/Moto,Trên 175 cc,Đang cập nhật,4.719999999999999
25.0,15.75,18.49,Yamaha,Exciter,2017,60000,Tay côn/Moto,100 - 175 cc,Việt Nam,2.7399999999999984
18.7,17.35,20.37,Suzuki,Raider,2018,50000,Tay côn/Moto,100 - 175 cc,Nước khác,3.0199999999999996
25.0,20.83,24.45,Honda,Winner,2022,270000,Tay côn/Moto,100 - 175 cc,Việt Nam,3.620000000000001
10.0,15.9,18.67,Honda,Air Blade,2015,30000,Tay ga,100 - 175 cc,Nhật Bản,2.7700000000000014
39.9,36.71,43.09,Suzuki,Satria,2024,600,Tay côn/Moto,100 - 175 cc,Việt Nam,6.380000000000003
8.2,6.97,8.19,Yamaha,Sirius,2015,0,Xe số,100 - 175 cc,Việt Nam,1.2199999999999998
7.0,6.69,7.85,Honda,Wave,2009,0,Xe số,100 - 175 cc,Việt Nam,1.1599999999999993
22.6,14.62,17.16,Yamaha,Exciter,2016,24958,Tay côn/Moto,100 - 175 cc,Việt Nam,2.540000000000001
23.5,21.1,24.77,Honda,Vision,2019,160000,Tay ga,100 - 175 cc,Việt Nam,3.669999999999998
9.8,9.92,11.65,Hãng khác,Nio Fi 50cc,2021,6000,Tay ga,Dưới 50 cc,Đang cập nhật,1.7300000000000004
9.8,9.92,11.65,Hãng khác,Nio Fi 50cc,2021,4000,Tay ga,Dưới 50 cc,Đang cập nhật,1.7300000000000004
30.0,11.04,12.96,Honda,Dream,1992,500000,Xe số,50 - 100 cc,Thái Lan,1.9200000000000017
35.0,36.71,43.1,Honda,Air Blade,2023,16000,Tay ga,100 - 175 cc,Việt Nam,6.390000000000001
4.7,4.01,4.71,Yamaha,Nouvo,2010,79797,Tay ga,100 - 175 cc,Nhật Bản,0.7000000000000002
18.0,17.35,20.37,Suzuki,Raider,2018,50000,Tay côn/Moto,100 - 175 cc,Nước khác,3.0199999999999996
10.0,12.97,15.23,Yamaha,Janus,2017,72000,Tay ga,100 - 175 cc,Nhật Bản,2.26
25.0,26.35,30.93,Yamaha,Exciter,2021,10000,Xe số,Không biết rõ,Nhật Bản,4.579999999999998
6.3,7.62,8.94,Honda,Air Blade,2008,20000,Tay ga,100 - 175 cc,Nước khác,1.3199999999999994
3.7,4.01,4.71,Yamaha,Nouvo,2010,20000,Tay ga,100 - 175 cc,Nhật Bản,0.7000000000000002
14.3,8.6,10.1,Honda,Air Blade,2009,200000,Tay ga,100 - 175 cc,Thái Lan,1.5
31.0,28.8,33.8,Honda,Click,2014,123456,Tay ga,100 - 175 cc,Thái Lan,4.9999999999999964
9.7,5.2,6.1,Piaggio,Vespa,2010,30000,Tay ga,100 - 175 cc,Đang cập nhật,0.8999999999999995
37.0,34.12,40.05,Honda,Air Blade,2022,8190,Tay ga,100 - 175 cc,Nước khác,5.93
7.0,8.21,9.64,Yamaha,Nozza,2012,84000,Tay ga,100 - 175 cc,Đang cập nhật,1.4299999999999997
14.3,8.6,10.1,Honda,Air Blade,2009,20000,Tay ga,100 - 175 cc,Việt Nam,1.5
24.5,22.36,26.25,Yamaha,Exciter,2020,32000,Tay côn/Moto,100 - 175 cc,Việt Nam,3.8900000000000006
12.5,13.94,16.37,Honda,Future,2001,51000,Xe số,100 - 175 cc,Việt Nam,2.4300000000000015
46.0,36.71,43.1,Honda,Air Blade,2023,7200,Tay ga,100 - 175 cc,Nhật Bản,6.390000000000001
13.5,10.56,12.4,Suzuki,Raider,2016,56000,Tay côn/Moto,100 - 175 cc,Nhật Bản,1.8399999999999999
3.5,20.83,24.45,Honda,Winner,2022,100000,Tay côn/Moto,100 - 175 cc,Nhật Bản,3.620000000000001
7.5,7.3,8.57,Yamaha,Sirius,2013,14000,Xe số,100 - 175 cc,Việt Nam,1.2700000000000005
16.0,13.87,16.28,Honda,Winner,2016,6149,Tay côn/Moto,Trên 175 cc,Nhật Bản,2.410000000000002
45.0,37.85,44.43,Honda,Air Blade,2024,50000,Tay ga,100 - 175 cc,Việt Nam,6.579999999999998
8.0,6.97,8.19,Yamaha,Sirius,2015,950000,Xe số,Trên 175 cc,Việt Nam,1.2199999999999998
9.8,10.54,12.37,Honda,Vision,2012,25000,Tay ga,100 - 175 cc,Đang cập nhật,1.83
6.6,7.31,8.58,Yamaha,Sirius,2012,25000,Xe số,100 - 175 cc,Đang cập nhật,1.2700000000000005
32.0,20.97,24.61,Piaggio,GTS,2016,26000,Tay ga,100 - 175 cc,Việt Nam,3.6400000000000006
3.2,3.41,4.0,Hãng khác,Dòng khác,2009,25000,Xe số,100 - 175 cc,Đang cập nhật,0.5899999999999999
28.0,10.46,12.29,Hãng khác,Dòng khác,2021,47625,Tay côn/Moto,100 - 175 cc,Hàn Quốc,1.8299999999999983
20.0,14.71,17.27,Suzuki,Raider,2017,43000,Tay côn/Moto,100 - 175 cc,Đang cập nhật,2.5599999999999987
22.5,19.98,23.46,Honda,Air Blade,2016,70000,Tay ga,100 - 175 cc,Việt Nam,3.4800000000000004
16.8,14.57,17.1,Honda,Winner,2018,48000,Xe số,100 - 175 cc,Việt Nam,2.530000000000001
25.0,21.52,25.26,Suzuki,Satria,2020,28000,Tay côn/Moto,100 - 175 cc,Nước khác,3.740000000000002
15.0,13.87,16.28,Honda,Winner,2016,60000,Tay côn/Moto,100 - 175 cc,Việt Nam,2.410000000000002
15.0,19.24,22.58,Honda,Blade,2021,13000,Xe số,50 - 100 cc,Việt Nam,3.34
9.5,8.83,10.36,Piaggio,LX,2012,50000,Tay ga,100 - 175 cc,Nước khác,1.5299999999999994
2.5,14.53,17.05,Honda,67,2007,5489,Xe số,50 - 100 cc,Việt Nam,2.5200000000000014
48.0,31.43,36.89,Piaggio,Liberty,2024,6000,Tay ga,100 - 175 cc,Nước khác,5.460000000000001
12.0,8.35,9.81,Yamaha,Sirius,2017,35400,Xe số,100 - 175 cc,Việt Nam,1.4600000000000009
25.0,26.35,30.93,Yamaha,Exciter,2021,100000,Tay côn/Moto,100 - 175 cc,Nhật Bản,4.579999999999998
20.5,23.44,27.51,Honda,Winner X,2022,22000,Tay côn/Moto,100 - 175 cc,Việt Nam,4.07
35.0,29.76,34.94,Honda,PCX,2017,48000,Tay ga,100 - 175 cc,Việt Nam,5.179999999999996
9.3,9.35,10.98,Honda,Blade,2018,25000,Xe số,100 - 175 cc,Đang cập nhật,1.6300000000000008
103.0,69.27,81.32,Honda,SH,2021,15000,Tay ga,Trên 175 cc,Thái Lan,12.049999999999997
8.5,6.4,7.51,Honda,Chaly,1981,30000,Xe số,Dưới 50 cc,Nhật Bản,1.1099999999999994
7.5,6.91,8.11,Honda,Air Blade,2007,70000,Tay ga,100 - 175 cc,Đang cập nhật,1.1999999999999993
45.0,38.54,45.24,Honda,SH Mode,2019,4300,Tay ga,100 - 175 cc,Việt Nam,6.700000000000003
13.8,13.94,16.37,Honda,Future,2001,44,Xe số,100 - 175 cc,Việt Nam,2.4300000000000015
16.0,13.82,16.22,Yamaha,Exciter,2012,20000,Tay côn/Moto,100 - 175 cc,Việt Nam,2.3999999999999986
19.5,13.86,16.27,Yamaha,Exciter,2014,25000,Tay côn/Moto,100 - 175 cc,Việt Nam,2.41
25.0,22.35,26.24,Honda,Air Blade,2018,37000,Tay ga,100 - 175 cc,Việt Nam,3.889999999999997
4.4,3.55,4.17,Hãng khác,Dòng khác,2010,1400,Xe số,50 - 100 cc,Trung Quốc,0.6200000000000001
10.0,10.39,12.2,Honda,Wave,2018,23000,Xe số,100 - 175 cc,Việt Nam,1.8099999999999987
105.0,74.57,87.54,Honda,SH,2022,10325,Tay ga,Trên 175 cc,Việt Nam,12.970000000000013
21.95,17.83,20.93,Honda,Winner X,2021,20000,Tay côn/Moto,100 - 175 cc,Việt Nam,3.1000000000000014
9.0,14.16,16.63,Honda,Future,2000,24647,Xe số,100 - 175 cc,Đang cập nhật,2.469999999999999
15.0,13.83,16.24,Honda,Air Blade,2013,20000,Tay ga,Trên 175 cc,Việt Nam,2.4099999999999984
35.5,44.98,52.8,Honda,SH,2013,3000,Tay ga,100 - 175 cc,Việt Nam,7.82
23.8,23.78,27.91,Honda,Air Blade,2019,25000,Tay ga,100 - 175 cc,Việt Nam,4.129999999999999
45.0,11.25,13.21,Honda,Dream,2023,28000,Xe số,50 - 100 cc,Thái Lan,1.9600000000000009
23.8,23.33,27.39,Honda,Future,2021,19500,Xe số,100 - 175 cc,Việt Nam,4.060000000000002
50.0,37.63,44.18,Honda,Vario,2025,2300,Tay ga,100 - 175 cc,Việt Nam,6.549999999999997
59.5,50.33,59.08,Piaggio,Vespa,2021,15000,Tay ga,100 - 175 cc,Nước khác,8.75
9.0,34.12,40.05,Piaggio,Vespa,2025,17431,Tay ga,50 - 100 cc,Việt Nam,5.93
8.5,6.86,8.05,Piaggio,Liberty,2012,33000,Tay ga,100 - 175 cc,Nước khác,1.1900000000000004
16.5,16.88,19.81,Honda,Vision,2016,16000,Tay ga,100 - 175 cc,Việt Nam,2.9299999999999997
7.2,5.4,6.34,Yamaha,Mio,2010,59110,Tay ga,100 - 175 cc,Nhật Bản,0.9399999999999995
32.0,8.6,10.1,Honda,Air Blade,2009,20000,Tay ga,100 - 175 cc,Thái Lan,1.5
15.5,6.27,7.36,Honda,Cub,1982,1234,Xe số,50 - 100 cc,Nhật Bản,1.0900000000000007
5.2,4.7,5.52,Piaggio,Fly,2012,61700,Tay ga,50 - 100 cc,Nước khác,0.8199999999999994
10.0,7.61,8.93,Yamaha,Sirius,2014,274922,Xe số,100 - 175 cc,Việt Nam,1.3199999999999994
15.5,6.27,7.36,Honda,Cub,1982,1234,Xe số,50 - 100 cc,Nhật Bản,1.0900000000000007
4.5,4.55,5.34,Hãng khác,Dòng khác,2015,100000,Xe số,Dưới 50 cc,Đài Loan,0.79
10.0,7.98,9.37,Yamaha,Sirius,2016,999999,Xe số,100 - 175 cc,Nhật Bản,1.3899999999999988
5.5,3.91,4.59,Hãng khác,Dòng khác,2011,1000,Xe số,50 - 100 cc,Trung Quốc,0.6799999999999997
9.999,10.02,11.76,Honda,Air Blade,2011,59000,Tay ga,100 - 175 cc,Việt Nam,1.7400000000000002
150.0,111.64,131.05,Honda,CB,2020,13000,Tay côn/Moto,Trên 175 cc,Nước khác,19.41000000000001
2.7,3.91,4.59,Piaggio,Zip,2009,3000,Tay ga,100 - 175 cc,Đang cập nhật,0.6799999999999997
13.0,15.19,17.83,Honda,Air Blade,2014,75000,Tay ga,100 - 175 cc,Việt Nam,2.639999999999999
2.56,3.58,4.2,Yamaha,Nouvo,2009,15878,Tay ga,100 - 175 cc,Việt Nam,0.6200000000000001
5.5,7.27,8.54,Honda,Wave,2007,800000,Xe số,50 - 100 cc,Trung Quốc,1.2699999999999996
8.0,7.94,9.32,Honda,Wave,2014,0,Xe số,100 - 175 cc,Việt Nam,1.38
15.0,5.51,6.47,Yamaha,Mio,2004,220000,Tay ga,100 - 175 cc,Việt Nam,0.96
8.0,7.94,9.32,Honda,Wave,2014,12000,Xe số,100 - 175 cc,Việt Nam,1.38
7.8,7.98,9.37,Yamaha,Sirius,2016,40000,Xe số,100 - 175 cc,Nhật Bản,1.3899999999999988
6.8,6.88,8.07,Honda,Click,2008,1500,Tay ga,50 - 100 cc,Nhật Bản,1.1900000000000004
30.0,32.11,37.7,Honda,Vario,2021,162,Tay ga,100 - 175 cc,Đang cập nhật,5.590000000000003
6.0,6.26,7.34,Piaggio,Beverly,2012,18000,Tay ga,100 - 175 cc,Nước khác,1.08
7.0,6.69,7.85,Honda,Wave,2009,0,Xe số,100 - 175 cc,Việt Nam,1.1599999999999993
25.0,23.11,27.13,Honda,Sonic,2020,25,Tay côn/Moto,100 - 175 cc,Việt Nam,4.02
7.8,15.57,18.28,Honda,Win,1995,50000,Tay côn/Moto,100 - 175 cc,Đang cập nhật,2.710000000000001
23.0,8.59,10.08,Piaggio,Vespa,2012,999999,Tay ga,100 - 175 cc,Nước khác,1.4900000000000002
8.1,8.99,10.56,Honda,Air Blade,2012,25000,Tay ga,100 - 175 cc,Đang cập nhật,1.5700000000000003
5.8,6.55,7.69,Hãng khác,Dòng khác,2016,25000,Xe số,100 - 175 cc,Đang cập nhật,1.1400000000000006
6.0,6.59,7.74,SYM,Shark,2011,21000,Tay ga,100 - 175 cc,Việt Nam,1.1500000000000004
16.5,17.46,20.5,Yamaha,FZ,2015,50000,Tay côn/Moto,100 - 175 cc,Đang cập nhật,3.039999999999999
25.0,21.16,24.84,Suzuki,EN,2012,119999,Tay côn/Moto,100 - 175 cc,Thái Lan,3.6799999999999997
6.5,6.9,8.1,Suzuki,Axelo,2013,56789,Tay côn/Moto,100 - 175 cc,Đang cập nhật,1.1999999999999993
2.5,3.6,4.23,Suzuki,Hayate,2011,10000,Tay ga,100 - 175 cc,Nhật Bản,0.6300000000000003
35.0,40.12,47.1,Yamaha,Exciter,2009,62500,Tay côn/Moto,100 - 175 cc,Việt Nam,6.980000000000004
9.0,8.36,9.82,Hãng khác,K-Pipe,2017,20000,Tay côn/Moto,100 - 175 cc,Đài Loan,1.4600000000000009
15.0,8.6,10.1,Honda,Air Blade,2009,6789,Tay ga,100 - 175 cc,Việt Nam,1.5
103.0,69.27,81.32,Honda,SH,2021,150000,Tay ga,Trên 175 cc,Thái Lan,12.049999999999997
63.5,60.06,70.5,Piaggio,Sprint,2022,4100,Tay ga,100 - 175 cc,Việt Nam,10.439999999999998
16.8,14.27,16.76,Honda,Wave,2023,8700,Xe số,100 - 175 cc,Đang cập nhật,2.490000000000002
14.5,14.74,17.3,Honda,Future,2017,55000,Xe số,100 - 175 cc,Việt Nam,2.5600000000000005
14.5,16.88,19.81,Honda,Vision,2016,80000,Tay ga,100 - 175 cc,Nhật Bản,2.9299999999999997
30.7,9.73,11.42,Honda,Wave,2016,1600,Xe số,50 - 100 cc,Việt Nam,1.6899999999999995
19.9,19.64,23.05,Yamaha,Nvx,2018,80000,Tay ga,100 - 175 cc,Nhật Bản,3.41
1.8,8.99,10.55,Hãng khác,Dòng khác,2019,1111,Xe số,100 - 175 cc,Trung Quốc,1.5600000000000005
9.0,6.82,8.01,Honda,Wave,2008,30000,Xe số,Không biết rõ,Nhật Bản,1.1899999999999995
13.9,10.11,11.87,Piaggio,Liberty,2014,48736,Tay ga,100 - 175 cc,Việt Nam,1.7599999999999998
14.0,11.52,13.52,Honda,Dream,2001,43315,Xe số,100 - 175 cc,Thái Lan,2.0
10.5,11.03,12.95,Honda,Vision,2013,65000,Tay ga,100 - 175 cc,Nhật Bản,1.92
2.9,2.73,3.2,Yamaha,Nouvo,2005,12000,Tay ga,100 - 175 cc,Nước khác,0.4700000000000002
13.0,10.39,12.2,Honda,Wave,2018,30000,Xe số,100 - 175 cc,Đang cập nhật,1.8099999999999987
8.5,10.11,11.87,Piaggio,Liberty,2014,49000,Tay ga,100 - 175 cc,Việt Nam,1.7599999999999998
10.0,7.98,9.37,Yamaha,Sirius,2016,99999,Xe số,100 - 175 cc,Nhật Bản,1.3899999999999988
9.5,10.54,12.37,Honda,Vision,2012,10000,Tay ga,Không biết rõ,Nhật Bản,1.83
25.0,44.05,51.71,Honda,SH,2006,300,Tay ga,100 - 175 cc,Nước khác,7.660000000000004
22.5,23.44,27.51,Honda,Winner X,2022,30000,Tay côn/Moto,100 - 175 cc,Việt Nam,4.07
10.5,10.54,12.37,Honda,Vision,2012,1500,Tay ga,50 - 100 cc,Nhật Bản,1.83
15.8,6.93,8.14,Honda,Wave,2006,10000,Xe số,100 - 175 cc,Nhật Bản,1.2100000000000009
55.0,25.66,30.12,Honda,Future,2010,19000,Xe số,100 - 175 cc,Việt Nam,4.460000000000001
13.0,13.180000000000001,15.71,Honda,Winner,2017,51000,Tay côn/Moto,100 - 175 cc,Nhật Bản,2.5299999999999994
2.0,6.82,8.01,Honda,Wave,2008,1000,Xe số,50 - 100 cc,Nhật Bản,1.1899999999999995
12.0,12.07,14.17,Honda,67,trước năm 1980,40000,Xe số,100 - 175 cc,Nhật Bản,2.0999999999999996
58.0,61.85,72.6,Piaggio,Sprint,2023,12000,Tay ga,100 - 175 cc,Nước khác,10.749999999999993
6.6,8.6,10.1,Honda,Air Blade,2009,25000,Tay ga,100 - 175 cc,Đang cập nhật,1.5
8.5,8.28,9.73,Honda,Wave,2015,15000,Xe số,100 - 175 cc,Nhật Bản,1.450000000000001
7.7,7.61,8.93,Yamaha,Sirius,2014,25000,Xe số,100 - 175 cc,Đang cập nhật,1.3199999999999994
8.8,11.03,12.95,Honda,Vision,2013,20000,Tay ga,100 - 175 cc,Thái Lan,1.92
12.0,12.07,14.17,Honda,67,trước năm 1980,4000,Xe số,50 - 100 cc,Nhật Bản,2.0999999999999996
21.5,14.6,17.14,Yamaha,Janus,2019,1853,Tay ga,100 - 175 cc,Nhật Bản,2.540000000000001
22.0,14.6,17.14,Yamaha,Janus,2019,1853,Tay ga,100 - 175 cc,Nhật Bản,2.540000000000001
6.2,6.82,8.01,Honda,Wave,2008,30000,Xe số,50 - 100 cc,Việt Nam,1.1899999999999995
10.5,2.56,3.0,Hãng khác,Dòng khác,1997,1,Xe số,Dưới 50 cc,Đang cập nhật,0.43999999999999995
3.35,9.88,11.6,Honda,Dream,2008,100000,Xe số,50 - 100 cc,Trung Quốc,1.7199999999999989
4.1,8.0,9.4,Suzuki,Viva,2006,45678,Xe số,100 - 175 cc,Việt Nam,1.4000000000000004
16.3,21.1,24.77,Honda,Vision,2019,20000,Tay ga,100 - 175 cc,Nước khác,3.669999999999998
20.0,12.85,15.09,Honda,Wave,2025,1000,Xe số,100 - 175 cc,Đang cập nhật,2.24
4.2,11.13,13.07,Hãng khác,Dòng khác,2023,1,Xe số,100 - 175 cc,Nước khác,1.9399999999999995
3.0,5.98,7.02,Yamaha,Luvias,2011,200000,Tay ga,100 - 175 cc,Thái Lan,1.0399999999999991
29.0,26.35,30.93,Yamaha,Exciter,2021,60000,Tay côn/Moto,100 - 175 cc,Việt Nam,4.579999999999998
18.5,16.31,19.14,Honda,Wave,2024,2400,Xe số,100 - 175 cc,Thái Lan,2.830000000000002
12.0,5.26,6.18,Honda,Cub,2000,10000,Xe số,50 - 100 cc,Nhật Bản,0.9199999999999999
18.0,15.75,18.49,Yamaha,Exciter,2017,50000,Tay côn/Moto,100 - 175 cc,Đang cập nhật,2.7399999999999984
11.0,12.97,15.23,Yamaha,Janus,2017,72000,Tay ga,100 - 175 cc,Việt Nam,2.26
15.0,15.19,17.83,Honda,Air Blade,2014,68050,Tay ga,100 - 175 cc,Việt Nam,2.639999999999999
28.0,20.02,23.5,Honda,SH,2002,100000,Tay ga,100 - 175 cc,Nước khác,3.4800000000000004
8.5,6.06,7.11,Honda,Wave,2010,900,Xe số,100 - 175 cc,Đang cập nhật,1.0500000000000007
18.0,13.66,16.04,Honda,Wave,2021,10000,Xe số,100 - 175 cc,Đang cập nhật,2.379999999999999
9.8,7.17,8.42,SYM,Shark,2012,22222,Tay ga,100 - 175 cc,Đài Loan,1.25
15.9,15.19,17.83,Honda,Air Blade,2014,65000,Tay ga,100 - 175 cc,Việt Nam,2.639999999999999
3.9,3.11,3.66,SYM,Attila,2009,15000,Tay ga,100 - 175 cc,Đài Loan,0.5500000000000003
4.3,4.01,4.71,Yamaha,Nouvo,2010,10000,Tay ga,100 - 175 cc,Nhật Bản,0.7000000000000002
36.0,20.8,24.41,Honda,Dòng khác,2016,5000,Tay côn/Moto,Trên 175 cc,Thái Lan,3.6099999999999994
12.0,12.07,14.17,Honda,67,trước năm 1980,40000,Xe số,100 - 175 cc,Nhật Bản,2.0999999999999996
3.0,6.89,8.09,Honda,Cub,2007,5786,Xe số,50 - 100 cc,Việt Nam,1.2000000000000002
12.5,14.51,17.04,Yamaha,Exciter,2013,100000,Tay côn/Moto,100 - 175 cc,Đang cập nhật,2.5299999999999994
11.5,11.68,13.71,Honda,Wave,2019,30000,Xe số,100 - 175 cc,Đang cập nhật,2.030000000000001
12.0,11.64,13.66,SYM,Galaxy,2023,10800,Xe số,Dưới 50 cc,Đài Loan,2.0199999999999996
14.5,15.75,18.49,Yamaha,Exciter,2017,30000,Tay côn/Moto,100 - 175 cc,Việt Nam,2.7399999999999984
6.8,6.06,7.11,Honda,Wave,2010,25000,Xe số,100 - 175 cc,Đang cập nhật,1.0500000000000007
4.7,6.58,7.72,Honda,Wave,2011,70000,Xe số,100 - 175 cc,Trung Quốc,1.1399999999999997
17.0,13.87,16.28,Honda,Winner,2016,83000,Tay côn/Moto,100 - 175 cc,Việt Nam,2.410000000000002
39.8,41.9,49.18,Yamaha,Exciter,2010,30,Xe số,100 - 175 cc,Việt Nam,7.280000000000001
25.0,18.22,21.39,Suzuki,GD,2022,3000,Tay côn/Moto,100 - 175 cc,Đang cập nhật,3.1700000000000017
2.0,2.91,3.42,Honda,Dream,trước năm 1980,80000,Xe số,100 - 175 cc,Hàn Quốc,0.5099999999999998
17.8,17.83,20.93,Honda,Winner X,2021,20000,Tay côn/Moto,100 - 175 cc,Việt Nam,3.1000000000000014
14.0,15.38,18.06,Honda,Lead,2015,300000,Tay ga,100 - 175 cc,Nhật Bản,2.679999999999998
57.0,59.97,70.4,Honda,SH Mode,2025,0,Tay ga,100 - 175 cc,Nước khác,10.430000000000007
18.0,16.75,19.66,Honda,Dream,1993,100000,Xe số,50 - 100 cc,Đang cập nhật,2.91
18.0,16.1,18.9,Yamaha,FZ,2014,40000,Tay côn/Moto,100 - 175 cc,Đang cập nhật,2.799999999999997
38.5,29.43,34.55,Honda,Winner X,2025,50,Tay côn/Moto,100 - 175 cc,Việt Nam,5.119999999999997
21.5,13.82,16.22,Yamaha,Exciter,2012,30000,Tay côn/Moto,100 - 175 cc,Việt Nam,2.3999999999999986
15.0,13.86,16.27,Yamaha,Exciter,2014,40000,Tay côn/Moto,100 - 175 cc,Trung Quốc,2.41
8.8,7.3,8.57,Yamaha,Sirius,2013,53000,Xe số,100 - 175 cc,Đang cập nhật,1.2700000000000005
16.0,17.09,20.06,Yamaha,Exciter,2018,4933,Tay côn/Moto,100 - 175 cc,Việt Nam,2.969999999999999
16.5,14.27,16.76,Honda,Wave,2023,12000,Xe số,100 - 175 cc,Việt Nam,2.490000000000002
1.5,4.01,4.71,Yamaha,Nouvo,2010,50000,Tay ga,100 - 175 cc,Đang cập nhật,0.7000000000000002
7.8,6.33,7.43,Yamaha,Sirius,2008,30000,Xe số,100 - 175 cc,Thái Lan,1.0999999999999996
25.0,19.98,23.46,Honda,Air Blade,2016,55000,Tay ga,100 - 175 cc,Nhật Bản,3.4800000000000004
7.5,7.94,9.32,Honda,Wave,2014,0,Xe số,100 - 175 cc,Việt Nam,1.38
36.0,29.9,35.1,Honda,Vision,2024,6878,Tay ga,100 - 175 cc,Đang cập nhật,5.200000000000003
11.5,13.38,15.71,Honda,Winner,2017,52700,Tay côn/Moto,100 - 175 cc,Đang cập nhật,2.33
0.017,13.38,15.71,Honda,Winner,2017,26000,Xe số,100 - 175 cc,Nhật Bản,2.33
11.5,11.03,12.95,Honda,Vision,2013,400000,Tay ga,100 - 175 cc,Việt Nam,1.92
25.0,29.9,35.1,Honda,Vision,2024,7000,Tay ga,100 - 175 cc,Nước khác,5.200000000000003
7.3,6.34,7.44,Hãng khác,Espero,2019,8000,Xe số,Dưới 50 cc,Hàn Quốc,1.1000000000000005
6.7,7.31,8.58,Yamaha,Sirius,2012,25000,Xe số,100 - 175 cc,Đang cập nhật,1.2700000000000005
3.5,10.63,12.48,Hãng khác,Dòng khác,2022,20000,Xe số,50 - 100 cc,Đang cập nhật,1.8499999999999996
3.8,7.27,8.54,Honda,Wave,2007,45678,Xe số,100 - 175 cc,Trung Quốc,1.2699999999999996
4.0,3.55,4.17,Hãng khác,Dòng khác,2010,50000,Xe số,100 - 175 cc,Đang cập nhật,0.6200000000000001
18.8,16.92,19.86,Honda,Vision,2017,70000,Tay ga,100 - 175 cc,Việt Nam,2.9399999999999977
35.0,20.05,23.54,Honda,Future,2006,25000,Xe số,100 - 175 cc,Nhật Bản,3.4899999999999984
3.8,6.93,8.14,Honda,Wave,2006,10000,Xe số,100 - 175 cc,Việt Nam,1.2100000000000009
7.5,8.35,9.81,Yamaha,Sirius,2017,1111,Xe số,100 - 175 cc,Nước khác,1.4600000000000009
41.0,81.44,95.6,Honda,CB,2019,31000,Tay côn/Moto,100 - 175 cc,Nước khác,14.159999999999997
1.7,4.6,5.4,Hãng khác,Max,1997,1111,Xe số,50 - 100 cc,Nhật Bản,0.8000000000000007
17.8,14.62,17.16,Yamaha,Exciter,2016,86000,Tay côn/Moto,100 - 175 cc,Việt Nam,2.540000000000001
15.2,15.31,17.97,Honda,Lead,2014,1,Tay ga,100 - 175 cc,Thái Lan,2.6599999999999984
9.6,8.28,9.73,Honda,Wave,2015,25000,Xe số,100 - 175 cc,Đang cập nhật,1.450000000000001
22.0,15.959999999999999,18.49,Yamaha,Exciter,2017,48000,Tay côn/Moto,100 - 175 cc,Nước khác,2.5299999999999994
5.9,8.6,10.1,Honda,Air Blade,2009,25000,Tay ga,100 - 175 cc,Đang cập nhật,1.5
7.7,6.93,8.14,Honda,Wave,2006,25000,Xe số,100 - 175 cc,Đang cập nhật,1.2100000000000009
26.5,12.2,14.32,Honda,Dream,2021,41000,Xe số,100 - 175 cc,Việt Nam,2.120000000000001
40.0,14.53,17.05,Suzuki,GZ,2017,53908,Tay côn/Moto,100 - 175 cc,Nhật Bản,2.5200000000000014
3.8,4.44,5.22,Honda,@,2006,42000,Tay ga,100 - 175 cc,Đang cập nhật,0.7799999999999994
9.8,11.03,12.95,Honda,Vision,2013,20000,Tay ga,100 - 175 cc,Nước khác,1.92
7.5,7.27,8.54,Honda,Wave,2007,500000,Xe số,50 - 100 cc,Việt Nam,1.2699999999999996
1.4,2.4,2.81,SYM,Attila,2005,700000,Tay ga,100 - 175 cc,Việt Nam,0.41000000000000014
2.5,3.55,4.17,Hãng khác,Dòng khác,2010,100000,Xe số,100 - 175 cc,Việt Nam,0.6200000000000001
14.5,15.75,18.49,Yamaha,Exciter,2017,51000,Xe số,100 - 175 cc,Việt Nam,2.7399999999999984
5.0,4.88,5.72,SYM,Dòng khác,2010,4000,Tay ga,100 - 175 cc,Việt Nam,0.8399999999999999
9.8,3.22,3.78,Honda,67,1987,20000,Tay côn/Moto,50 - 100 cc,Nước khác,0.5599999999999996
1.0,11.46,13.45,Honda,Future,2014,0,Xe số,100 - 175 cc,Việt Nam,1.9899999999999984
20.5,23.44,27.51,Honda,Winner X,2022,4500,Tay côn/Moto,100 - 175 cc,Việt Nam,4.07
19.836868,11.68,13.72,Honda,Cub,1994,686868,Xe số,50 - 100 cc,Nhật Bản,2.040000000000001
8.0,6.12,7.18,Yamaha,Sirius,2010,10000,Xe số,100 - 175 cc,Việt Nam,1.0599999999999996
6.8,14.53,17.05,Hãng khác,Dòng khác,1999,32000,Xe số,50 - 100 cc,Đang cập nhật,2.5200000000000014
5.7,8.14,9.56,SYM,Star,2019,100000,Tay côn/Moto,100 - 175 cc,Đài Loan,1.42
32.0,13.86,16.27,Yamaha,Exciter,2014,1000,Tay côn/Moto,100 - 175 cc,Việt Nam,2.41
10.0,16.04,18.83,Honda,Winner,2019,400000,Xe số,100 - 175 cc,Đang cập nhật,2.789999999999999
50.0,101.46,119.11,Honda,SH,2012,82000,Tay ga,100 - 175 cc,Việt Nam,17.650000000000006
23.0,17.14,20.13,Honda,Future,2005,70000,Xe số,100 - 175 cc,Thái Lan,2.9899999999999984
29.999999,35.34,41.48,Honda,Vario,2023,14000,Tay ga,100 - 175 cc,Việt Nam,6.1399999999999935
15.8,15.8,18.55,Yamaha,Exciter,2011,30000,Tay côn/Moto,100 - 175 cc,Việt Nam,2.75
31.5,30.13,35.37,Honda,Vario,2019,38000,Tay ga,100 - 175 cc,Nhật Bản,5.239999999999998
8.5,6.87,8.06,Honda,Wave,2012,500000,Xe số,50 - 100 cc,Nhật Bản,1.1900000000000004
11.8,11.67,13.71,Honda,Wave,2020,20000,Xe số,100 - 175 cc,Việt Nam,2.040000000000001
8.0,6.23,7.31,Yamaha,Sirius,2011,100000,Xe số,100 - 175 cc,Việt Nam,1.0799999999999992
6.9,7.47,8.78,Hãng khác,Candy Hi,2013,25000,Tay ga,Dưới 50 cc,Đang cập nhật,1.3099999999999996
15.5,14.74,17.3,Honda,Future,2017,52000,Xe số,100 - 175 cc,Việt Nam,2.5600000000000005
0.034,26.35,30.93,Yamaha,Exciter,2021,15000,Tay côn/Moto,100 - 175 cc,Nước khác,4.579999999999998
2.8,4.79,5.62,Hãng khác,Dòng khác,2014,99999,Xe số,100 - 175 cc,Đang cập nhật,0.8300000000000001
19.5,13.83,16.24,Honda,Air Blade,2013,15000,Tay ga,100 - 175 cc,Việt Nam,2.4099999999999984
9.0,7.71,9.06,Honda,@,2004,48000,Tay ga,100 - 175 cc,Việt Nam,1.3500000000000005
7.0,6.06,7.11,Honda,Wave,2010,329661,Xe số,Không biết rõ,Trung Quốc,1.0500000000000007
0.022,9.14,10.73,Honda,Blade,2016,58000,Tay ga,100 - 175 cc,Việt Nam,1.5899999999999999
20.0,23.11,27.13,Honda,Sonic,2020,20000,Tay côn/Moto,100 - 175 cc,Việt Nam,4.02
0.0628,43.05,50.54,Piaggio,Vespa,2022,14800,Tay ga,100 - 175 cc,Đang cập nhật,7.490000000000002
13.8,16.04,18.83,Honda,Winner,2019,55000,Tay côn/Moto,100 - 175 cc,Việt Nam,2.789999999999999
4.9,4.18,4.9,Suzuki,Hayate,2012,55000,Tay ga,100 - 175 cc,Nhật Bản,0.7200000000000006
13.0,15.75,18.49,Yamaha,Exciter,2017,50000,Tay côn/Moto,100 - 175 cc,Nhật Bản,2.7399999999999984
12.5,16.1,18.9,Yamaha,Janus,2021,78000,Tay ga,100 - 175 cc,Việt Nam,2.799999999999997
2.5,4.09,4.8,Hãng khác,Dòng khác,2005,10000,Xe số,100 - 175 cc,Nước khác,0.71
7.0,7.35,8.63,Honda,Click,2010,99999,Tay ga,100 - 175 cc,Việt Nam,1.2800000000000011
57.0,58.13,68.25,Honda,SH,2018,47000,Tay ga,100 - 175 cc,Việt Nam,10.119999999999997
7.0,8.23,9.66,Honda,Cub,1997,900000,Xe số,Dưới 50 cc,Nhật Bản,1.4299999999999997
7.0,8.41,9.88,Honda,Cub,1986,90000,Xe số,Dưới 50 cc,Nhật Bản,1.4700000000000006
1.8,6.93,8.14,Honda,Wave,2006,18000,Xe số,50 - 100 cc,Trung Quốc,1.2100000000000009
6.8,6.14,7.21,Yamaha,Nouvo,2013,50000,Tay ga,50 - 100 cc,Việt Nam,1.0700000000000003
17.0,14.74,17.3,Honda,Future,2017,24363,Xe số,100 - 175 cc,Đang cập nhật,2.5600000000000005
26.0,29.9,35.1,Honda,Vision,2024,14000,Tay ga,100 - 175 cc,Việt Nam,5.200000000000003
10.8,11.03,12.95,Honda,Vision,2013,37000,Tay ga,100 - 175 cc,Đang cập nhật,1.92
23.0,7.83,9.19,Honda,Dylan,2003,33333,Tay ga,100 - 175 cc,Việt Nam,1.3599999999999994
7.0,6.14,7.21,Yamaha,Nouvo,2013,125000,Tay ga,100 - 175 cc,Đang cập nhật,1.0700000000000003
5.0,6.08,7.14,Yamaha,Mio,2016,50000,Tay ga,100 - 175 cc,Việt Nam,1.0599999999999996
7.5,6.93,8.14,Honda,Wave,2006,32000,Xe số,100 - 175 cc,Việt Nam,1.2100000000000009
16.0,16.51,19.38,Honda,Winner X,2019,75000,Tay côn/Moto,100 - 175 cc,Nhật Bản,2.8699999999999974
13.9,14.27,16.76,Honda,Wave,2023,16000,Xe số,100 - 175 cc,Đang cập nhật,2.490000000000002
19.5,12.97,15.23,Yamaha,Janus,2017,367000,Tay ga,100 - 175 cc,Việt Nam,2.26
28.0,16.16,18.97,Yamaha,Exciter,2015,30,Xe số,100 - 175 cc,Việt Nam,2.8099999999999987
5.5,3.58,4.2,Yamaha,Nouvo,2009,100000,Tay ga,100 - 175 cc,Đang cập nhật,0.6200000000000001
36.0,29.62,34.78,Honda,Future,2024,5700,Xe số,100 - 175 cc,Việt Nam,5.16
58.0,79.12,92.88,Honda,Click,2024,3600,Tay ga,100 - 175 cc,Đang cập nhật,13.759999999999991
4.2,4.44,5.22,Honda,@,2006,26000,Tay ga,50 - 100 cc,Đang cập nhật,0.7799999999999994
6.0,3.95,4.64,Hãng khác,Dòng khác,2008,200000,Xe số,Dưới 50 cc,Trung Quốc,0.6899999999999995
4.3,7.17,8.42,SYM,Shark,2012,22222,Tay ga,100 - 175 cc,Đài Loan,1.25
9.9,10.54,12.37,Honda,Vision,2012,50000,Tay ga,50 - 100 cc,Việt Nam,1.83
7.0,7.94,9.32,Honda,Wave,2014,50000,Xe số,100 - 175 cc,Nhật Bản,1.38
26.3,22.94,26.93,Honda,Lead,2018,52000,Tay ga,100 - 175 cc,Việt Nam,3.9899999999999984
3.2,14.53,17.05,Suzuki,Revo,2007,20000,Xe số,100 - 175 cc,Nhật Bản,2.5200000000000014
17.5,16.51,19.38,Honda,Winner X,2019,50000,Tay côn/Moto,100 - 175 cc,Nhật Bản,2.8699999999999974
10.0,11.08,13.01,Yamaha,Acruzo,2016,10986,Tay ga,100 - 175 cc,Việt Nam,1.9299999999999997
16.5,15.0,17.61,Honda,Dream,1997,200000,Xe số,100 - 175 cc,Thái Lan,2.6099999999999994
77.0,74.57,87.54,Honda,SH,2022,16000,Tay ga,50 - 100 cc,Việt Nam,12.970000000000013
22.0,17.83,20.93,Honda,Winner X,2021,21000,Tay côn/Moto,100 - 175 cc,Việt Nam,3.1000000000000014
16.0,17.09,20.06,Yamaha,Exciter,2018,200000,Tay côn/Moto,100 - 175 cc,Nhật Bản,2.969999999999999
35.8,31.94,37.49,Honda,Vario,2020,39000,Tay ga,100 - 175 cc,Đang cập nhật,5.550000000000001
16.8,18.47,21.68,Honda,Vision,2018,46000,Tay ga,100 - 175 cc,Đang cập nhật,3.210000000000001
22.0,17.09,20.06,Yamaha,Exciter,2018,77738,Tay côn/Moto,100 - 175 cc,Nhật Bản,2.969999999999999
6.0,7.06,8.28,Yamaha,Mio,2012,123456,Tay ga,100 - 175 cc,Việt Nam,1.2199999999999998
30.0,32.29,37.91,Honda,Air Blade,2021,130000,Tay ga,100 - 175 cc,Nhật Bản,5.619999999999997
13.0,15.9,18.67,Honda,Air Blade,2015,100000,Tay ga,100 - 175 cc,Việt Nam,2.7700000000000014
1.235678,24.09,28.27,Suzuki,Satria,2022,12000,Xe số,100 - 175 cc,Nước khác,4.18
11.5,11.68,13.71,Honda,Wave,2019,24374,Xe số,100 - 175 cc,Việt Nam,2.030000000000001
13.0,13.38,15.71,Honda,Winner,2017,38000,Tay côn/Moto,100 - 175 cc,Đang cập nhật,2.33
4.5,8.49,9.97,Honda,Dream,2006,10000,Xe số,100 - 175 cc,Trung Quốc,1.4800000000000004
5.5,6.18,7.26,Yamaha,Sirius,2007,0,Xe số,50 - 100 cc,Nhật Bản,1.08
22.0,13.07,15.35,Honda,Future,2004,9999,Xe số,100 - 175 cc,Đang cập nhật,2.2799999999999994
25.8,14.62,17.16,Yamaha,Exciter,2016,999999,Tay côn/Moto,100 - 175 cc,Nhật Bản,2.540000000000001
13.8,13.86,16.27,Yamaha,Exciter,2014,0,Tay côn/Moto,Trên 175 cc,Nước khác,2.41
3.2,7.27,8.54,Honda,Wave,2007,42307,Xe số,50 - 100 cc,Trung Quốc,1.2699999999999996
15.7,17.08,20.05,Honda,Winner X,2020,38000,Tay côn/Moto,100 - 175 cc,Việt Nam,2.9700000000000024
3.5,3.72,4.37,Suzuki,Hayate,2010,90000,Tay ga,100 - 175 cc,Nhật Bản,0.6499999999999999
7.9,6.97,8.19,Yamaha,Sirius,2015,25000,Xe số,100 - 175 cc,Đang cập nhật,1.2199999999999998
12.3,12.96,15.22,Honda,Future,2015,25000,Xe số,100 - 175 cc,Đang cập nhật,2.26
37.0,34.12,40.05,Honda,Air Blade,2022,30000,Tay ga,100 - 175 cc,Việt Nam,5.93
44.5,39.18,45.99,Honda,SH,2015,285000,Tay ga,100 - 175 cc,Việt Nam,6.810000000000002
0.0299,29.62,34.78,Honda,Future,2024,10000,Xe số,100 - 175 cc,Việt Nam,5.16
11.0,4.55,5.35,Yamaha,Luvias,2009,0,Tay ga,100 - 175 cc,Việt Nam,0.7999999999999998
9.5,7.17,8.42,SYM,Shark,2012,22222,Tay ga,100 - 175 cc,Đài Loan,1.25
17.5,19.2,22.55,Yamaha,Freego,2021,19000,Tay ga,Trên 175 cc,Việt Nam,3.3500000000000014
3.9,5.84,6.85,Yamaha,Nouvo,2014,50000,Tay ga,100 - 175 cc,Việt Nam,1.0099999999999998
7.5,5.26,6.17,Honda,Win,2005,70000,Tay côn/Moto,50 - 100 cc,Nước khác,0.9100000000000001
10.0,9.64,11.32,Yamaha,Sirius,2019,22000,Xe số,100 - 175 cc,Việt Nam,1.6799999999999997
2.5,10.41,12.22,Honda,Dream,2005,10000,Xe số,100 - 175 cc,Hàn Quốc,1.8100000000000005
2.5,10.41,12.22,Honda,Dream,2005,100,Xe số,100 - 175 cc,Hàn Quốc,1.8100000000000005
8.4e-05,6.06,7.11,Honda,Wave,2010,34254,Xe số,100 - 175 cc,Nhật Bản,1.0500000000000007
8.0,7.27,8.54,Honda,Wave,2007,686866,Xe số,100 - 175 cc,Việt Nam,1.2699999999999996
7.5,3.91,4.59,Hãng khác,Dòng khác,2011,16585,Tay ga,100 - 175 cc,Nước khác,0.6799999999999997
25.0,22.35,26.24,Honda,Air Blade,2018,43000,Tay ga,100 - 175 cc,Việt Nam,3.889999999999997
20.0,26.520000000000003,29.05,Honda,Dòng khác,1999,125355,Xe số,Dưới 50 cc,Nhật Bản,2.5299999999999976
27.0,23.44,27.51,Honda,Winner X,2022,30000,Tay côn/Moto,100 - 175 cc,Việt Nam,4.07
8.0,12.15,14.27,Honda,Vision,2014,84000,Tay ga,100 - 175 cc,Nhật Bản,2.119999999999999
7.2,7.12,8.36,Suzuki,Impulse,2016,45678,Tay ga,100 - 175 cc,Nhật Bản,1.2399999999999993
17.5,16.31,19.14,Honda,Wave,2024,6000,Xe số,100 - 175 cc,Việt Nam,2.830000000000002
31.0,41.35,48.54,Honda,Vario,2018,26000,Tay ga,100 - 175 cc,Nước khác,7.189999999999998
99.0,75.76,88.93,Honda,SH,2024,2352,Tay ga,Trên 175 cc,Việt Nam,13.170000000000002
17.9,15.19,17.83,Honda,Air Blade,2014,31000,Tay ga,100 - 175 cc,Việt Nam,2.639999999999999
21.8,23.44,27.51,Honda,Winner X,2022,235679,Tay côn/Moto,100 - 175 cc,Nhật Bản,4.07
5.5,6.48,7.61,Piaggio,Vespa,2009,18273,Tay ga,100 - 175 cc,Việt Nam,1.13
53.0,52.54,61.68,Honda,SH Mode,2023,15000,Tay ga,100 - 175 cc,Việt Nam,9.14
5.5,6.68,7.84,Honda,Lead,2010,40000,Tay ga,100 - 175 cc,Nhật Bản,1.1600000000000001
33.8,31.94,37.49,Honda,Vario,2020,35000,Tay ga,100 - 175 cc,Việt Nam,5.550000000000001
13.0,15.75,18.49,Yamaha,Exciter,2017,50000,Tay côn/Moto,100 - 175 cc,Nhật Bản,2.7399999999999984
10.5,14.51,17.04,Yamaha,Exciter,2013,500000,Tay côn/Moto,100 - 175 cc,Việt Nam,2.5299999999999994
6.0,7.74,9.09,Suzuki,Impulse,2015,74000,Tay ga,100 - 175 cc,Nhật Bản,1.3499999999999996
16.0,21.95,25.77,Honda,Sonic,2018,108052,Tay côn/Moto,100 - 175 cc,Thái Lan,3.8200000000000003
7.2,7.3,8.57,Yamaha,Sirius,2013,52000,Xe số,100 - 175 cc,Nhật Bản,1.2700000000000005
7.0,10.01,11.75,Piaggio,Vespa,2013,50000,Tay ga,100 - 175 cc,Việt Nam,1.7400000000000002
10.5,7.98,9.37,Yamaha,Sirius,2016,52000,Xe số,100 - 175 cc,Việt Nam,1.3899999999999988
14.8,10.56,12.4,Suzuki,Raider,2016,44617,Tay côn/Moto,100 - 175 cc,Đang cập nhật,1.8399999999999999
7.0,6.18,7.26,Yamaha,Sirius,2007,60000,Xe số,50 - 100 cc,Việt Nam,1.08
25.0,21.3,25.0,Honda,Sonic,2017,67000,Xe số,100 - 175 cc,Nước khác,3.6999999999999993
15.6,8.6,10.1,Honda,Air Blade,2009,35000,Tay ga,100 - 175 cc,Thái Lan,1.5
11.2,14.53,17.05,SYM,Shark,2021,22222,Tay ga,100 - 175 cc,Đài Loan,2.5200000000000014
16.5,7.18,8.42,Hãng khác,Dòng khác,2019,30000,Tay ga,Dưới 50 cc,Việt Nam,1.2400000000000002
5.0,3.58,4.2,Yamaha,Nouvo,2009,80,Tay ga,100 - 175 cc,Đang cập nhật,0.6200000000000001
18.0,14.57,17.1,Honda,Winner,2018,50000,Tay côn/Moto,100 - 175 cc,Việt Nam,2.530000000000001
14.9,10.55,12.38,Honda,Wave,2002,9999,Xe số,100 - 175 cc,Nhật Bản,1.83
8.5,10.55,12.38,Honda,Wave,2002,45000,Xe số,50 - 100 cc,Việt Nam,1.83
18.5,12.96,15.22,Honda,Future,2015,22000,Xe số,100 - 175 cc,Việt Nam,2.26
15.9,15.19,17.83,Honda,Air Blade,2014,210000,Tay ga,100 - 175 cc,Việt Nam,2.639999999999999
35.555555,32.11,37.7,Honda,Vario,2021,100000,Tay ga,100 - 175 cc,Nước khác,5.590000000000003
13.5,11.04,12.96,Hãng khác,Dòng khác,2023,4000,Xe số,Dưới 50 cc,Hàn Quốc,1.9200000000000017
2.5,8.25,9.68,Honda,@,2018,100000,Xe số,Không biết rõ,Việt Nam,1.4299999999999997
15.5,11.52,13.52,Honda,Wave,2004,10,Xe số,50 - 100 cc,Việt Nam,2.0
3.5,6.14,7.21,Yamaha,Nouvo,2013,999,Tay ga,100 - 175 cc,Nhật Bản,1.0700000000000003
19.0,19.92,23.38,Suzuki,Satria,2019,22000,Tay côn/Moto,100 - 175 cc,Nước khác,3.4599999999999973
7.45,8.9,10.45,Honda,Blade,2017,30000,Xe số,100 - 175 cc,Việt Nam,1.549999999999999
55.8,55.2,64.8,Honda,SH,2017,28100,Tay ga,100 - 175 cc,Đang cập nhật,9.599999999999994
8.8,8.99,10.56,Honda,Air Blade,2012,25000,Tay ga,100 - 175 cc,Đang cập nhật,1.5700000000000003
2.6,3.0,3.52,SYM,Attila,2008,300000,Tay ga,50 - 100 cc,Việt Nam,0.52
7.5,6.88,8.07,Honda,Click,2008,600000,Tay ga,100 - 175 cc,Thái Lan,1.1900000000000004
5.9,5.98,7.02,Yamaha,Luvias,2011,50000,Tay ga,100 - 175 cc,Việt Nam,1.0399999999999991
9.3,11.03,12.95,Honda,Vision,2013,20000,Tay ga,100 - 175 cc,Nước khác,1.92
19.0,12.56,14.75,Hãng khác,Dòng khác,2024,1468,Tay ga,Dưới 50 cc,Đang cập nhật,2.1899999999999995
8.5,7.98,9.37,Honda,Lead,2012,10000,Tay ga,100 - 175 cc,Nhật Bản,1.3899999999999988
2.2,14.53,17.05,Yamaha,Nouvo,2021,25728,Tay ga,100 - 175 cc,Việt Nam,2.5200000000000014
87.0,111.87,131.33,Honda,SH,2011,50000,Tay ga,100 - 175 cc,Việt Nam,19.460000000000008
86.0,74.21,87.11,Honda,SH,2023,10000,Tay ga,100 - 175 cc,Đang cập nhật,12.900000000000006
108.0,73.28,86.03,Honda,Cub,2024,360,Xe số,100 - 175 cc,Thái Lan,12.75
10.7,8.35,9.8,Yamaha,Nouvo,2016,40000,Tay ga,100 - 175 cc,Đang cập nhật,1.450000000000001
16.3,16.31,19.15,Honda,Winner X,2019,99999,Xe số,100 - 175 cc,Nhật Bản,2.84
9.0,6.7,7.87,Suzuki,Axelo,2016,30000,Tay côn/Moto,100 - 175 cc,Nhật Bản,1.17
3.95,4.18,4.91,Hãng khác,Dòng khác,2004,743044,Xe số,Không biết rõ,Đang cập nhật,0.7300000000000004
10.0,7.25,8.51,Suzuki,Axelo,2017,36000,Tay côn/Moto,100 - 175 cc,Nhật Bản,1.2599999999999998
6.9,5.45,6.4,Honda,Cub,2010,29789,Xe số,Dưới 50 cc,Hàn Quốc,0.9500000000000002
10.5,6.24,7.33,Honda,Cub,1999,26969,Xe số,Dưới 50 cc,Nhật Bản,1.0899999999999999
10.0,6.77,7.94,Honda,Wave,2008,8558,Xe số,50 - 100 cc,Việt Nam,1.1700000000000008
18.6,13.32,15.63,Honda,Dylan,2006,30000,Tay ga,100 - 175 cc,Đang cập nhật,2.3100000000000005
10.5,12.42,14.58,Honda,Dylan,2008,85000,Tay ga,100 - 175 cc,Nhật Bản,2.16
17.0,5.29,6.21,Suzuki,Dòng khác,2004,852100,Xe số,100 - 175 cc,Nhật Bản,0.9199999999999999
118.0,74.3,87.23,Honda,SH,2022,5000,Tay ga,Trên 175 cc,Thái Lan,12.930000000000007
12.0,11.04,12.96,Hãng khác,dòng khác,2020,38000,Tay ga,Dưới 50 cc,Việt Nam,1.9200000000000017
58.8,57.96,68.03,Honda,SH,2018,12000,Tay ga,100 - 175 cc,Việt Nam,10.07
7.6,6.24,7.33,Honda,Cub,1999,3789,Xe số,Dưới 50 cc,Nhật Bản,1.0899999999999999
9.4,6.32,7.42,Yamaha,Sirius,2000,88888,Xe số,100 - 175 cc,Thái Lan,1.0999999999999996
108.0,95.08,111.62,Honda,SH,2010,12345,Tay ga,100 - 175 cc,Nước khác,16.540000000000006
30.0,23.44,27.52,Honda,Winner X,2022,42000,Tay côn/Moto,100 - 175 cc,Việt Nam,4.079999999999998
10.85,7.24,8.49,Yamaha,Sirius,2013,45,Xe số,100 - 175 cc,Nhật Bản,1.25
10.5,9.66,11.34,Hãng khác,125/250,1997,76000,Tay côn/Moto,100 - 175 cc,Hàn Quốc,1.6799999999999997
20.0,18.4,21.6,Hãng khác,Demon X 125cc,2020,1300,Xe số,100 - 175 cc,Thái Lan,3.200000000000003
2.5,4.21,4.94,Suzuki,Hayate,2012,1587,Tay ga,100 - 175 cc,Nhật Bản,0.7300000000000004
86.0,74.3,87.23,Honda,SH,2022,27000,Tay ga,100 - 175 cc,Việt Nam,12.930000000000007
8.2,14.15,16.61,Honda,Future,2000,12345,Xe số,100 - 175 cc,Nhật Bản,2.459999999999999
6.2,5.1,5.99,Yamaha,Mio,2009,200000,Tay ga,100 - 175 cc,Nhật Bản,0.8900000000000006
8.3,11.35,13.32,Honda,Cub,1993,37878,Xe số,Dưới 50 cc,Nhật Bản,1.9700000000000006
29.8,10.24,12.02,Honda,Wave,2005,1000,Xe số,100 - 175 cc,Việt Nam,1.7799999999999994
32.0,14.11,16.56,Honda,Dream,1995,123,Xe số,50 - 100 cc,Nhật Bản,2.4499999999999993
28.5,14.95,17.54,Yamaha,Exciter,2016,35000,Tay côn/Moto,100 - 175 cc,Nước khác,2.59
17.8,15.49,18.18,Honda,Vision,2015,26,Tay ga,50 - 100 cc,Nhật Bản,2.6899999999999995
38.0,25.54,29.98,Honda,Future,2010,50000,Xe số,100 - 175 cc,Đang cập nhật,4.440000000000001
6.8,5.72,6.72,Suzuki,Axelo,2014,70000,Tay côn/Moto,100 - 175 cc,Nước khác,1.0
7.0,5.82,6.83,Honda,Cub,1991,200000,Xe số,50 - 100 cc,Nhật Bản,1.0099999999999998
18.5,15.39,18.06,Honda,Lead,2015,17000,Tay ga,100 - 175 cc,Việt Nam,2.669999999999998
17.0,15.94,18.72,Yamaha,Exciter,2011,1111,Tay côn/Moto,100 - 175 cc,Đang cập nhật,2.7799999999999994
6.0,6.09,7.15,Yamaha,Luvias,2011,60000,Tay ga,100 - 175 cc,Nhật Bản,1.0600000000000005
0.95,17.25,20.25,Honda,Dream,1994,123,Xe số,50 - 100 cc,Thái Lan,3.0
15.9,5.82,6.83,Honda,Cub,1991,8686,Xe số,50 - 100 cc,Nhật Bản,1.0099999999999998
38.0,31.97,37.53,Honda,Vario,2020,33000,Tay ga,100 - 175 cc,Nước khác,5.560000000000002
8.9,6.24,7.33,Honda,Cub,1999,29789,Xe số,50 - 100 cc,Nhật Bản,1.0899999999999999
28.9,22.2,26.06,Piaggio,Vespa,2015,13800,Tay ga,100 - 175 cc,Đang cập nhật,3.8599999999999994
39.999999,31.14,36.55,Yamaha,R,2019,40000,Tay côn/Moto,100 - 175 cc,Nước khác,5.409999999999997
55.0,14.26,16.74,Honda,Dòng khác,2025,20000,Tay ga,100 - 175 cc,Thái Lan,2.4799999999999986
24.5,25.22,29.61,Honda,Future,2022,29000,Xe số,100 - 175 cc,Việt Nam,4.390000000000001
15.555555,14.31,16.8,Suzuki,Dòng khác,2007,250401,Xe số,100 - 175 cc,Nhật Bản,2.49
17.0,15.95,18.72,Honda,Wave,2024,9000,Xe số,100 - 175 cc,Việt Nam,2.7699999999999996
60.0,55.9,65.62,Honda,SH,2017,23000,Tay ga,100 - 175 cc,Việt Nam,9.720000000000006
15.5,9.85,11.56,Honda,Air Blade,2011,12000,Tay ga,100 - 175 cc,Việt Nam,1.7100000000000009
47.0,15.04,17.65,Honda,Dream,1993,38000,Xe số,50 - 100 cc,Thái Lan,2.6099999999999994
19.5,11.2,13.15,Yamaha,Jupiter,2018,84302,Tay côn/Moto,100 - 175 cc,Nước khác,1.950000000000001
8.7,7.57,8.89,Honda,Air Blade,2008,45678,Tay ga,100 - 175 cc,Việt Nam,1.3200000000000003
18.0,10.49,12.32,Honda,Dòng khác,2012,10000,Tay ga,Dưới 50 cc,Nhật Bản,1.83
23.5,24.1,28.29,Honda,Air Blade,2019,22000,Tay ga,100 - 175 cc,Việt Nam,4.189999999999998
25.0,40.73,47.82,Honda,SH,2008,50000,Tay ga,100 - 175 cc,Nước khác,7.090000000000003
60.0,45.34,53.22,Piaggio,Vespa,2022,20000,Tay ga,100 - 175 cc,Nước khác,7.8799999999999955
7.8,7.46,8.75,Yamaha,Jupiter,2012,30000,Xe số,100 - 175 cc,Nhật Bản,1.29
6.5,10.03,11.77,Honda,Wave,2003,123456,Xe số,100 - 175 cc,Hàn Quốc,1.7400000000000002
10.0,10.29,12.08,Yamaha,Sirius,2021,10000,Xe số,50 - 100 cc,Việt Nam,1.790000000000001
6.5,6.36,7.47,Hãng khác,Cub,2016,250000,Xe số,Dưới 50 cc,Đài Loan,1.1099999999999994
13.0,9.06,10.64,Honda,Air Blade,2012,40662,Tay ga,100 - 175 cc,Đang cập nhật,1.58
22.0,17.33,20.35,Suzuki,Raider,2019,15000,Tay côn/Moto,100 - 175 cc,Việt Nam,3.020000000000003
39.5,28.12,33.01,Yamaha,PG-1,2025,800,Xe số,100 - 175 cc,Nhật Bản,4.889999999999997
30.0,14.32,16.81,Honda,Future,2001,30,Xe số,Không biết rõ,Nhật Bản,2.4899999999999984
8.5,5.04,5.92,Yamaha,Nouvo,2012,54321,Tay ga,100 - 175 cc,Nhật Bản,0.8799999999999999
12.0,9.74,11.44,Piaggio,Liberty,2014,20000,Tay ga,100 - 175 cc,Việt Nam,1.6999999999999993
40.5,36.71,43.09,Honda,SH,2014,0,Tay ga,100 - 175 cc,Việt Nam,6.380000000000003
18.0,16.31,19.15,Honda,Winner X,2019,54528,Tay côn/Moto,100 - 175 cc,Việt Nam,2.84
8.8,7.25,8.51,Yamaha,Sirius,2012,60000,Xe số,100 - 175 cc,Nhật Bản,1.2599999999999998
3.5,8.65,10.15,Honda,Wave,2015,80000,Xe số,50 - 100 cc,Trung Quốc,1.5
19.8,18.56,21.79,Honda,Vision,2018,20000,Tay ga,100 - 175 cc,Việt Nam,3.2300000000000004
35.0,31.97,37.53,Honda,Vario,2020,31000,Tay ga,100 - 175 cc,Thái Lan,5.560000000000002
11.0,5.28,6.2,SYM,Star,2017,80000,Tay côn/Moto,100 - 175 cc,Đài Loan,0.9199999999999999
15.0,13.8,16.2,Honda,Air Blade,trước năm 1980,10000,Tay ga,100 - 175 cc,Thái Lan,2.3999999999999986
32.0,28.44,33.39,Yamaha,Exciter,2022,14000,Tay côn/Moto,100 - 175 cc,Việt Nam,4.949999999999999
17.5,11.97,14.06,Honda,67,trước năm 1980,100000,Xe số,50 - 100 cc,Đang cập nhật,2.09
38.0,32.58,38.25,Honda,Vario,2022,30000,Tay ga,100 - 175 cc,Nước khác,5.670000000000002
27.0,23.44,27.52,Honda,Winner X,2022,12000,Tay côn/Moto,100 - 175 cc,Việt Nam,4.079999999999998
11.0,10.12,11.88,Yamaha,Mio,1997,15,Tay ga,100 - 175 cc,Đang cập nhật,1.7600000000000016
25.0,17.08,20.05,Honda,Winner X,2020,1000,Tay côn/Moto,100 - 175 cc,Việt Nam,2.9700000000000024
80.0,104.4,122.56,Honda,CB,2020,10000,Tay côn/Moto,Trên 175 cc,Thái Lan,18.159999999999997
11.8,10.55,12.38,Hãng khác,Dòng khác,2022,9999,Xe số,Dưới 50 cc,Đang cập nhật,1.83
100.0,109.65,128.72,Honda,SH,2012,27500,Tay ga,100 - 175 cc,Nước khác,19.069999999999993
19.5,15.55,18.25,Honda,Winner,2019,40000,Tay côn/Moto,100 - 175 cc,Việt Nam,2.6999999999999993
8.3,6.84,8.03,Piaggio,Liberty,2012,60000,Tay ga,100 - 175 cc,Việt Nam,1.1899999999999995
27.0,28.32,33.25,Honda,Winner X,2024,12000,Tay côn/Moto,100 - 175 cc,Việt Nam,4.93
33.0,32.58,38.25,Honda,Vario,2022,10000,Tay ga,100 - 175 cc,Việt Nam,5.670000000000002
27.0,19.59,22.99,Piaggio,Liberty,2018,25400,Tay ga,100 - 175 cc,Đang cập nhật,3.3999999999999986
27.0,24.84,29.16,Yamaha,Jupiter,2025,420,Xe số,100 - 175 cc,Nhật Bản,4.32
37.0,14.15,16.61,Honda,Future,2000,45000,Xe số,100 - 175 cc,Việt Nam,2.459999999999999
15.5,12.54,14.72,Hãng khác,TNT,2018,18000,Tay côn/Moto,100 - 175 cc,Nước khác,2.1800000000000015
11.0,7.1,8.34,Honda,Wave,2006,20000,Xe số,50 - 100 cc,Nhật Bản,1.2400000000000002
17.123484,14.95,17.54,Yamaha,Exciter,2016,56,Tay côn/Moto,100 - 175 cc,Đang cập nhật,2.59
18.6,16.31,19.15,Honda,Winner X,2019,70000,Tay côn/Moto,100 - 175 cc,Việt Nam,2.84
23.5,26.38,30.97,Suzuki,GSX,2019,35000,Tay côn/Moto,100 - 175 cc,Đang cập nhật,4.59
23.0,17.47,20.51,Honda,Vision,2017,24000,Tay côn/Moto,50 - 100 cc,Việt Nam,3.0400000000000027
28.0,28.03,32.91,Suzuki,GSX,2021,35997,Tay côn/Moto,100 - 175 cc,Đang cập nhật,4.8799999999999955
11.0,12.64,14.84,Honda,Air Blade,2010,8989,Tay ga,100 - 175 cc,Việt Nam,2.1999999999999993
13.5,9.87,11.59,Honda,Dream,2000,30,Xe số,100 - 175 cc,Đang cập nhật,1.7200000000000006
7.5,6.3,7.39,Yamaha,Sirius,2009,0,Xe số,100 - 175 cc,Nước khác,1.0899999999999999
43.5,46.96,55.13,Honda,SH,2013,59000,Tay ga,100 - 175 cc,Việt Nam,8.170000000000002
30.0,14.53,17.05,Honda,ADV 150,2024,7500,Tay côn/Moto,100 - 175 cc,Nước khác,2.5200000000000014
33.0,33.69,39.55,Honda,SH,2007,36000,Tay ga,Trên 175 cc,Nước khác,5.859999999999999
22.0,15.55,18.25,Honda,Winner,2019,23000,Tay côn/Moto,100 - 175 cc,Việt Nam,2.6999999999999993
11.0,11.43,13.42,Honda,Wave,2020,24000,Xe số,100 - 175 cc,Đang cập nhật,1.9900000000000002
10.5,8.65,10.15,Honda,Wave,2015,63000,Xe số,100 - 175 cc,Việt Nam,1.5
10.0,15.16,17.79,Honda,Dòng khác,2003,50000,Xe số,50 - 100 cc,Nhật Bản,2.629999999999999
60.0,49.74,58.4,Honda,CBR,2021,24000,Tay côn/Moto,100 - 175 cc,Trung Quốc,8.659999999999997
17.0,14.95,17.54,Yamaha,Exciter,2016,51000,Tay côn/Moto,100 - 175 cc,Việt Nam,2.59
17.5,15.43,18.12,Honda,Dream,1999,583598,Xe số,100 - 175 cc,Thái Lan,2.6900000000000013
75.0,74.3,87.23,Honda,SH,2022,28000,Tay ga,100 - 175 cc,Việt Nam,12.930000000000007
14.0,13.84,16.25,Yamaha,Janus,2018,50000,Tay ga,100 - 175 cc,Đang cập nhật,2.41
9.5,6.06,7.12,Honda,@,2008,30000,Xe số,50 - 100 cc,Nhật Bản,1.0600000000000005
6.5,3.11,3.65,SYM,Attila,2010,53000,Tay ga,100 - 175 cc,Nhật Bản,0.54
26.0,23.92,28.08,Hãng khác,SR 125,2016,19788,Tay côn/Moto,100 - 175 cc,Nước khác,4.159999999999997
14.0,14.53,17.05,Yamaha,Exciter,2013,50000,Tay côn/Moto,100 - 175 cc,Nước khác,2.5200000000000014
15.0,8.46,9.94,Honda,Dream,1991,140406,Xe số,50 - 100 cc,Thái Lan,1.4799999999999986
20.0,8.46,9.94,Honda,Dream,1991,30000,Xe số,50 - 100 cc,Đang cập nhật,1.4799999999999986
27.999999,3.67,4.31,Suzuki,Dòng khác,2010,30000,Tay côn/Moto,Trên 175 cc,Nhật Bản,0.6399999999999997
7.0,5.41,6.35,Yamaha,Mio,2006,12345,Tay ga,100 - 175 cc,Thái Lan,0.9399999999999995
16.5,13.6,15.96,Honda,Air Blade,2013,999999,Tay ga,100 - 175 cc,Đang cập nhật,2.360000000000001
33.5,28.2,33.1,Yamaha,Exciter,2023,13000,Tay côn/Moto,100 - 175 cc,Đang cập nhật,4.900000000000002
9.45,13.61,15.98,Yamaha,Exciter,2014,49000,Xe số,100 - 175 cc,Việt Nam,2.370000000000001
5.0,5.89,6.92,Yamaha,Mio,2010,100000,Tay ga,50 - 100 cc,Đang cập nhật,1.0300000000000002
8.0,6.37,7.48,Yamaha,Sirius,2011,50000,Xe số,100 - 175 cc,Nhật Bản,1.1100000000000003
95.0,51.28,60.19,Honda,Vario,2017,970,Tay ga,100 - 175 cc,Nước khác,8.909999999999997
8.5,6.48,7.61,Yamaha,Sirius,2010,100000,Xe số,100 - 175 cc,Việt Nam,1.13
10.5,8.97,10.53,Yamaha,Nozza,2015,30000,Tay ga,100 - 175 cc,Việt Nam,1.5599999999999987
3.0,3.76,4.41,Hãng khác,Dòng khác,2000,500000,Xe số,50 - 100 cc,Trung Quốc,0.6500000000000004
10.3,11.03,12.95,Honda,Dream,1992,12345,Xe số,50 - 100 cc,Nhật Bản,1.92
50.0,46.0,54.0,Honda,CG125Fi,2014,0,Tay ga,100 - 175 cc,Việt Nam,8.0
17.5,15.97,18.75,Honda,Air Blade,2015,35000,Tay ga,100 - 175 cc,Việt Nam,2.7799999999999994
10.0,15.97,18.75,Honda,Air Blade,2015,10000,Tay ga,100 - 175 cc,Việt Nam,2.7799999999999994
8.7,7.57,8.89,Honda,Air Blade,2008,10000,Tay ga,100 - 175 cc,Nhật Bản,1.3200000000000003
42.0,35.85,42.08,Honda,Vario,2024,46900,Tay ga,100 - 175 cc,Nước khác,6.229999999999997
10.95,7.24,8.49,Yamaha,Sirius,2013,50,Xe số,50 - 100 cc,Nhật Bản,1.25
23.368686,26.16,30.71,Yamaha,Exciter,2021,3682,Tay côn/Moto,100 - 175 cc,Đang cập nhật,4.550000000000001
145.0,95.08,111.62,Honda,SH,2010,40000,Tay ga,100 - 175 cc,Đang cập nhật,16.540000000000006
270.0,14.53,17.05,Hãng khác,Kawasaki,2019,13000,Tay côn/Moto,Trên 175 cc,Nhật Bản,2.5200000000000014
65.0,59.13,69.42,Piaggio,Vespa,2023,2800,Tay ga,100 - 175 cc,Việt Nam,10.29
33.5,5.68,6.67,Honda,Dream,2010,3636,Xe số,50 - 100 cc,Việt Nam,0.9900000000000002
42.0,46.96,55.13,Honda,SH,2013,80000,Tay ga,100 - 175 cc,Đang cập nhật,8.170000000000002
19.0,16.31,19.15,Honda,Winner X,2019,20000,Tay côn/Moto,100 - 175 cc,Việt Nam,2.84
6.0,3.11,3.65,SYM,Attila,2010,52000,Tay ga,100 - 175 cc,Việt Nam,0.54
430.0,14.53,17.05,Hãng khác,R1200,2018,19000,Tay côn/Moto,Trên 175 cc,Nước khác,2.5200000000000014
29.0,22.2,26.06,Piaggio,Vespa,2015,22000,Tay ga,100 - 175 cc,Nước khác,3.8599999999999994
10.5,14.32,16.81,Honda,Future,2001,2368,Xe số,100 - 175 cc,Thái Lan,2.4899999999999984
29.0,20.16,23.67,Suzuki,Satria,2019,5000,Tay côn/Moto,100 - 175 cc,Nước khác,3.5100000000000016
14.0,14.49,17.01,Honda,Winner,2018,260000,Tay côn/Moto,100 - 175 cc,Nhật Bản,2.5200000000000014
15.5,14.95,17.54,Yamaha,Exciter,2016,20600,Tay côn/Moto,100 - 175 cc,Việt Nam,2.59
75.0,69.11,81.13,Honda,Click,2022,16000,Tay ga,100 - 175 cc,Thái Lan,12.019999999999996
13.0,10.4,12.2,Honda,Wave,2018,70000,Xe số,100 - 175 cc,Nhật Bản,1.799999999999999
45.555555,51.28,60.19,Honda,Vario,2017,30000,Tay ga,100 - 175 cc,Đang cập nhật,8.909999999999997
7.5,14.53,17.05,Hãng khác,Dòng khác,2006,1300,Tay ga,100 - 175 cc,Việt Nam,2.5200000000000014
490.0,47.37,55.61,Honda,Dòng khác,2021,9600,Tay côn/Moto,Trên 175 cc,Thái Lan,8.240000000000002
23.0,22.72,26.67,Honda,Sonic,2021,270000,Tay côn/Moto,100 - 175 cc,Nước khác,3.950000000000003
110.0,111.75,131.19,Honda,SH,2011,999999,Tay ga,100 - 175 cc,Việt Nam,19.439999999999998
27.8,28.5,33.45,Honda,SH Mode,2014,104824,Tay ga,100 - 175 cc,Đang cập nhật,4.950000000000003
32.0,28.32,33.25,Honda,Winner X,2024,6159,Tay côn/Moto,100 - 175 cc,Việt Nam,4.93
55.0,40.73,47.82,Honda,SH,2008,20000,Tay ga,100 - 175 cc,Việt Nam,7.090000000000003
49.9,41.94,49.23,Yamaha,Exciter,2006,1,Tay côn/Moto,100 - 175 cc,Nước khác,7.289999999999999
39.9,11.74,13.78,Honda,Wave,2004,1,Xe số,50 - 100 cc,Việt Nam,2.039999999999999
16.0,17.08,20.05,Honda,Winner X,2020,72000,Tay côn/Moto,100 - 175 cc,Đang cập nhật,2.9700000000000024
18.2,11.69,13.72,Honda,Wave,2019,21000,Xe số,50 - 100 cc,Nhật Bản,2.030000000000001
265.0,46.96,55.13,Honda,SH,2013,4500,Tay ga,100 - 175 cc,Nước khác,8.170000000000002
21.0,15.97,18.75,Honda,Air Blade,2015,50000,Tay ga,100 - 175 cc,Nhật Bản,2.7799999999999994
70.0,55.9,65.62,Honda,SH,2017,14000,Tay ga,100 - 175 cc,Đang cập nhật,9.720000000000006
47.0,11.74,13.78,Honda,Wave,2004,999,Xe số,100 - 175 cc,Thái Lan,2.039999999999999
27.5,24.46,28.71,Honda,Future,2011,50000,Xe số,100 - 175 cc,Việt Nam,4.25
33.0,20.1,23.59,Honda,Future,2006,67000,Xe số,100 - 175 cc,Việt Nam,3.4899999999999984
14.999999,12.27,14.4,Honda,Vision,2014,62000,Tay ga,100 - 175 cc,Việt Nam,2.130000000000001
20.0,20.65,24.24,Honda,Sonic,2019,2400,Tay côn/Moto,100 - 175 cc,Việt Nam,3.59
5.7,7.1,8.34,Honda,Wave,2006,56000,Xe số,100 - 175 cc,Việt Nam,1.2400000000000002
18.5,14.53,17.05,Yamaha,Exciter,2013,23456,Tay côn/Moto,100 - 175 cc,Việt Nam,2.5200000000000014
55.0,47.95,56.28,Honda,SH Mode,2021,25000,Tay ga,100 - 175 cc,Đang cập nhật,8.329999999999998
75.0,41.61,48.85,Yamaha,Exciter,2010,30000,Tay côn/Moto,100 - 175 cc,Việt Nam,7.240000000000002
26.0,7.92,9.3,Hãng khác,Dòng khác,2020,33000,Tay côn/Moto,100 - 175 cc,Việt Nam,1.3800000000000008
90.0,57.96,68.03,Honda,SH,2018,3500,Tay ga,100 - 175 cc,Việt Nam,10.07
269.0,247.79,290.88,Hãng khác,Z1000,2019,13500,Tay côn/Moto,Trên 175 cc,Thái Lan,43.09
59.0,36.71,43.09,Honda,SH,2014,15179,Tay ga,100 - 175 cc,Đang cập nhật,6.380000000000003
100.0,109.65,128.72,Honda,SH,2012,38000,Tay ga,100 - 175 cc,Nước khác,19.069999999999993
85.0,66.3,77.83,Honda,SH,2020,35000,Tay ga,100 - 175 cc,Đang cập nhật,11.530000000000001
8.5,6.31,7.41,Honda,Cub,trước năm 1980,1000,Tay côn/Moto,50 - 100 cc,Nhật Bản,1.1000000000000005
12.0,12.64,14.84,Honda,Air Blade,2010,1,Tay ga,100 - 175 cc,Việt Nam,2.1999999999999993
12.3,7.1,8.34,Honda,Wave,2006,50000,Xe số,100 - 175 cc,Thái Lan,1.2400000000000002
22.0,14.53,17.05,Hãng khác,MadAss,2007,50000,Tay côn/Moto,100 - 175 cc,Nước khác,2.5200000000000014
86.0,74.3,87.23,Honda,SH,2022,22846,Tay ga,100 - 175 cc,Nước khác,12.930000000000007
15.0,11.19,13.14,Yamaha,Acruzo,2016,26433,Tay ga,100 - 175 cc,Nhật Bản,1.950000000000001
12.5,10.9,12.8,Honda,Vision,2013,999,Tay ga,100 - 175 cc,Nhật Bản,1.9000000000000004
62.0,36.61,42.98,Piaggio,Vespa,2018,12000,Tay ga,100 - 175 cc,Việt Nam,6.369999999999997
53.5,13.61,15.98,Yamaha,Exciter,2014,10000,Xe số,100 - 175 cc,Việt Nam,2.370000000000001
5.0,4.6,5.4,Piaggio,Fly,2011,50000,Tay ga,100 - 175 cc,Nước khác,0.8000000000000007
14.2,11.62,13.64,Yamaha,Sirius,2022,9000,Xe số,100 - 175 cc,Việt Nam,2.0200000000000014
28.0,28.14,33.03,Yamaha,TFX,2017,40000,Tay côn/Moto,100 - 175 cc,Việt Nam,4.890000000000001
21.0,16.28,19.11,Piaggio,Primavera,2014,69000,Tay ga,100 - 175 cc,Việt Nam,2.8299999999999983
73.8,70.02,82.2,Honda,SH,2021,200000,Tay ga,100 - 175 cc,Đang cập nhật,12.180000000000007
11.0,9.85,11.56,Honda,Air Blade,2011,40000,Tay ga,100 - 175 cc,Việt Nam,1.7100000000000009
16.0,15.31,17.98,Honda,Lead,2014,40000,Tay ga,100 - 175 cc,Nhật Bản,2.67
6.5,5.04,5.92,Yamaha,Nouvo,2012,122000,Tay ga,100 - 175 cc,Việt Nam,0.8799999999999999
20.0,11.62,13.64,Yamaha,Sirius,2022,3000,Xe số,100 - 175 cc,Đang cập nhật,2.0200000000000014
8.7,6.13,7.2,Yamaha,Sirius,2008,5555,Xe số,50 - 100 cc,Nhật Bản,1.0700000000000003
59.0,43.97,51.62,Piaggio,Vespa,2020,2000,Tay ga,50 - 100 cc,Việt Nam,7.649999999999999
15.8,15.17,17.81,Yamaha,Exciter,2015,46000,Tay côn/Moto,100 - 175 cc,Việt Nam,2.639999999999999
9.0,7.06,8.28,Honda,Air Blade,2007,70000,Xe số,100 - 175 cc,Việt Nam,1.2199999999999998
8.5,12.64,14.84,Honda,Air Blade,2010,200000,Tay ga,100 - 175 cc,Việt Nam,2.1999999999999993
35.0,26.38,30.97,Suzuki,GSX,2019,15291,Tay côn/Moto,100 - 175 cc,Nước khác,4.59
29.0,25.22,29.61,Honda,Future,2022,3700,Xe số,100 - 175 cc,Nhật Bản,4.390000000000001
23.0,6.81,7.99,Hãng khác,Dòng khác,2016,7000,Tay ga,100 - 175 cc,Đang cập nhật,1.1800000000000006
16.0,13.61,15.98,Yamaha,Exciter,2014,30000,Tay côn/Moto,100 - 175 cc,Việt Nam,2.370000000000001
5.5,4.16,4.89,Yamaha,Nouvo,2011,70406,Tay ga,100 - 175 cc,Nhật Bản,0.7299999999999995
135.0,124.2,145.8,Hãng khác,Dòng khác,2014,20000,Tay côn/Moto,Trên 175 cc,Đang cập nhật,21.60000000000001
21.8,13.75,16.14,Honda,Winner,2017,50000,Tay côn/Moto,100 - 175 cc,Nhật Bản,2.3900000000000006
18.0,14.49,17.01,Honda,Winner,2018,40000,Xe số,100 - 175 cc,Việt Nam,2.5200000000000014
13.499,13.07,15.34,Yamaha,Janus,2017,110000,Tay ga,100 - 175 cc,Nhật Bản,2.2699999999999996
27.8,22.72,26.67,Honda,Sonic,2021,50000,Tay côn/Moto,100 - 175 cc,Thái Lan,3.950000000000003
7.0,4.83,5.67,Piaggio,LX,2010,54832,Tay ga,100 - 175 cc,Nước khác,0.8399999999999999
8.39,7.1,8.33,SYM,Attila,2021,24039,Xe số,Dưới 50 cc,Đài Loan,1.2300000000000004
3.6,2.67,3.14,SYM,Attila,2003,56000,Tay ga,100 - 175 cc,Đang cập nhật,0.4700000000000002
120.0,95.08,111.62,Honda,SH,2010,1465,Tay ga,100 - 175 cc,Đang cập nhật,16.540000000000006
7.6,7.25,8.51,Yamaha,Sirius,2012,11100,Xe số,100 - 175 cc,Nhật Bản,1.2599999999999998
155.0,74.3,87.23,Honda,SH,2022,4416,Tay ga,Trên 175 cc,Việt Nam,12.930000000000007
33.5,30.2,35.45,Honda,Vario,2019,16000,Tay ga,100 - 175 cc,Nước khác,5.2500000000000036
42.0,36.06,42.33,Honda,Vario,2023,20,Tay ga,100 - 175 cc,Nhật Bản,6.269999999999996
13.0,11.08,13.01,Honda,Click,2012,20000,Tay ga,100 - 175 cc,Nhật Bản,1.9299999999999997
81.0,14.53,17.05,Hãng khác,SR GT 200,2023,5000,Tay ga,100 - 175 cc,Việt Nam,2.5200000000000014
15.5,15.94,18.72,Yamaha,Exciter,2011,20,Tay côn/Moto,100 - 175 cc,Đang cập nhật,2.7799999999999994
10.5,6.5,7.63,Honda,Cub,1982,50000,Xe số,Dưới 50 cc,Việt Nam,1.13
19.0,15.97,18.75,Honda,Air Blade,2015,15000,Tay ga,100 - 175 cc,Việt Nam,2.7799999999999994
6.0,5.57,6.53,Hãng khác,Dòng khác,2010,90000,Xe số,100 - 175 cc,Đang cập nhật,0.96
13.5,13.32,15.63,Honda,Dylan,2006,55000,Tay ga,100 - 175 cc,Nước khác,2.3100000000000005
7.0,11.97,14.05,Hãng khác,Dòng khác,2023,100,Tay côn/Moto,100 - 175 cc,Việt Nam,2.08
13.0,16.31,19.15,Honda,Winner X,2019,145000,Tay côn/Moto,100 - 175 cc,Đang cập nhật,2.84
28.0,22.84,26.81,Yamaha,Grande,2019,15000,Tay ga,100 - 175 cc,Việt Nam,3.969999999999999
73.0,44.59,52.35,Honda,SH,2016,99999,Tay ga,Trên 175 cc,Nhật Bản,7.759999999999998
10.5,7.94,9.32,Yamaha,Luvias,2014,300000,Tay ga,100 - 175 cc,Việt Nam,1.38
19.9,10.58,12.42,Honda,Scoopy,2012,99999,Tay ga,Dưới 50 cc,Nhật Bản,1.8399999999999999
32.8,33.65,39.5,Honda,Air Blade,2022,6000,Tay ga,100 - 175 cc,Nhật Bản,5.850000000000001
9.0,11.97,14.06,Honda,67,trước năm 1980,1234,Xe số,Dưới 50 cc,Đang cập nhật,2.09
5.5,14.53,17.05,Honda,Win,2013,27898,Tay côn/Moto,100 - 175 cc,Việt Nam,2.5200000000000014
15.0,15.39,18.06,Honda,Lead,2015,80000,Tay ga,100 - 175 cc,Việt Nam,2.669999999999998
15.0,15.17,17.81,Yamaha,Exciter,2015,28000,Tay côn/Moto,100 - 175 cc,Đang cập nhật,2.639999999999999
7.9,7.21,8.46,Honda,Wave,2007,33369,Xe số,100 - 175 cc,Nhật Bản,1.2500000000000009
6.9,12.64,14.84,Honda,Air Blade,2010,62000,Tay ga,100 - 175 cc,Việt Nam,2.1999999999999993
5.9,37.72,44.28,Honda,Dòng khác,1998,989800,Xe số,50 - 100 cc,Nhật Bản,6.560000000000002
10.2,6.78,7.96,Honda,Wave,2009,86236,Xe số,50 - 100 cc,Nhật Bản,1.1799999999999997
6.3,16.76,19.67,Yamaha,Exciter,2018,2000,Xe số,Dưới 50 cc,Việt Nam,2.91
12.3,11.69,13.72,Honda,Wave,2019,9999,Xe số,100 - 175 cc,Nước khác,2.030000000000001
15.0,20.1,23.59,Honda,Future,2006,9999,Xe số,100 - 175 cc,Đang cập nhật,3.4899999999999984
75.0,38.82,45.57,Honda,SH,2015,20800,Tay ga,Trên 175 cc,Nước khác,6.75
3.25,4.18,4.91,Hãng khác,Dòng khác,2004,255585,Xe số,50 - 100 cc,Hàn Quốc,0.7300000000000004
2.0,4.64,5.44,Yamaha,Mio,2008,500000,Tay ga,50 - 100 cc,Việt Nam,0.8000000000000007
2.9,8.65,10.15,Honda,Wave,2015,15000,Xe số,100 - 175 cc,Trung Quốc,1.5
30.0,33.65,39.5,Honda,Air Blade,2022,45000,Tay ga,100 - 175 cc,Việt Nam,5.850000000000001
105.0,74.3,87.23,Honda,SH,2022,24000,Tay ga,Trên 175 cc,Việt Nam,12.930000000000007
22.0,24.1,28.29,Honda,Air Blade,2019,19880,Tay ga,100 - 175 cc,Việt Nam,4.189999999999998
33.0,28.2,33.1,Yamaha,Exciter,2023,23000,Tay côn/Moto,100 - 175 cc,Việt Nam,4.900000000000002
2.0,3.44,4.04,Hãng khác,Dòng khác,2003,110000,Xe số,50 - 100 cc,Trung Quốc,0.6000000000000001
8.0,7.37,8.65,Honda,Wave,2013,20000,Xe số,100 - 175 cc,Việt Nam,1.2800000000000002
9.0,7.21,8.47,Yamaha,Jupiter,2007,999999,Xe số,100 - 175 cc,Việt Nam,1.2600000000000007
25.0,14.53,17.05,Piaggio,Dòng khác,2004,200000,Tay ga,100 - 175 cc,Nước khác,2.5200000000000014
2.0,6.76,7.94,Honda,Wave,2011,20000,Xe số,100 - 175 cc,Nước khác,1.1800000000000006
7.2,6.13,7.2,Yamaha,Sirius,2008,50000,Xe số,100 - 175 cc,Nhật Bản,1.0700000000000003
9.5,7.27,8.53,Piaggio,Liberty,2013,9999,Tay ga,100 - 175 cc,Việt Nam,1.2599999999999998
32.5,23.44,27.52,Honda,Winner X,2022,3900,Tay côn/Moto,100 - 175 cc,Việt Nam,4.079999999999998
8.2,7.0,8.22,SYM,Elegant,2016,47000,Xe số,Dưới 50 cc,Đài Loan,1.2200000000000006
19.999999,13.66,16.04,Yamaha,Exciter,2012,120000,Xe số,100 - 175 cc,Việt Nam,2.379999999999999
11.0,12.27,14.4,Honda,Vision,2014,13999,Tay ga,100 - 175 cc,Nhật Bản,2.130000000000001
9.7,10.56,12.4,Honda,Vision,2012,55555,Tay ga,100 - 175 cc,Nhật Bản,1.8399999999999999
5.5,6.48,7.61,Yamaha,Sirius,2010,10,Xe số,100 - 175 cc,Nước khác,1.13
33.0,23.44,27.52,Honda,Winner X,2022,3990,Tay côn/Moto,100 - 175 cc,Việt Nam,4.079999999999998
11.8,6.24,7.33,Honda,Cub,1999,39789,Xe số,Dưới 50 cc,Nhật Bản,1.0899999999999999
2.5,11.97,14.05,Hãng khác,Dòng khác,2023,100000,Xe số,50 - 100 cc,Trung Quốc,2.08
1.2,14.19,16.66,Honda,Wave,2023,10000,Xe số,100 - 175 cc,Việt Nam,2.4700000000000006
37.5,28.22,33.12,Honda,Lead,2021,40000,Tay ga,100 - 175 cc,Việt Nam,4.899999999999999
11.0,19.53,22.92,Yamaha,Mio,2022,43000,Tay ga,50 - 100 cc,Đang cập nhật,3.3900000000000006
310.0,300.53,352.8,Hãng khác,48,2021,26000,Tay côn/Moto,Trên 175 cc,Đang cập nhật,52.27000000000004
39.8,30.59,35.91,Honda,Future,2025,4,Xe số,100 - 175 cc,Việt Nam,5.319999999999997
20.5,21.77,25.55,Honda,Vision,2020,22000,Tay ga,100 - 175 cc,Đang cập nhật,3.780000000000001
3.5,2.42,2.84,SYM,Attila,2006,99999,Tay ga,100 - 175 cc,Đài Loan,0.41999999999999993
8.5,3.87,4.54,Honda,Chaly,trước năm 1980,1000,Xe số,50 - 100 cc,Nhật Bản,0.6699999999999999
28.5,32.36,37.99,Honda,Air Blade,2021,25000,Tay ga,100 - 175 cc,Việt Nam,5.630000000000003
40.0,26.21,30.77,Yamaha,PG-1,2024,4300,Xe số,100 - 175 cc,Việt Nam,4.559999999999999
3.7,7.55,8.86,Yamaha,Sirius,2014,12587,Xe số,100 - 175 cc,Nhật Bản,1.3099999999999996
8.5,9.85,11.56,Honda,Air Blade,2011,40000,Tay ga,100 - 175 cc,Việt Nam,1.7100000000000009
3.8,10.03,11.77,Honda,Wave,2003,20000,Xe số,100 - 175 cc,Việt Nam,1.7400000000000002
9.8,9.71,11.4,Honda,Vision,2011,50000,Tay ga,100 - 175 cc,Đang cập nhật,1.6899999999999995
12.5,14.32,16.81,Honda,Future,2001,5349,Xe số,100 - 175 cc,Đang cập nhật,2.4899999999999984
15.0,15.41,18.09,Yamaha,Grande,2016,15000,Tay ga,100 - 175 cc,Đang cập nhật,2.6799999999999997
3.8,5.25,6.16,SYM,Elegant,2010,99999,Xe số,100 - 175 cc,Đang cập nhật,0.9100000000000001
10.0,9.85,11.56,Honda,Air Blade,2011,50000,Tay ga,100 - 175 cc,Nhật Bản,1.7100000000000009
2.8,2.76,3.24,Suzuki,Hayate,2018,5281,Tay ga,100 - 175 cc,Việt Nam,0.4800000000000004
4.6,4.26,5.0,SYM,Elizabeth,2015,20000,Tay ga,100 - 175 cc,Việt Nam,0.7400000000000002
20.0,14.49,17.01,Honda,Winner,2018,15000,Tay côn/Moto,100 - 175 cc,Nước khác,2.5200000000000014
19.5,20.8,24.42,Honda,Vision,2019,20,Tay ga,100 - 175 cc,Việt Nam,3.620000000000001
9.0,7.06,8.28,Honda,Air Blade,2007,38583,Tay ga,100 - 175 cc,Việt Nam,1.2199999999999998
3.5,11.35,13.32,Honda,Dream,2016,50000,Xe số,50 - 100 cc,Trung Quốc,1.9700000000000006
1.9,6.76,7.94,Honda,Wave,2011,25000,Xe số,100 - 175 cc,Trung Quốc,1.1800000000000006
18.0,14.49,17.01,Honda,Winner,2018,30000,Tay côn/Moto,100 - 175 cc,Nước khác,2.5200000000000014
6.6,7.14,8.38,Hãng khác,Dòng khác,2019,2000,Xe số,Dưới 50 cc,Việt Nam,1.240000000000001
37.5,26.16,30.71,Yamaha,Exciter,2021,17000,Tay côn/Moto,100 - 175 cc,Việt Nam,4.550000000000001
2.5,2.02,2.38,Hãng khác,Dòng khác,1982,215040,Xe số,100 - 175 cc,Trung Quốc,0.3599999999999999
55.5,55.9,65.62,Honda,SH,2017,5900,Tay ga,100 - 175 cc,Đang cập nhật,9.720000000000006
14.0,6.3,7.39,Honda,@,2004,97000,Xe số,50 - 100 cc,Nhật Bản,1.0899999999999999
4.0,6.65,7.8,Honda,Cub,1985,29000,Xe số,50 - 100 cc,Nhật Bản,1.1499999999999995
15.9,14.95,17.54,Yamaha,Exciter,2016,51000,Tay côn/Moto,100 - 175 cc,Việt Nam,2.59
14.5,12.98,15.24,Honda,Future,2015,40000,Xe số,100 - 175 cc,Đang cập nhật,2.26
1.9,3.88,4.55,SYM,Enjoy,2010,48651,Tay ga,100 - 175 cc,Đài Loan,0.6699999999999999
1.3,3.77,4.42,Hãng khác,Dòng khác,2001,88699,Xe số,50 - 100 cc,Nước khác,0.6499999999999999
21.5,12.48,14.66,Honda,Wave,2025,300,Xe số,100 - 175 cc,Việt Nam,2.1799999999999997
2.0,7.97,9.36,Honda,Wave,2014,35000,Xe số,100 - 175 cc,Nước khác,1.3899999999999997
7.6,7.37,8.65,Honda,Wave,2013,49000,Xe số,100 - 175 cc,Việt Nam,1.2800000000000002
46.6,41.72,48.97,Yamaha,Exciter,2008,8888,Xe số,100 - 175 cc,Việt Nam,7.25
13.0,13.66,16.04,Yamaha,Exciter,2012,200000,Tay côn/Moto,50 - 100 cc,Đang cập nhật,2.379999999999999
16.5,12.72,14.94,Honda,Dream,2011,20000,Xe số,100 - 175 cc,Việt Nam,2.219999999999999
8.3,11.08,13.01,Honda,Cub,2019,26789,Xe số,Dưới 50 cc,Hàn Quốc,1.9299999999999997
11.2,8.38,9.83,Honda,Cub,2002,38000,Xe số,Dưới 50 cc,Nhật Bản,1.4499999999999993
3.1,6.48,7.61,Yamaha,Sirius,2010,30000,Xe số,100 - 175 cc,Đang cập nhật,1.13
3.5,10.37,12.18,Honda,@,2007,431847,Tay ga,100 - 175 cc,Nhật Bản,1.8100000000000005
165.0,79.14,92.9,Honda,CB,2021,13000,Tay côn/Moto,Trên 175 cc,Đang cập nhật,13.760000000000005
13.5,16.83,19.75,Honda,Vision,2016,999999,Tay ga,100 - 175 cc,Đang cập nhật,2.9200000000000017
10.8,8.81,10.34,Yamaha,Nozza,2013,78545,Tay ga,100 - 175 cc,Nhật Bản,1.5299999999999994
8.0,7.97,9.36,Honda,Wave,2014,50000,Xe số,100 - 175 cc,Nhật Bản,1.3899999999999997
26.0,19.81,23.26,Yamaha,Exciter,2019,0,Tay côn/Moto,100 - 175 cc,Đang cập nhật,3.450000000000003
15.5,6.31,7.41,Honda,Cub,trước năm 1980,1818,Xe số,Dưới 50 cc,Nhật Bản,1.1000000000000005
6.6,6.78,7.96,Honda,Wave,2009,75,Xe số,100 - 175 cc,Nhật Bản,1.1799999999999997
15.5,12.42,14.58,Honda,Dylan,2008,20,Tay ga,100 - 175 cc,Nước khác,2.16
28.0,43.64,51.23,Yamaha,Exciter,2009,30562,Xe số,100 - 175 cc,Thái Lan,7.589999999999996
82.0,38.82,45.57,Honda,SH,2015,20800,Tay ga,Trên 175 cc,Nước khác,6.75
21.5,17.63,20.69,Honda,Winner X,2021,20000,Tay côn/Moto,Trên 175 cc,Việt Nam,3.0600000000000023
18.0,15.95,18.72,Honda,Wave,2024,8500,Xe số,100 - 175 cc,Đang cập nhật,2.7699999999999996
11.0,5.94,6.97,Honda,Wave,2010,100000,Xe số,100 - 175 cc,Nhật Bản,1.0299999999999994
23.8,20.86,24.48,Yamaha,Mio,2023,65000,Tay ga,100 - 175 cc,Nước khác,3.620000000000001
1.7,6.2,7.28,Honda,Cub,2000,45577,Xe số,100 - 175 cc,Nhật Bản,1.08
2.6,6.16,7.23,Hãng khác,Dòng khác,2012,16000,Xe số,50 - 100 cc,Trung Quốc,1.0700000000000003
52.0,51.28,60.19,Honda,Vario,2017,75000,Tay ga,100 - 175 cc,Việt Nam,8.909999999999997
4.3,10.03,11.77,Honda,Wave,2003,36000,Xe số,50 - 100 cc,Hàn Quốc,1.7400000000000002
8.0,5.04,5.92,Yamaha,Nouvo,2012,50,Tay ga,100 - 175 cc,Nhật Bản,0.8799999999999999
21.0,16.01,18.79,Honda,PCX,2011,40000,Tay ga,100 - 175 cc,Việt Nam,2.7799999999999976
4.3,5.72,6.72,Suzuki,Smash,2010,15000,Tay ga,100 - 175 cc,Nhật Bản,1.0
2.1,14.53,17.05,Hãng khác,Dòng khác,1987,898989,Xe số,50 - 100 cc,Việt Nam,2.5200000000000014
17.0,16.76,19.67,Yamaha,Exciter,2018,450000,Tay côn/Moto,100 - 175 cc,Việt Nam,2.91
5.0,11.97,14.06,Honda,67,trước năm 1980,100000,Xe số,50 - 100 cc,Nhật Bản,2.09
57.0,57.07,67.0,Yamaha,XSR,2022,55000,Tay côn/Moto,100 - 175 cc,Nước khác,9.93
52.0,57.96,68.03,Honda,SH,2018,23000,Tay ga,100 - 175 cc,Việt Nam,10.07
52.0,45.34,53.22,Piaggio,Vespa,2022,10,Tay ga,100 - 175 cc,Nước khác,7.8799999999999955
17.0,15.17,17.81,Yamaha,Exciter,2015,12345,Tay côn/Moto,100 - 175 cc,Việt Nam,2.639999999999999
45.0,14.53,17.05,Piaggio,Primavera,2021,16000,Tay ga,100 - 175 cc,Việt Nam,2.5200000000000014
24.5,23.04,27.05,Honda,PCX,2014,2,Tay ga,100 - 175 cc,Việt Nam,4.010000000000002
4.5,9.85,11.56,Honda,Air Blade,2011,17000,Tay ga,100 - 175 cc,Nhật Bản,1.7100000000000009
4.0,3.68,4.32,Yamaha,Nouvo,2009,20000,Tay ga,100 - 175 cc,Nhật Bản,0.6400000000000001
21.8,36.13,42.41,Honda,SH Mode,2018,50000,Tay ga,100 - 175 cc,Việt Nam,6.279999999999994
4.0,4.04,4.74,Yamaha,Nouvo,2010,70000,Tay ga,100 - 175 cc,Đang cập nhật,0.7000000000000002
6.2,14.53,17.05,Yamaha,Exciter,2013,35000,Tay côn/Moto,100 - 175 cc,Nhật Bản,2.5200000000000014
5.5,6.76,7.94,Honda,Wave,2011,505050,Xe số,100 - 175 cc,Việt Nam,1.1800000000000006
14.3,15.17,17.81,Yamaha,Exciter,2015,885784,Tay côn/Moto,100 - 175 cc,Nhật Bản,2.639999999999999
12.0,3.92,4.6,Hãng khác,Dòng khác,2006,10000,Tay côn/Moto,100 - 175 cc,Việt Nam,0.6799999999999997
4.5,5.34,6.26,Suzuki,GN,2001,222558,Tay côn/Moto,100 - 175 cc,Nước khác,0.9199999999999999
5.5,9.06,10.64,Honda,Air Blade,2012,50000,Tay ga,Không biết rõ,Đang cập nhật,1.58
40.0,15.9,18.67,Honda,Dream,1997,5553,Xe số,100 - 175 cc,Thái Lan,2.7700000000000014
16.0,17.47,20.51,Honda,Vision,2017,30000,Tay ga,100 - 175 cc,Việt Nam,3.0400000000000027
39.0,38.25,44.9,Yamaha,Exciter,2007,800000,Xe số,100 - 175 cc,Thái Lan,6.649999999999999
24.5,23.44,27.52,Honda,Winner X,2022,30000,Tay côn/Moto,100 - 175 cc,Việt Nam,4.079999999999998
2.4,7.97,9.36,Honda,Wave,2014,35000,Xe số,100 - 175 cc,Đang cập nhật,1.3899999999999997
15.0,15.31,17.98,Honda,Lead,2014,35000,Tay ga,100 - 175 cc,Đang cập nhật,2.67
6.5,7.34,8.61,Honda,Lead,2011,17000,Tay ga,100 - 175 cc,Việt Nam,1.2699999999999996
11.5,6.78,7.96,Honda,Wave,2009,68123,Xe số,50 - 100 cc,Nhật Bản,1.1799999999999997
6.0,6.76,7.94,Honda,Wave,2011,50000,Xe số,100 - 175 cc,Việt Nam,1.1800000000000006
15.0,11.97,14.05,Hãng khác,Dòng khác,2023,5000,Tay ga,Dưới 50 cc,Đài Loan,2.08
4.3,14.27,16.75,Honda,Future,2002,4563,Xe số,50 - 100 cc,Trung Quốc,2.4800000000000004
3.2,4.65,5.45,Hãng khác,Dòng khác,2014,2000,Xe số,100 - 175 cc,Đang cập nhật,0.7999999999999998
4.0,2.74,3.21,SYM,Attila,2007,9999,Tay ga,100 - 175 cc,Đài Loan,0.46999999999999975
100.0,95.08,111.62,Honda,SH,2010,30000,Tay ga,100 - 175 cc,Nước khác,16.540000000000006
7.2,7.14,8.38,Hãng khác,Dòng khác,2019,2000,Xe số,Dưới 50 cc,Việt Nam,1.240000000000001
58.0,41.61,48.85,Yamaha,Exciter,2010,0,Xe số,100 - 175 cc,Việt Nam,7.240000000000002
35.0,30.36,35.64,Hãng khác,Rock,2022,15000,Tay côn/Moto,Trên 175 cc,Thái Lan,5.280000000000001
11.0,5.94,6.97,Honda,Wave,2010,50000,Xe số,50 - 100 cc,Việt Nam,1.0299999999999994
15.0,14.53,17.05,Yamaha,Exciter,2013,39000,Tay côn/Moto,100 - 175 cc,Thái Lan,2.5200000000000014
2.2,6.99,8.21,Honda,Wave,2012,25000,Xe số,100 - 175 cc,Nước khác,1.2200000000000006
18.0,20.85,24.48,Honda,Future,2019,61249,Xe số,100 - 175 cc,Việt Nam,3.629999999999999
32.0,28.14,33.03,Yamaha,TFX,2017,40000,Tay côn/Moto,100 - 175 cc,Việt Nam,4.890000000000001
17.0,13.75,16.14,Honda,Winner,2017,17000,Tay côn/Moto,100 - 175 cc,Việt Nam,2.3900000000000006
3.0,14.53,17.05,Suzuki,Sapphire,2007,25000,Tay ga,100 - 175 cc,Nhật Bản,2.5200000000000014
55.0,62.14,72.95,Honda,SH,2019,39000,Tay ga,100 - 175 cc,Đang cập nhật,10.810000000000002
3.2,3.5,4.11,Suzuki,Hayate,2011,40000,Tay ga,100 - 175 cc,Đang cập nhật,0.6100000000000003
31.5,27.65,32.46,Honda,SH Mode,2015,60000,Tay ga,100 - 175 cc,Việt Nam,4.810000000000002
29.8,28.44,33.39,Yamaha,Exciter,2022,2500,Tay côn/Moto,100 - 175 cc,Việt Nam,4.949999999999999
33.0,28.5,33.45,Honda,SH Mode,2014,40000,Tay ga,100 - 175 cc,Việt Nam,4.950000000000003
9.8,7.18,8.43,Hãng khác,Dòng khác,2017,12345,Xe số,Dưới 50 cc,Thái Lan,1.25
7.9,14.53,17.05,Yamaha,Dòng khác,2002,100000,Tay ga,100 - 175 cc,Đang cập nhật,2.5200000000000014
48.0,32.58,38.25,Honda,Vario,2022,18000,Tay ga,100 - 175 cc,Nhật Bản,5.670000000000002
2.3,5.68,6.67,Honda,Dream,2010,23000,Xe số,Dưới 50 cc,Trung Quốc,0.9900000000000002
24.0,20.65,24.24,Honda,Sonic,2019,18000,Tay côn/Moto,100 - 175 cc,Nhật Bản,3.59
10.0,9.54,11.2,Honda,Wave,2016,20000,Xe số,100 - 175 cc,Việt Nam,1.6600000000000001
4.0,14.53,17.05,SYM,EZ,2008,30000,Xe số,100 - 175 cc,Đài Loan,2.5200000000000014
12.0,8.63,10.13,Suzuki,Raider,2016,60000,Tay côn/Moto,100 - 175 cc,Việt Nam,1.5
11.5,8.38,9.83,Honda,Cub,2002,18000,Xe số,Dưới 50 cc,Nhật Bản,1.4499999999999993
2.2,7.46,8.75,Yamaha,Jupiter,2012,35000,Xe số,100 - 175 cc,Nước khác,1.29
71.0,45.34,53.22,Piaggio,Vespa,2022,5600,Tay ga,100 - 175 cc,Nước khác,7.8799999999999955
24.0,28.5,33.45,Honda,SH Mode,2014,100000,Tay ga,100 - 175 cc,Việt Nam,4.950000000000003
16.0,15.19,17.83,Honda,Air Blade,2014,0,Tay ga,100 - 175 cc,Việt Nam,2.639999999999999
2.0,6.78,7.96,Honda,Dòng khác,2008,100000,Xe số,50 - 100 cc,Nhật Bản,1.1799999999999997
11.5,9.95,11.68,Honda,Wave,2002,1,Xe số,50 - 100 cc,Việt Nam,1.7300000000000004
3.5,2.3,2.7,Hãng khác,Dòng khác,2010,50000,Xe số,50 - 100 cc,Hàn Quốc,0.40000000000000036
7.5,5.94,6.97,Honda,Wave,2010,50000,Xe số,100 - 175 cc,Nhật Bản,1.0299999999999994
7.2,7.21,8.46,Honda,Wave,2007,20000,Xe số,100 - 175 cc,Việt Nam,1.2500000000000009
28.8,32.03,37.61,Honda,Vario,2021,32793,Tay ga,100 - 175 cc,Nước khác,5.579999999999998
8.5,14.53,17.05,Suzuki,Xbike,2013,790004,Xe số,100 - 175 cc,Đang cập nhật,2.5200000000000014
19.3,9.95,11.68,Honda,Wave,2002,1000,Xe số,100 - 175 cc,Thái Lan,1.7300000000000004
6.6,7.24,8.49,Yamaha,Sirius,2013,399999,Xe số,100 - 175 cc,Việt Nam,1.25
57.0,55.9,65.62,Honda,SH,2017,100,Tay ga,100 - 175 cc,Việt Nam,9.720000000000006
3.0,3.11,3.65,SYM,Attila,2010,95400,Tay ga,100 - 175 cc,Đài Loan,0.54
11.5,10.4,12.2,Honda,Wave,2018,0,Xe số,100 - 175 cc,Việt Nam,1.799999999999999
13.0,10.56,12.4,Honda,Vision,2012,50000,Tay ga,100 - 175 cc,Nước khác,1.8399999999999999
14.0,13.6,15.96,Honda,Air Blade,2013,250000,Tay ga,100 - 175 cc,Việt Nam,2.360000000000001
7.0,13.32,15.63,Honda,Dylan,2006,35,Tay ga,100 - 175 cc,Nước khác,2.3100000000000005
3.58,27.84,32.68,Honda,Vision,2023,2000,Tay ga,100 - 175 cc,Việt Nam,4.84
61.0,60.64,71.19,Piaggio,Sprint,2022,6000,Tay ga,100 - 175 cc,Việt Nam,10.549999999999997
52.5,51.28,60.19,Honda,Vario,2017,25000,Tay ga,100 - 175 cc,Việt Nam,8.909999999999997
33.0,44.59,52.35,Honda,SH,2016,29000,Tay ga,100 - 175 cc,Việt Nam,7.759999999999998
3.6,3.23,3.79,SYM,Joyride,2009,34567,Tay ga,100 - 175 cc,Đang cập nhật,0.56
12.5,9.06,10.64,Honda,Air Blade,2012,30000,Tay ga,100 - 175 cc,Việt Nam,1.58
8.6,6.76,7.94,Honda,Wave,2011,39000,Xe số,100 - 175 cc,Nhật Bản,1.1800000000000006
1.2,6.83,8.02,SYM,Galaxy,2019,5000,Xe số,50 - 100 cc,Việt Nam,1.1899999999999995
12.0,9.74,11.44,Piaggio,Vespa,2013,13051,Tay ga,100 - 175 cc,Việt Nam,1.6999999999999993
10.5,14.53,17.05,Honda,Wave,1991,5555,Tay ga,Dưới 50 cc,Nhật Bản,2.5200000000000014
4.0,6.65,7.8,Honda,Cub,1985,29999,Xe số,50 - 100 cc,Nhật Bản,1.1499999999999995
5.7,5.62,6.6,Honda,Cub,1998,12345,Xe số,50 - 100 cc,Nhật Bản,0.9799999999999995
8.0,6.93,8.14,Yamaha,Sirius,2015,50000,Xe số,100 - 175 cc,Việt Nam,1.2100000000000009
26.9,23.44,27.52,Honda,Winner X,2022,31000,Tay côn/Moto,100 - 175 cc,Việt Nam,4.079999999999998
54.0,51.28,60.19,Honda,Vario,2017,27000,Tay ga,100 - 175 cc,Việt Nam,8.909999999999997
18.0,12.48,14.66,Honda,Wave,2025,2800,Xe số,100 - 175 cc,Việt Nam,2.1799999999999997
35.0,32.36,37.99,Honda,Air Blade,2021,25000,Tay ga,100 - 175 cc,Việt Nam,5.630000000000003
1.8,25.54,29.98,Honda,Future,2010,13000,Xe số,100 - 175 cc,Nước khác,4.440000000000001
11.0,11.43,13.42,Honda,Wave,2020,21068,Xe số,100 - 175 cc,Việt Nam,1.9900000000000002
28.0,31.97,37.53,Honda,Vario,2020,56000,Tay ga,100 - 175 cc,Việt Nam,5.560000000000002
1.7,14.53,17.05,SYM,Attila,1996,898989,Tay ga,100 - 175 cc,Việt Nam,2.5200000000000014
18.3,17.58,20.64,Suzuki,Raider,2018,4,Tay côn/Moto,100 - 175 cc,Việt Nam,3.0600000000000023
9.0,14.53,17.05,Honda,Dylan,1996,86000,Tay ga,100 - 175 cc,Nước khác,2.5200000000000014
24.5,16.56,19.44,Honda,SH,2001,20000,Tay ga,100 - 175 cc,Đang cập nhật,2.8800000000000026
5.0,4.72,5.54,Honda,SCR,2007,100000,Tay ga,100 - 175 cc,Trung Quốc,0.8200000000000003
18.2,15.95,18.72,Honda,Wave,2024,2800,Xe số,100 - 175 cc,Việt Nam,2.7699999999999996
7.2,6.24,7.33,Honda,Cub,1999,7689,Xe số,Dưới 50 cc,Nhật Bản,1.0899999999999999
4.0,4.21,4.94,Suzuki,Hayate,2012,99999,Tay ga,100 - 175 cc,Đang cập nhật,0.7300000000000004
3.5,14.53,17.05,Piaggio,Dòng khác,2010,27500,Tay ga,100 - 175 cc,Nước khác,2.5200000000000014
10.0,9.86,11.57,Yamaha,Sirius,2020,30000,Xe số,100 - 175 cc,Việt Nam,1.7100000000000009
13.0,10.19,11.96,Hãng khác,TNT,2017,19000,Tay côn/Moto,100 - 175 cc,Đang cập nhật,1.7700000000000014
58.0,55.9,65.62,Honda,SH,2017,30000,Tay ga,100 - 175 cc,Việt Nam,9.720000000000006
18.5,16.76,19.67,Yamaha,Exciter,2018,30000,Tay côn/Moto,100 - 175 cc,Đang cập nhật,2.91
7.6,6.13,7.2,Yamaha,Nouvo,2013,650000,Tay ga,100 - 175 cc,Nhật Bản,1.0700000000000003
8.0,3.91,4.59,Hãng khác,Dòng khác,2005,1000,Xe số,100 - 175 cc,Việt Nam,0.6799999999999997
3.5,6.81,7.99,Hãng khác,Dòng khác,2016,25000,Xe số,100 - 175 cc,Đang cập nhật,1.1800000000000006
2.5,7.97,9.36,Honda,Wave,2014,25000,Xe số,100 - 175 cc,Nhật Bản,1.3899999999999997
4.0,3.92,4.6,Hãng khác,Dòng khác,2011,6282,Tay côn/Moto,50 - 100 cc,Trung Quốc,0.6799999999999997
23.0,20.85,24.48,Honda,Future,2019,31000,Xe số,100 - 175 cc,Việt Nam,3.629999999999999
32.5,29.53,34.66,Honda,Vision,2024,3000,Tay ga,100 - 175 cc,Nước khác,5.1299999999999955
7.0,13.96,16.39,Honda,Winner,2016,50000,Tay côn/Moto,100 - 175 cc,Đang cập nhật,2.4299999999999997
52.5,51.28,60.19,Honda,Vario,2017,27000,Tay ga,100 - 175 cc,Nước khác,8.909999999999997
1.6e-05,14.95,17.54,Yamaha,Exciter,2016,55000,Tay côn/Moto,100 - 175 cc,Việt Nam,2.59
20.0,15.39,18.06,Honda,Lead,2015,13312,Tay ga,100 - 175 cc,Việt Nam,2.669999999999998
8.0,6.76,7.94,Honda,Wave,2011,43000,Xe số,100 - 175 cc,Nhật Bản,1.1800000000000006
7.8,14.53,17.05,Honda,Winner,2013,20000,Xe số,100 - 175 cc,Đang cập nhật,2.5200000000000014
8.0,9.85,11.56,Honda,Air Blade,2011,40000,Tay ga,100 - 175 cc,Việt Nam,1.7100000000000009
7.5,6.79,7.97,Yamaha,Mio,2013,353000,Tay ga,50 - 100 cc,Việt Nam,1.1799999999999997
36.0,26.5,31.11,Honda,Future,2023,35000,Xe số,100 - 175 cc,Việt Nam,4.609999999999999
3.0,17.08,20.05,Honda,Winner X,2020,23000,Tay côn/Moto,100 - 175 cc,Nhật Bản,2.9700000000000024
278.0,165.6,194.4,Hãng khác,Street Triple,2019,8000,Tay côn/Moto,Trên 175 cc,Đang cập nhật,28.80000000000001
9.5,10.9,12.8,Honda,Vision,2013,20000,Tay ga,100 - 175 cc,Nhật Bản,1.9000000000000004
85.0,74.21,87.11,Honda,SH,2023,19492,Tay ga,100 - 175 cc,Việt Nam,12.900000000000006
23.5,17.72,20.8,Honda,Dòng khác,2020,7979,Tay ga,50 - 100 cc,Nhật Bản,3.080000000000002
39.5,12.05,14.15,Hãng khác,Dòng khác,2024,10000,Tay ga,100 - 175 cc,Việt Nam,2.0999999999999996
78.0,66.3,77.83,Honda,SH,2020,40000,Tay ga,100 - 175 cc,Đang cập nhật,11.530000000000001
15.5,13.6,15.96,Honda,Air Blade,2013,20000,Tay ga,100 - 175 cc,Việt Nam,2.360000000000001
12.0,15.19,17.83,Honda,Air Blade,2014,300000,Tay ga,100 - 175 cc,Việt Nam,2.639999999999999
26.0,16.76,19.67,Yamaha,Exciter,2018,84300,Tay côn/Moto,100 - 175 cc,Nước khác,2.91
3.5,7.25,8.51,Yamaha,Sirius,2012,30000,Xe số,100 - 175 cc,Nhật Bản,1.2599999999999998
20.0,24.1,28.29,Honda,Air Blade,2019,32000,Tay ga,100 - 175 cc,Việt Nam,4.189999999999998
35.0,41.61,48.85,Yamaha,Exciter,2010,60000,Tay côn/Moto,100 - 175 cc,Đang cập nhật,7.240000000000002
6.0,6.77,7.94,Honda,Wave,2008,25000,Xe số,100 - 175 cc,Trung Quốc,1.1700000000000008
6.0,6.41,7.52,Yamaha,Mio,2011,55555,Tay ga,50 - 100 cc,Đang cập nhật,1.1099999999999994
12.0,13.75,16.14,Honda,Winner,2017,0,Tay côn/Moto,100 - 175 cc,Nhật Bản,2.3900000000000006
2.6,3.28,3.85,Suzuki,Hayate,2008,9999,Tay ga,50 - 100 cc,Đang cập nhật,0.5700000000000003
15.5,16.76,19.67,Yamaha,Exciter,2018,40000,Xe số,100 - 175 cc,Nhật Bản,2.91
39.0,29.9,35.1,Honda,Air Blade,2020,40299,Tay ga,100 - 175 cc,Việt Nam,5.200000000000003
8.45,8.5,9.98,Suzuki,Xbike,2012,7899,Xe số,100 - 175 cc,Việt Nam,1.4800000000000004
33.5,30.2,35.45,Honda,Vario,2019,44000,Tay ga,100 - 175 cc,Nước khác,5.2500000000000036
1.8,2.46,2.89,Yamaha,Nouvo,2005,898989,Tay ga,100 - 175 cc,Việt Nam,0.43000000000000016
4.3,3.78,4.44,Hãng khác,Dòng khác,2008,683598,Xe số,100 - 175 cc,Trung Quốc,0.6600000000000006
2.7,6.37,7.48,Yamaha,Sirius,2011,100000,Xe số,100 - 175 cc,Trung Quốc,1.1100000000000003
31.5,29.53,34.66,Honda,Vision,2024,6000,Tay ga,100 - 175 cc,Việt Nam,5.1299999999999955
5.0,9.23,10.84,Honda,Dream,2002,20,Xe số,50 - 100 cc,Trung Quốc,1.6099999999999994
3.5,10.0,11.74,Honda,Wave,2017,10000,Xe số,50 - 100 cc,Việt Nam,1.7400000000000002
45.0,38.82,45.57,Honda,SH,2015,270000,Tay ga,100 - 175 cc,Việt Nam,6.75
16.5,13.75,16.14,Honda,Winner,2017,40000,Tay côn/Moto,100 - 175 cc,Nhật Bản,2.3900000000000006
7.2,6.13,7.2,Yamaha,Nouvo,2013,42000,Tay ga,100 - 175 cc,Nhật Bản,1.0700000000000003
8.3,6.76,7.94,Honda,Wave,2011,99000,Xe số,100 - 175 cc,Việt Nam,1.1800000000000006
25.0,17.58,20.64,Suzuki,Raider,2018,25000,Tay côn/Moto,100 - 175 cc,Việt Nam,3.0600000000000023
60.0,25.54,29.98,Honda,Future,2010,21000,Xe số,50 - 100 cc,Thái Lan,4.440000000000001
4.5,6.48,7.61,Yamaha,Sirius,2010,100,Xe số,50 - 100 cc,Việt Nam,1.13
4.8,8.96,10.51,Honda,Dream,2005,334976,Xe số,100 - 175 cc,Trung Quốc,1.549999999999999
65.0,41.61,48.85,Yamaha,Exciter,2010,62000,Tay côn/Moto,100 - 175 cc,Thái Lan,7.240000000000002
5.0,4.96,5.83,SYM,Elizabeth,2014,55000,Tay ga,100 - 175 cc,Đài Loan,0.8700000000000001
21.5,17.08,20.05,Honda,Winner X,2020,40000,Tay côn/Moto,100 - 175 cc,Việt Nam,2.9700000000000024
350.0,261.28,306.72,Hãng khác,Z1000,2024,163,Tay côn/Moto,Trên 175 cc,Nước khác,45.440000000000055
6.0,41.61,48.85,Yamaha,Exciter,2010,20000,Tay côn/Moto,100 - 175 cc,Việt Nam,7.240000000000002
85.0,74.21,87.11,Honda,SH,2023,19000,Tay ga,100 - 175 cc,Việt Nam,12.900000000000006
3.6,14.53,17.05,Hãng khác,Dòng khác,2025,20000,Xe số,50 - 100 cc,Trung Quốc,2.5200000000000014
4.3,7.97,9.36,Honda,Wave,2014,32000,Xe số,100 - 175 cc,Nhật Bản,1.3899999999999997
5.9,37.2,43.67,Honda,Dòng khác,1997,110,Xe số,50 - 100 cc,Nhật Bản,6.469999999999999
9.0,4.96,5.83,SYM,Elizabeth,2014,55600,Tay ga,100 - 175 cc,Đài Loan,0.8700000000000001
39.0,32.36,37.99,Honda,Air Blade,2021,14000,Tay ga,100 - 175 cc,Việt Nam,5.630000000000003
1.6e-05,13.66,16.04,Yamaha,Exciter,2012,25000,Tay côn/Moto,100 - 175 cc,Việt Nam,2.379999999999999
8.5,6.76,7.94,Honda,Wave,2011,290000,Xe số,100 - 175 cc,Nhật Bản,1.1800000000000006
2.6,7.25,8.51,Yamaha,Sirius,2012,35000,Xe số,100 - 175 cc,Hàn Quốc,1.2599999999999998
30.0,32.03,37.61,Honda,Vario,2021,300000,Tay ga,100 - 175 cc,Việt Nam,5.579999999999998
32.5,27.84,32.68,Honda,Vision,2023,4400,Tay ga,100 - 175 cc,Việt Nam,4.84
9.5,9.5,11.15,Honda,Blade,2018,41449,Xe số,100 - 175 cc,Việt Nam,1.6500000000000004
5.9,8.38,9.83,Honda,Cub,2002,27899,Xe số,50 - 100 cc,Nhật Bản,1.4499999999999993
5.3,5.19,6.09,Piaggio,Vespa,2007,134052,Tay ga,100 - 175 cc,Nước khác,0.8999999999999995
16.5,15.17,17.81,Yamaha,Exciter,2015,130000,Tay côn/Moto,100 - 175 cc,Việt Nam,2.639999999999999
5.5,6.99,8.21,Honda,Wave,2012,347527,Xe số,100 - 175 cc,Việt Nam,1.2200000000000006
4.9,4.51,5.29,SYM,Elegant,2014,999999,Xe số,100 - 175 cc,Nước khác,0.7800000000000002
4.0,11.1,13.03,Honda,Cub,1994,63,Xe số,50 - 100 cc,Nhật Bản,1.9299999999999997
30.0,12.48,14.66,Honda,Wave,2025,55000,Xe số,100 - 175 cc,Việt Nam,2.1799999999999997
4.5,7.97,9.36,Honda,Wave,2014,32000,Xe số,100 - 175 cc,Nhật Bản,1.3899999999999997
45.0,47.37,55.61,Honda,Dòng khác,2021,4500,Tay côn/Moto,100 - 175 cc,Nước khác,8.240000000000002
12.0,14.53,17.05,Hãng khác,Dòng khác,2019,10000,Tay ga,50 - 100 cc,Thái Lan,2.5200000000000014
3.0,11.43,13.42,Honda,Wave,2020,100000,Xe số,50 - 100 cc,Việt Nam,1.9900000000000002
5.0,20.1,23.59,Honda,Future,2006,10000,Xe số,100 - 175 cc,Trung Quốc,3.4899999999999984
17.0,12.05,14.15,Hãng khác,Dòng khác,2024,2239,Tay ga,Dưới 50 cc,Hàn Quốc,2.0999999999999996
33.0,28.2,33.1,Yamaha,Exciter,2023,6200,Tay côn/Moto,100 - 175 cc,Nước khác,4.900000000000002
2.2,6.16,7.23,Hãng khác,Dòng khác,2012,111111,Xe số,100 - 175 cc,Đang cập nhật,1.0700000000000003
147.0,8.35,9.8,Suzuki,Sport / Xipo,2020,10,Xe số,Trên 175 cc,Đang cập nhật,1.450000000000001
0.0405,33.65,39.5,Honda,Air Blade,2022,12000,Tay ga,100 - 175 cc,Việt Nam,5.850000000000001
3.0,22.48,26.39,Hãng khác,Dòng khác,trước năm 1980,50000,Xe số,100 - 175 cc,Trung Quốc,3.91
5.0,3.4,3.99,SYM,Attila,2011,4034,Tay ga,50 - 100 cc,Việt Nam,0.5900000000000003
10.0,3.5,4.11,Suzuki,Hayate,2011,83000,Tay ga,100 - 175 cc,Đang cập nhật,0.6100000000000003
17.5,33.65,39.5,Honda,Air Blade,2022,0,Xe số,100 - 175 cc,Việt Nam,5.850000000000001
8.5,10.0,11.74,Honda,Wave,2017,320000,Xe số,100 - 175 cc,Nhật Bản,1.7400000000000002
26.8,24.11,28.3,Honda,Lead,2019,21,Tay ga,100 - 175 cc,Việt Nam,4.190000000000001
17.0,14.49,17.01,Honda,Winner,2018,32000,Tay côn/Moto,100 - 175 cc,Việt Nam,2.5200000000000014
25.0,22.62,26.56,Yamaha,Exciter,2020,58000,Tay côn/Moto,100 - 175 cc,Nước khác,3.9399999999999977
7.0,7.37,8.65,Honda,Wave,2013,100000,Xe số,100 - 175 cc,Việt Nam,1.2800000000000002
32.0,25.22,29.61,Honda,Future,2022,16000,Xe số,100 - 175 cc,Việt Nam,4.390000000000001
34.5,30.2,35.45,Honda,Vario,2019,44000,Tay ga,100 - 175 cc,Việt Nam,5.2500000000000036
10.0,12.64,14.84,Honda,Air Blade,2010,30000,Tay ga,100 - 175 cc,Đang cập nhật,2.1999999999999993
28.0,27.84,32.68,Honda,Vision,2023,19060,Tay ga,100 - 175 cc,Việt Nam,4.84
7.8,6.93,8.14,Yamaha,Sirius,2015,85000,Xe số,100 - 175 cc,Nhật Bản,1.2100000000000009
8.0,30.93,36.31,Honda,Cub,2022,7500,Xe số,50 - 100 cc,Việt Nam,5.380000000000003
21.0,21.0,24.66,Honda,Air Blade,2017,80000,Tay ga,100 - 175 cc,Việt Nam,3.66
30.5,22.84,26.81,Yamaha,Grande,2019,30000,Tay ga,100 - 175 cc,Việt Nam,3.969999999999999
5.4,5.1,5.99,Yamaha,Mio,2009,1111,Tay ga,100 - 175 cc,Nhật Bản,0.8900000000000006
60.0,51.28,60.19,Honda,Vario,2017,39000,Tay ga,100 - 175 cc,Việt Nam,8.909999999999997
50.0,38.1,44.72,Honda,Air Blade,2024,2000,Tay ga,100 - 175 cc,Nhật Bản,6.619999999999997
1.9,9.09,10.66,Yamaha,Dòng khác,2012,80000,Tay ga,100 - 175 cc,Đang cập nhật,1.5700000000000003
85.0,74.21,87.11,Honda,SH,2023,19292,Tay ga,100 - 175 cc,Việt Nam,12.900000000000006
62.0,57.96,68.03,Honda,SH,2018,22000,Tay ga,100 - 175 cc,Việt Nam,10.07
68.0,45.76,53.71,Honda,Click,2017,150000,Tay ga,100 - 175 cc,Việt Nam,7.950000000000003
2.0,3.28,3.85,Suzuki,Hayate,2008,40000,Tay ga,100 - 175 cc,Đang cập nhật,0.5700000000000003
11.0,9.06,10.64,Honda,Air Blade,2012,56000,Tay ga,100 - 175 cc,Việt Nam,1.58
11.0,11.85,13.92,Honda,Lead,2013,60000,Tay ga,100 - 175 cc,Nhật Bản,2.0700000000000003
8.7,6.24,7.33,Honda,Cub,1999,2252,Xe số,Dưới 50 cc,Nhật Bản,1.0899999999999999
17.5,15.94,18.72,Yamaha,Exciter,2011,350000,Xe số,100 - 175 cc,Việt Nam,2.7799999999999994
6.0,5.12,6.01,Yamaha,Jupiter,2003,5000,Xe số,100 - 175 cc,Nhật Bản,0.8899999999999997
4.5,4.21,4.94,Suzuki,Hayate,2012,30000,Tay ga,100 - 175 cc,Nhật Bản,0.7300000000000004
40.0,43.64,51.23,Yamaha,Exciter,2009,20000,Xe số,100 - 175 cc,Đang cập nhật,7.589999999999996
61.6,57.96,68.03,Honda,SH,2018,20000,Tay ga,100 - 175 cc,Việt Nam,10.07
12.0,11.43,13.42,Honda,Wave,2020,20000,Xe số,100 - 175 cc,Nhật Bản,1.9900000000000002
41.6,33.65,39.5,Honda,Air Blade,2022,22800,Tay ga,100 - 175 cc,Nhật Bản,5.850000000000001
7.5,6.93,8.14,Yamaha,Sirius,2015,600000,Xe số,100 - 175 cc,Nhật Bản,1.2100000000000009
7.5,4.19,4.92,SYM,Elizabeth,2012,29000,Tay ga,100 - 175 cc,Đài Loan,0.7299999999999995
85.0,74.21,87.11,Honda,SH,2023,19,Tay ga,100 - 175 cc,Việt Nam,12.900000000000006
7.2,3.92,4.6,Hãng khác,Dòng khác,2006,700000,Xe số,50 - 100 cc,Hàn Quốc,0.6799999999999997
2.5,5.29,6.21,Honda,Dream,trước năm 1980,10876,Xe số,100 - 175 cc,Trung Quốc,0.9199999999999999
42.0,36.06,42.33,Honda,Vario,2023,3749,Xe số,100 - 175 cc,Việt Nam,6.269999999999996
9.5,9.06,10.64,Honda,Air Blade,2012,500000,Tay ga,100 - 175 cc,Việt Nam,1.58
2.6,4.37,5.13,Hãng khác,Dòng khác,2007,250000,Xe số,100 - 175 cc,Hàn Quốc,0.7599999999999998
32.5,29.53,34.66,Honda,Vision,2024,11000,Tay ga,100 - 175 cc,Việt Nam,5.1299999999999955
28.0,23.51,27.6,Honda,Future,2021,26000,Xe số,100 - 175 cc,Việt Nam,4.09
19.399,17.63,20.69,Honda,Winner X,2021,35000,Tay côn/Moto,100 - 175 cc,Việt Nam,3.0600000000000023
29.3,30.2,35.45,Honda,Vario,2019,23000,Tay ga,100 - 175 cc,Việt Nam,5.2500000000000036
7.2,7.55,8.86,Yamaha,Sirius,2014,300000,Xe số,100 - 175 cc,Việt Nam,1.3099999999999996
420.0,189.77,222.77,Hãng khác,Dòng khác,2020,20091,Tay côn/Moto,Trên 175 cc,Nước khác,33.0
40.0,21.96,25.78,Hãng khác,BX 150,2020,13000,Tay côn/Moto,100 - 175 cc,Đang cập nhật,3.8200000000000003
27.0,22.86,26.83,Honda,Lead,2018,75000,Tay ga,100 - 175 cc,Việt Nam,3.969999999999999
12.0,14.53,17.05,Honda,Giorno,2011,1111,Tay ga,Dưới 50 cc,Nhật Bản,2.5200000000000014
5.5,4.44,5.22,Suzuki,Hayate,2013,100000,Tay ga,100 - 175 cc,Nhật Bản,0.7799999999999994
7.5,7.55,8.86,Yamaha,Sirius,2014,20000,Xe số,100 - 175 cc,Việt Nam,1.3099999999999996
7.0,13.66,16.04,Yamaha,Exciter,2012,30000,Tay côn/Moto,100 - 175 cc,Việt Nam,2.379999999999999
65.0,61.85,72.61,Piaggio,Sprint,2023,8000,Tay ga,100 - 175 cc,Việt Nam,10.759999999999998
4.8,6.0,7.05,Honda,Lead,2009,555555,Tay ga,100 - 175 cc,Việt Nam,1.0499999999999998
6.8,5.29,6.21,Yamaha,Luvias,2010,999,Tay ga,100 - 175 cc,Nhật Bản,0.9199999999999999
90.0,65.67,77.09,Honda,Rebel,2018,50000,Tay côn/Moto,Trên 175 cc,Thái Lan,11.420000000000002
9.0,6.78,7.96,Honda,Wave,2009,90000,Xe số,50 - 100 cc,Nhật Bản,1.1799999999999997
57.0,41.69,48.94,Piaggio,Vespa,2019,12344,Tay ga,Trên 175 cc,Nước khác,7.25
25.0,17.29,20.3,Yamaha,FZ,2016,63660,Tay côn/Moto,100 - 175 cc,Nước khác,3.0100000000000016
5.5e-05,41.61,48.85,Yamaha,Exciter,2010,10,Tay côn/Moto,100 - 175 cc,Đang cập nhật,7.240000000000002
12.0,12.64,14.84,Honda,Air Blade,2010,71463,Tay ga,100 - 175 cc,Nhật Bản,2.1999999999999993
43.0,38.25,44.9,Yamaha,Exciter,2007,999999,Xe số,100 - 175 cc,Nhật Bản,6.649999999999999
42.0,24.85,29.17,Piaggio,Vespa,2016,90000,Tay ga,100 - 175 cc,Việt Nam,4.32
7.0,6.99,8.21,Honda,Wave,2012,100000,Xe số,50 - 100 cc,Hàn Quốc,1.2200000000000006
29.0,4.37,5.13,Hãng khác,Dòng khác,2007,1978,Tay côn/Moto,100 - 175 cc,Nước khác,0.7599999999999998
5.7,5.89,6.92,Yamaha,Mio,2010,5555,Tay ga,100 - 175 cc,Nhật Bản,1.0300000000000002
5.5,5.1,5.99,Yamaha,Mio,2009,32000,Tay ga,100 - 175 cc,Nhật Bản,0.8900000000000006
10.5,43.64,51.23,Yamaha,Exciter,2009,38383,Tay côn/Moto,100 - 175 cc,Thái Lan,7.589999999999996
3.7,6.92,8.13,Yamaha,Mio,2012,3200,Tay ga,100 - 175 cc,Nhật Bản,1.2100000000000009
5.2,6.0,7.05,Honda,Lead,2009,500000,Tay ga,100 - 175 cc,Đang cập nhật,1.0499999999999998
3.5,3.11,3.65,SYM,Attila,2010,18000,Tay ga,100 - 175 cc,Đang cập nhật,0.54
8.5,10.4,12.2,Honda,Wave,2018,35000,Xe số,50 - 100 cc,Nhật Bản,1.799999999999999
38.0,36.06,42.33,Honda,Vario,2023,15000,Tay ga,100 - 175 cc,Việt Nam,6.269999999999996
190.0,102.96,120.86,Honda,CB,2024,20000,Tay côn/Moto,Trên 175 cc,Nhật Bản,17.900000000000006
2.4,4.16,4.89,Yamaha,Nouvo,2011,24000,Tay ga,100 - 175 cc,Nước khác,0.7299999999999995
4.9,5.41,6.35,Yamaha,Mio,2006,70000,Tay ga,100 - 175 cc,Việt Nam,0.9399999999999995
2.9,7.23,8.48,Honda,Dream,2007,99999,Xe số,50 - 100 cc,Nhật Bản,1.25
15.0,13.07,15.34,Yamaha,Janus,2017,10000,Tay ga,100 - 175 cc,Đang cập nhật,2.2699999999999996
15.0,13.84,16.25,Yamaha,Janus,2018,34500,Tay ga,100 - 175 cc,Việt Nam,2.41
15.5,14.31,16.8,Honda,Wave,2022,35785,Xe số,100 - 175 cc,Việt Nam,2.49
5.2,5.78,6.78,Honda,Lead,2008,5,Tay ga,100 - 175 cc,Nhật Bản,1.0
8.2,6.93,8.14,Yamaha,Sirius,2015,100000,Xe số,100 - 175 cc,Đang cập nhật,1.2100000000000009
0.009,6.77,7.94,Honda,Wave,2008,20000,Xe số,50 - 100 cc,Việt Nam,1.1700000000000008
12.5,20.8,24.42,Honda,Vision,2019,0,Tay ga,100 - 175 cc,Việt Nam,3.620000000000001
13.0,4.43,5.2,Hãng khác,Max,1999,310000,Xe số,50 - 100 cc,Nhật Bản,0.7700000000000005
35.0,19.17,22.5,Honda,Click,2013,23000,Tay ga,100 - 175 cc,Thái Lan,3.3299999999999983
18.0,14.95,17.54,Yamaha,Exciter,2016,40000,Xe số,100 - 175 cc,Đang cập nhật,2.59
5.6,7.97,9.36,Honda,Wave,2014,60000,Xe số,50 - 100 cc,Việt Nam,1.3899999999999997
7.2,15.94,18.71,Honda,Cub,2021,20000,Xe số,Dưới 50 cc,Hàn Quốc,2.7700000000000014
15.5,16.22,19.05,Yamaha,FZ,2014,400000,Tay côn/Moto,100 - 175 cc,Đang cập nhật,2.830000000000002
190.0,163.3,191.7,Yamaha,YAZ,2023,9999,Tay côn/Moto,100 - 175 cc,Nước khác,28.399999999999977
2.0,18.09,21.23,Honda,Wave,2000,250000,Xe số,100 - 175 cc,Trung Quốc,3.1400000000000006
3.2,6.0,7.05,Honda,Lead,2009,45000,Tay ga,100 - 175 cc,Nhật Bản,1.0499999999999998
60.0,30.2,35.45,Honda,Vario,2019,53000,Tay ga,100 - 175 cc,Nước khác,5.2500000000000036
17.0,6.84,8.03,Piaggio,Vespa,2009,10000,Tay ga,100 - 175 cc,Đang cập nhật,1.1899999999999995
4.1,3.11,3.65,SYM,Attila,2010,199999,Tay ga,100 - 175 cc,Nước khác,0.54
13.5,8.71,10.22,Yamaha,Luvias,2015,48000,Tay ga,100 - 175 cc,Việt Nam,1.5099999999999998
3.5,4.18,4.91,Hãng khác,Dòng khác,2004,10000,Xe số,100 - 175 cc,Hàn Quốc,0.7300000000000004
3.99,7.27,8.54,Honda,Cub,2017,11037,Xe số,Dưới 50 cc,Việt Nam,1.2699999999999996
13.0,14.95,17.54,Yamaha,Exciter,2016,99000,Xe số,100 - 175 cc,Việt Nam,2.59
3.5,11.74,13.78,Honda,Wave,2004,80000,Xe số,100 - 175 cc,Trung Quốc,2.039999999999999
17.0,15.39,18.06,Honda,Lead,2015,89000,Tay ga,100 - 175 cc,Đang cập nhật,2.669999999999998
8.5,9.02,10.58,Honda,Chaly,1999,7978,Xe số,Dưới 50 cc,Nhật Bản,1.5600000000000005
29.5,12.64,14.84,Honda,Air Blade,2010,30000,Tay ga,100 - 175 cc,Thái Lan,2.1999999999999993
40.0,40.54,47.59,Honda,Vario,2018,70000,Tay ga,100 - 175 cc,Nước khác,7.050000000000004
5.5,7.24,8.49,Yamaha,Sirius,2013,40000,Xe số,100 - 175 cc,Nhật Bản,1.25
5.3,7.67,9.0,Suzuki,Dòng khác,2015,47812,Xe số,100 - 175 cc,Nhật Bản,1.33
2.5,10.66,12.52,Honda,Dòng khác,2010,30000,Xe số,Dưới 50 cc,Hàn Quốc,1.8599999999999994
17.3,14.31,16.8,Honda,Wave,2022,25000,Xe số,100 - 175 cc,Việt Nam,2.49
10.0,10.4,12.2,Honda,Wave,2018,27280,Xe số,100 - 175 cc,Việt Nam,1.799999999999999
9.5,11.78,13.83,Honda,Future,2012,245365,Xe số,100 - 175 cc,Nhật Bản,2.0500000000000007
4.5,7.62,8.94,Yamaha,Nouvo,2015,10000,Tay ga,100 - 175 cc,Thái Lan,1.3199999999999994
27.0,26.16,30.71,Yamaha,Exciter,2021,24000,Tay côn/Moto,100 - 175 cc,Nhật Bản,4.550000000000001
5.0,7.53,8.84,Honda,Click,2010,1000,Tay ga,100 - 175 cc,Đang cập nhật,1.3099999999999996
7.5,6.42,7.53,Yamaha,Luvias,2012,98,Tay ga,100 - 175 cc,Việt Nam,1.1100000000000003
13.8,22.33,26.21,Honda,Spacy,2001,9999,Tay ga,100 - 175 cc,Nhật Bản,3.8800000000000026
2.3,13.62,15.98,Suzuki,Dòng khác,2003,100000,Tay ga,100 - 175 cc,Nhật Bản,2.360000000000001
12.0,8.56,10.04,SYM,Angela,2018,14000,Xe số,50 - 100 cc,Việt Nam,1.4799999999999986
2.65,3.06,3.59,SYM,Attila,2009,40000,Tay ga,100 - 175 cc,Đài Loan,0.5299999999999998
24.5,20.8,24.42,Honda,Vision,2019,12000,Tay ga,100 - 175 cc,Việt Nam,3.620000000000001
8.0,8.46,9.94,Yamaha,Grande,2010,500000,Xe số,100 - 175 cc,Thái Lan,1.4799999999999986
3.8,6.41,7.52,Yamaha,Mio,2011,17443,Tay ga,100 - 175 cc,Nhật Bản,1.1099999999999994
37.0,24.18,28.39,Piaggio,Liberty,2022,10000,Tay ga,100 - 175 cc,Việt Nam,4.210000000000001
12.5,22.91,26.89,Honda,PS,2006,666666,Xe số,50 - 100 cc,Nhật Bản,3.9800000000000004
26.099,21.77,25.55,Honda,Vision,2020,100,Tay ga,100 - 175 cc,Nhật Bản,3.780000000000001
4.7,10.43,12.24,Honda,Citi,1997,1560,Xe số,50 - 100 cc,Việt Nam,1.8100000000000005
7.0,4.37,5.13,Hãng khác,Dòng khác,2007,21000,Xe số,50 - 100 cc,Trung Quốc,0.7599999999999998
35.0,32.36,37.99,Honda,Air Blade,2021,7000,Tay ga,100 - 175 cc,Việt Nam,5.630000000000003
9.0,6.37,7.48,Yamaha,Sirius,2011,30000,Xe số,100 - 175 cc,Việt Nam,1.1100000000000003
29.5,24.41,28.66,Yamaha,YB125,2017,85000,Tay côn/Moto,100 - 175 cc,Việt Nam,4.25
52.0,38.82,45.57,Honda,SH,2015,20000,Tay ga,100 - 175 cc,Việt Nam,6.75
6.6,20.06,23.54,Suzuki,Dòng khác,2019,15000,Xe số,50 - 100 cc,Nhật Bản,3.4800000000000004
58.5,51.28,60.19,Honda,Vario,2017,10000,Tay ga,50 - 100 cc,Nước khác,8.909999999999997
49.8,46.19,54.22,Yamaha,MT,2021,14000,Tay côn/Moto,Không biết rõ,Nước khác,8.030000000000001
46.5,38.91,45.67,Honda,SH Mode,2019,24000,Tay ga,100 - 175 cc,Việt Nam,6.760000000000005
10.25,6.09,7.15,Yamaha,Luvias,2011,45000,Tay ga,100 - 175 cc,Việt Nam,1.0600000000000005
23.0,6.77,7.94,Honda,Wave,2008,30,Xe số,100 - 175 cc,Việt Nam,1.1700000000000008
25.0,17.23,20.23,Yamaha,Janus,2022,9954,Tay ga,100 - 175 cc,Đang cập nhật,3.0
49.0,49.59,58.22,Honda,SH Mode,2022,18816,Tay ga,Không biết rõ,Việt Nam,8.629999999999995
20.0,17.63,20.69,Honda,Winner X,2021,35000,Tay côn/Moto,100 - 175 cc,Việt Nam,3.0600000000000023
17.5,9.07,10.65,Honda,PS,2007,35000,Tay ga,100 - 175 cc,Nước khác,1.58
36.5,30.2,35.45,Honda,Vario,2019,32000,Tay ga,100 - 175 cc,Nước khác,5.2500000000000036
15.0,14.31,16.8,Honda,Wave,2022,18000,Xe số,100 - 175 cc,Việt Nam,2.49
6.5,5.52,6.48,Yamaha,Mio,2002,20000,Tay ga,50 - 100 cc,Việt Nam,0.9600000000000009
33.5,32.36,37.99,Honda,Air Blade,2021,15000,Tay ga,100 - 175 cc,Thái Lan,5.630000000000003
3.7,3.28,3.85,SYM,Elizabeth,2009,12345,Tay ga,100 - 175 cc,Đài Loan,0.5700000000000003
22.0,26.16,30.71,Yamaha,Exciter,2021,25538,Tay côn/Moto,100 - 175 cc,Việt Nam,4.550000000000001
19.85,14.49,17.01,Honda,Winner,2018,13000,Tay côn/Moto,100 - 175 cc,Việt Nam,2.5200000000000014
9.0,11.48,13.48,SYM,Wolf,2011,46000,Tay côn/Moto,100 - 175 cc,Đài Loan,2.0
122.0,14.26,16.74,Honda,Dòng khác,2025,33000,Tay ga,Trên 175 cc,Nhật Bản,2.4799999999999986
11.3,12.23,14.36,Honda,Wave,1998,597900,Xe số,100 - 175 cc,Thái Lan,2.129999999999999
27.0,8.72,10.23,Honda,67,1991,30000,Tay côn/Moto,Dưới 50 cc,Nhật Bản,1.5099999999999998
17.0,23.44,27.52,Honda,Winner X,2022,35000,Tay côn/Moto,100 - 175 cc,Việt Nam,4.079999999999998
116.0,74.21,87.11,Honda,SH,2023,9000,Tay ga,Trên 175 cc,Đang cập nhật,12.900000000000006
28.5,24.11,28.3,Honda,Lead,2019,12000,Tay ga,100 - 175 cc,Việt Nam,4.190000000000001
20.0,15.94,18.72,Yamaha,Exciter,2011,2000,Tay côn/Moto,100 - 175 cc,Việt Nam,2.7799999999999994
48.0,33.65,39.5,Honda,Air Blade,2022,10000,Tay ga,100 - 175 cc,Đang cập nhật,5.850000000000001
140.0,77.17,90.59,Honda,SH,2025,2000,Tay ga,Trên 175 cc,Đang cập nhật,13.420000000000002
40.0,32.58,38.25,Honda,Vario,2022,28000,Tay ga,100 - 175 cc,Nhật Bản,5.670000000000002
7.0,10.95,12.85,Hãng khác,People 16 Fi,2013,100000,Tay ga,100 - 175 cc,Đang cập nhật,1.9000000000000004
10.5,8.8,10.33,Yamaha,Nozza,2014,55000,Tay ga,100 - 175 cc,Việt Nam,1.5299999999999994
18.5,16.83,19.75,Honda,Vision,2016,22000,Tay ga,100 - 175 cc,Việt Nam,2.9200000000000017
99.999999,5.72,6.72,Piaggio,Vespa,2008,12345,Tay ga,100 - 175 cc,Nước khác,1.0
17.9,13.65,16.03,Honda,Wave,2021,28000,Xe số,100 - 175 cc,Việt Nam,2.380000000000001
50.0,52.52,61.65,Honda,SH Mode,2023,15000,Tay ga,100 - 175 cc,Việt Nam,9.129999999999995
7.8,6.84,8.03,Piaggio,Liberty,2012,23000,Tay ga,100 - 175 cc,Việt Nam,1.1899999999999995
48.0,46.52,54.61,Honda,CBR,2024,750,Tay côn/Moto,100 - 175 cc,Việt Nam,8.089999999999996
4.5,3.23,3.79,SYM,Joyride,2009,50000,Tay ga,100 - 175 cc,Đài Loan,0.56
51.0,46.92,55.08,Hãng khác,Duke 390,2017,33000,Tay côn/Moto,Trên 175 cc,Nước khác,8.159999999999997
5.0,4.6,5.4,Honda,Dòng khác,1985,10000,Tay ga,Dưới 50 cc,Nhật Bản,0.8000000000000007
14.0,6.5,7.63,Yamaha,Nouvo,2017,30000,Tay ga,100 - 175 cc,Việt Nam,1.13
85.0,109.65,128.72,Honda,SH,2012,3000,Tay ga,100 - 175 cc,Nước khác,19.069999999999993
3.6,2.46,2.89,Yamaha,Nouvo,2005,1,Tay ga,100 - 175 cc,Đang cập nhật,0.43000000000000016
37.0,30.59,35.91,Honda,Future,2025,400,Xe số,100 - 175 cc,Việt Nam,5.319999999999997
45.0,36.2,42.5,Yamaha,Nvx,2022,50000,Tay ga,100 - 175 cc,Việt Nam,6.299999999999997
31.5,33.69,39.55,Honda,SH,2007,44444,Tay ga,100 - 175 cc,Đang cập nhật,5.859999999999999
23.0,22.99,26.98,Honda,Sonic,2020,88932,Tay côn/Moto,100 - 175 cc,Việt Nam,3.990000000000002
28.0,19.29,22.64,Suzuki,Satria,2018,22000,Tay côn/Moto,100 - 175 cc,Nước khác,3.3500000000000014
9.5,7.58,8.9,Honda,@,2005,10000,Tay ga,100 - 175 cc,Đang cập nhật,1.3200000000000003
29.5,24.5,28.77,Honda,Vision,2021,9000,Tay ga,100 - 175 cc,Nhật Bản,4.27
10.0,6.9,8.1,Piaggio,LX,2011,37000,Tay ga,100 - 175 cc,Đang cập nhật,1.1999999999999993
15.0,14.53,17.05,Yamaha,Exciter,2013,1000,Tay côn/Moto,100 - 175 cc,Việt Nam,2.5200000000000014
19.8,16.83,19.75,Honda,Vision,2016,0,Tay ga,100 - 175 cc,Nhật Bản,2.9200000000000017
2000.0,244.19,286.66,Yamaha,YAZ,2016,20,Tay côn/Moto,100 - 175 cc,Đang cập nhật,42.47000000000003
44.0,38.7,45.44,Honda,Lead,2024,8,Tay ga,100 - 175 cc,Việt Nam,6.739999999999995
61.0,14.53,17.05,Honda,PS,2012,61325,Tay ga,100 - 175 cc,Nước khác,2.5200000000000014
6.0,14.53,17.05,Yamaha,Dòng khác,2002,94000,Tay ga,100 - 175 cc,Nhật Bản,2.5200000000000014
16.0,11.43,13.42,Honda,Wave,2020,12345,Xe số,100 - 175 cc,Nhật Bản,1.9900000000000002
5.5,9.23,10.84,Honda,Dream,2002,12453,Xe số,50 - 100 cc,Đài Loan,1.6099999999999994
38.0,49.2,57.76,Piaggio,Vespa,trước năm 1980,100000,Tay côn/Moto,100 - 175 cc,Nước khác,8.559999999999995
9.9,8.28,9.72,Yamaha,Sirius,2017,58000,Xe số,100 - 175 cc,Việt Nam,1.4400000000000013
155.0,109.65,128.72,Honda,SH,2012,68686,Tay ga,100 - 175 cc,Nước khác,19.069999999999993
7.6,14.53,17.05,Yamaha,Exciter,2013,20000,Tay côn/Moto,100 - 175 cc,Việt Nam,2.5200000000000014
52.5,52.32,61.42,Piaggio,Sprint,2020,20000,Tay ga,100 - 175 cc,Đang cập nhật,9.100000000000001
80.0,26.85,31.52,Yamaha,Dòng khác,2019,10000,Tay côn/Moto,Trên 175 cc,Đang cập nhật,4.669999999999998
6.0,4.08,4.79,Hãng khác,Dòng khác,1999,30000,Xe số,100 - 175 cc,Trung Quốc,0.71
18.0,14.97,17.58,Honda,67,2020,1111,Tay côn/Moto,Dưới 50 cc,Việt Nam,2.6099999999999977
90.0,17.72,20.8,Honda,Dòng khác,2020,10000,Tay côn/Moto,Trên 175 cc,Đang cập nhật,3.080000000000002
99.0,14.53,17.05,Hãng khác,1199 panigale,2014,10000,Tay côn/Moto,Trên 175 cc,Nước khác,2.5200000000000014
35.0,33.74,39.61,Honda,SH Mode,2017,35000,Tay ga,100 - 175 cc,Đang cập nhật,5.869999999999997
29.9,17.23,20.23,Piaggio,Vespa,2014,20000,Tay ga,100 - 175 cc,Việt Nam,3.0
150.0,95.08,111.62,Honda,SH,2010,41895,Tay ga,100 - 175 cc,Nước khác,16.540000000000006
12.5,13.32,15.63,Honda,Dylan,2006,50000,Tay ga,100 - 175 cc,Nước khác,2.3100000000000005
19.25,14.49,17.01,Honda,Winner,2018,82405,Tay côn/Moto,100 - 175 cc,Việt Nam,2.5200000000000014
14.2,13.06,15.34,Suzuki,Epicuro,2001,50000,Tay ga,100 - 175 cc,Nước khác,2.2799999999999994
16.0,15.17,17.81,Yamaha,Exciter,2015,123456,Tay côn/Moto,100 - 175 cc,Nhật Bản,2.639999999999999
18.0,14.39,16.89,SYM,Wolf,2015,50000,Tay côn/Moto,100 - 175 cc,Nhật Bản,2.5
110.0,9.94,11.67,Honda,Dòng khác,trước năm 1980,9999,Tay côn/Moto,Trên 175 cc,Nhật Bản,1.7300000000000004
47.0,36.71,43.1,Honda,Air Blade,2023,16000,Tay ga,100 - 175 cc,Việt Nam,6.390000000000001
15.0,17.41,20.44,Honda,Dream,1998,30000,Xe số,100 - 175 cc,Đang cập nhật,3.030000000000001
14.5,11.69,13.72,Honda,Wave,2019,50000,Xe số,100 - 175 cc,Việt Nam,2.030000000000001
62.0,55.9,65.62,Honda,SH,2017,500,Tay ga,100 - 175 cc,Việt Nam,9.720000000000006
21.0,23.57,27.68,Honda,Dream,2022,2000,Xe số,100 - 175 cc,Nhật Bản,4.109999999999999
73.5,74.3,87.23,Honda,SH,2022,6000,Tay ga,100 - 175 cc,Nhật Bản,12.930000000000007
100.0,74.3,87.23,Honda,SH,2022,5000,Tay ga,100 - 175 cc,Việt Nam,12.930000000000007
35.0,27.84,32.68,Honda,Vision,2023,1900,Tay ga,Không biết rõ,Đang cập nhật,4.84
9.0,9.12,10.71,Hãng khác,Dòng khác,2019,21000,Xe số,Dưới 50 cc,Việt Nam,1.5900000000000016
85.0,95.08,111.62,Honda,SH,2010,20000,Tay ga,100 - 175 cc,Nước khác,16.540000000000006
28.5,26.16,30.71,Yamaha,Exciter,2021,4000,Xe số,100 - 175 cc,Việt Nam,4.550000000000001
10.0,10.9,12.8,Honda,Vision,2013,0,Tay ga,50 - 100 cc,Việt Nam,1.9000000000000004
12.5,11.78,13.83,Honda,Future,2012,40000,Xe số,100 - 175 cc,Nhật Bản,2.0500000000000007
11.0,8.93,10.49,Yamaha,Sirius,2018,100000,Xe số,100 - 175 cc,Nhật Bản,1.5600000000000005
3.6,6.41,7.52,Yamaha,Mio,2011,11000,Tay ga,100 - 175 cc,Nhật Bản,1.1099999999999994
62.0,55.9,65.62,Honda,SH,2017,50000,Tay ga,100 - 175 cc,Việt Nam,9.720000000000006
19.0,17.08,20.05,Honda,Winner X,2020,31000,Tay côn/Moto,100 - 175 cc,Việt Nam,2.9700000000000024
82.0,37.2,43.67,Honda,Dòng khác,1997,68686,Tay côn/Moto,Trên 175 cc,Nhật Bản,6.469999999999999
11.0,12.64,14.84,Honda,Air Blade,2010,92581,Tay ga,100 - 175 cc,Việt Nam,2.1999999999999993
3.5,9.54,11.2,Honda,Wave,2016,39200,Xe số,100 - 175 cc,Việt Nam,1.6600000000000001
32.0,26.49,31.09,Honda,PCX,2016,32000,Tay ga,100 - 175 cc,Việt Nam,4.600000000000001
41.0,38.82,45.57,Honda,SH,2015,9999,Tay ga,100 - 175 cc,Việt Nam,6.75
22.0,19.29,22.64,Suzuki,Satria,2018,9999,Xe số,100 - 175 cc,Nhật Bản,3.3500000000000014
3.5,13.8,16.21,Honda,Dream,2004,39700,Xe số,100 - 175 cc,Việt Nam,2.41
8.0,14.53,17.05,Suzuki,Dòng khác,1995,20000,Xe số,50 - 100 cc,Nhật Bản,2.5200000000000014
2.5,12.98,15.24,Honda,Future,2015,36100,Xe số,100 - 175 cc,Việt Nam,2.26
3.1,13.8,16.21,Honda,Dream,2004,36700,Xe số,100 - 175 cc,Đài Loan,2.41
15.8,13.96,16.39,Honda,Winner,2016,70000,Tay côn/Moto,100 - 175 cc,Việt Nam,2.4299999999999997
73.0,70.02,82.2,Honda,SH,2021,16000,Tay ga,100 - 175 cc,Đang cập nhật,12.180000000000007
4.8,4.16,4.89,Yamaha,Nouvo,2011,11810,Tay ga,100 - 175 cc,Trung Quốc,0.7299999999999995
30.0,24.5,28.77,Honda,Vision,2021,350000,Tay ga,100 - 175 cc,Việt Nam,4.27
22.0,16.31,19.15,Honda,Winner X,2019,55000,Xe số,100 - 175 cc,Việt Nam,2.84
2.5,13.8,16.21,Honda,Dream,2004,36400,Xe số,100 - 175 cc,Việt Nam,2.41
25.0,15.9,18.67,Honda,Dream,1997,19900,Xe số,50 - 100 cc,Thái Lan,2.7700000000000014
55.5,32.91,38.64,Honda,Click,2020,16789,Tay ga,100 - 175 cc,Thái Lan,5.730000000000004
13.6,9.85,11.56,Honda,Air Blade,2011,45000,Tay ga,100 - 175 cc,Việt Nam,1.7100000000000009
2.99,4.6,5.4,Yamaha,Nouvo,2020,6001,Tay ga,100 - 175 cc,Việt Nam,0.8000000000000007
3.0,3.34,3.92,Yamaha,Nouvo,2019,6089,Tay ga,100 - 175 cc,Việt Nam,0.5800000000000001
19.5,17.87,20.98,Yamaha,Freego,2019,37800,Tay ga,100 - 175 cc,Đang cập nhật,3.1099999999999994
22.000008,20.85,24.48,Honda,Future,2019,28000,Xe số,100 - 175 cc,Việt Nam,3.629999999999999
3.5,17.41,20.44,Honda,Dream,1998,39500,Xe số,100 - 175 cc,Nhật Bản,3.030000000000001
17.5,14.15,16.61,Honda,Future,2000,52000,Xe số,100 - 175 cc,Thái Lan,2.459999999999999
2.9,14.53,17.05,Honda,67,2004,39700,Xe số,Dưới 50 cc,Nhật Bản,2.5200000000000014
30.0,30.27,35.53,Honda,CG125Fi,2021,25000,Tay côn/Moto,100 - 175 cc,Trung Quốc,5.260000000000002
4.5,6.99,8.21,Honda,Wave,2012,26900,Xe số,100 - 175 cc,Việt Nam,1.2200000000000006
70.0,57.96,68.03,Honda,SH,2018,200000,Tay ga,100 - 175 cc,Việt Nam,10.07
2.9,7.02,8.24,Honda,Cub,1981,39700,Xe số,Dưới 50 cc,Nhật Bản,1.2200000000000006
19.0,11.78,13.83,Honda,Future,2012,34000,Xe số,100 - 175 cc,Việt Nam,2.0500000000000007
17.5,33.66,39.52,Honda,Dòng khác,2019,12000,Tay ga,Dưới 50 cc,Nhật Bản,5.8600000000000065
5.5,4.14,4.86,Yamaha,Dòng khác,2006,8,Tay ga,100 - 175 cc,Nước khác,0.7200000000000006
32.0,19.85,23.3,Honda,Sonic,2018,4000,Tay côn/Moto,100 - 175 cc,Đang cập nhật,3.4499999999999993
123.0,74.21,87.11,Honda,SH,2023,0,Tay ga,Trên 175 cc,Việt Nam,12.900000000000006
23.0,13.96,16.39,Honda,Winner,2016,87000,Xe số,100 - 175 cc,Việt Nam,2.4299999999999997
45.0,24.18,28.39,Piaggio,Liberty,2022,13000,Tay ga,100 - 175 cc,Đang cập nhật,4.210000000000001
33.0,79.14,92.9,Honda,CB,2021,55000,Tay côn/Moto,100 - 175 cc,Nước khác,13.760000000000005
85.0,3.76,4.41,Hãng khác,Dòng khác,2000,1000,Tay côn/Moto,100 - 175 cc,Việt Nam,0.6500000000000004
2.5,4.08,4.78,Honda,Dream,2018,39500,Xe số,100 - 175 cc,Việt Nam,0.7000000000000002
8.5,9.86,11.57,Yamaha,Sirius,2020,75000,Xe số,100 - 175 cc,Việt Nam,1.7100000000000009
2.5,10.4,12.2,Honda,Wave,2018,39100,Xe số,100 - 175 cc,Việt Nam,1.799999999999999
15.5,14.65,17.2,Yamaha,Sirius,2024,9000,Xe số,100 - 175 cc,Đang cập nhật,2.549999999999999
150.0,62.14,72.95,Honda,SH,2019,1000,Tay ga,Trên 175 cc,Nước khác,10.810000000000002
18.5,15.19,17.83,Honda,Air Blade,2014,30000,Tay ga,100 - 175 cc,Việt Nam,2.639999999999999
4.0,3.73,4.38,SYM,Attila,2012,51943,Tay ga,100 - 175 cc,Việt Nam,0.6499999999999999
4.9,7.9,9.27,Yamaha,Sirius,2016,39400,Xe số,100 - 175 cc,Việt Nam,1.3699999999999992
11.5,5.41,6.35,Yamaha,Mio,2006,123,Tay ga,100 - 175 cc,Đang cập nhật,0.9399999999999995
26.0,19.81,23.26,Yamaha,Exciter,2019,5900,Tay côn/Moto,100 - 175 cc,Nước khác,3.450000000000003
5.9,4.85,5.69,Piaggio,Fly,2012,65000,Tay ga,100 - 175 cc,Việt Nam,0.8400000000000007
46.8,6.56,7.7,Honda,Dream,2025,86863,Xe số,100 - 175 cc,Nhật Bản,1.1400000000000006
36.0,30.2,35.45,Honda,Vario,2019,32000,Tay ga,100 - 175 cc,Nước khác,5.2500000000000036
21.5,18.56,21.79,Honda,Vision,2018,10000,Tay ga,100 - 175 cc,Việt Nam,3.2300000000000004
2.5,10.4,12.2,Honda,Wave,2018,39700,Xe số,100 - 175 cc,Việt Nam,1.799999999999999
33.5,33.69,39.55,Honda,SH,2007,55555,Tay ga,100 - 175 cc,Đang cập nhật,5.859999999999999
8.5,8.92,10.47,Honda,Cub,1996,99999,Xe số,Dưới 50 cc,Việt Nam,1.5500000000000007
3.0,14.05,16.49,Honda,Dream,2020,10000,Xe số,50 - 100 cc,Việt Nam,2.4399999999999977
36.3,31.97,37.53,Honda,Vario,2020,64000,Tay ga,100 - 175 cc,Đang cập nhật,5.560000000000002
31.0,40.54,47.59,Honda,Vario,2018,70000,Tay ga,100 - 175 cc,Việt Nam,7.050000000000004
12.5,8.51,9.99,Honda,Dylan,2004,50000,Tay ga,100 - 175 cc,Nhật Bản,1.4800000000000004
12.0,9.06,10.64,Honda,Air Blade,2012,40987,Tay ga,100 - 175 cc,Việt Nam,1.58
38.0,14.53,17.05,Piaggio,GT,2010,19000,Tay ga,100 - 175 cc,Nước khác,2.5200000000000014
16.0,9.23,10.84,Honda,Dream,2002,33333,Xe số,100 - 175 cc,Việt Nam,1.6099999999999994
3.7,14.53,17.05,SYM,Enjoy,2009,12345,Tay ga,100 - 175 cc,Đài Loan,2.5200000000000014
76.0,62.14,72.95,Honda,SH,2019,26000,Tay ga,100 - 175 cc,Việt Nam,10.810000000000002
2.9,3.15,3.69,Yamaha,Nouvo,2008,12345,Tay ga,100 - 175 cc,Đài Loan,0.54
128.0,66.96,78.61,Honda,SH,2009,35000,Tay ga,100 - 175 cc,Nhật Bản,11.650000000000006
37.5,29.9,35.1,Honda,Air Blade,2020,27000,Tay ga,100 - 175 cc,Việt Nam,5.200000000000003
14.0,15.97,18.75,Honda,Air Blade,2015,100000,Tay ga,100 - 175 cc,Việt Nam,2.7799999999999994
26.0,14.53,17.05,Honda,Rebel,2012,13000,Xe số,100 - 175 cc,Nhật Bản,2.5200000000000014
17.5,18.56,21.79,Honda,Vision,2018,32000,Tay ga,100 - 175 cc,Nhật Bản,3.2300000000000004
11.0,14.49,17.01,Honda,Winner,2018,15000,Tay côn/Moto,100 - 175 cc,Việt Nam,2.5200000000000014
10.5,10.85,12.74,Suzuki,Raider,2014,55000,Tay côn/Moto,100 - 175 cc,Nhật Bản,1.8900000000000006
2.5,11.43,13.42,Honda,Wave,2020,36900,Xe số,100 - 175 cc,Việt Nam,1.9900000000000002
19.2,15.19,17.83,Honda,Air Blade,2014,10000,Tay ga,100 - 175 cc,Việt Nam,2.639999999999999
12.0,15.9,18.67,Honda,Dream,1997,1000,Xe số,100 - 175 cc,Nhật Bản,2.7700000000000014
3.6,3.73,4.38,SYM,Attila,2012,50000,Tay ga,100 - 175 cc,Đài Loan,0.6499999999999999
9.5,11.08,13.01,Honda,Cub,2019,9000,Xe số,50 - 100 cc,Nhật Bản,1.9299999999999997
10.8,7.87,9.24,Honda,Lead,2012,68686,Tay ga,100 - 175 cc,Việt Nam,1.37
21.0,21.0,24.66,Honda,Air Blade,2017,39,Tay ga,100 - 175 cc,Đang cập nhật,3.66
13.0,11.43,13.42,Honda,Wave,2020,70000,Xe số,100 - 175 cc,Việt Nam,1.9900000000000002
3.3,3.15,3.69,Yamaha,Nouvo,2008,12345,Tay ga,100 - 175 cc,Đài Loan,0.54
4.6,6.41,7.52,Yamaha,Mio,2011,12345,Tay ga,100 - 175 cc,Nhật Bản,1.1099999999999994
11.0,14.32,16.81,Honda,Future,2001,55000,Xe số,100 - 175 cc,Việt Nam,2.4899999999999984
16.5,14.21,16.68,Yamaha,Janus,2019,31000,Tay ga,100 - 175 cc,Việt Nam,2.469999999999999
16.5,14.49,17.01,Honda,Winner,2018,25000,Tay côn/Moto,100 - 175 cc,Nhật Bản,2.5200000000000014
51.9,43.97,51.62,Piaggio,Vespa,2020,19000,Tay ga,100 - 175 cc,Việt Nam,7.649999999999999
7.8,11.85,13.92,Honda,Lead,2013,57567,Tay ga,100 - 175 cc,Việt Nam,2.0700000000000003
2.0,17.63,20.69,Honda,Winner X,2021,500000,Tay côn/Moto,100 - 175 cc,Việt Nam,3.0600000000000023
76.0,57.96,68.03,Honda,SH,2018,52000,Tay ga,100 - 175 cc,Việt Nam,10.07
1.0,6.33,7.43,Yamaha,Nouvo,2018,6000,Tay ga,100 - 175 cc,Việt Nam,1.0999999999999996
3.5,6.48,7.61,Yamaha,Sirius,2010,39700,Xe số,100 - 175 cc,Việt Nam,1.13
13.8,19.71,23.14,Honda,Lead,2017,400000,Tay ga,100 - 175 cc,Việt Nam,3.4299999999999997
21.0,14.53,17.05,Hãng khác,Dòng khác,2014,23000,Tay côn/Moto,100 - 175 cc,Trung Quốc,2.5200000000000014
140.0,95.08,111.62,Honda,SH,2010,11000,Tay ga,100 - 175 cc,Nước khác,16.540000000000006
3.2,2.46,2.89,Yamaha,Nouvo,2005,32543,Tay ga,100 - 175 cc,Đang cập nhật,0.43000000000000016
7.2,6.77,7.94,Honda,Wave,2008,1000,Xe số,50 - 100 cc,Việt Nam,1.1700000000000008
13.0,14.11,16.56,Honda,Dream,1995,56000,Xe số,50 - 100 cc,Thái Lan,2.4499999999999993
29.0,26.21,30.77,Yamaha,PG-1,2024,4500,Xe số,100 - 175 cc,Việt Nam,4.559999999999999
4.2,4.21,4.94,Suzuki,Hayate,2012,75000,Tay ga,100 - 175 cc,Nhật Bản,0.7300000000000004
5.6,5.44,6.38,Yamaha,Mio,2004,12345,Tay ga,50 - 100 cc,Đang cập nhật,0.9399999999999995
7.5,7.57,8.89,Honda,Air Blade,2008,100000,Tay ga,100 - 175 cc,Nước khác,1.3200000000000003
15.0,14.08,16.52,Hãng khác,Candy S,2021,10954,Tay ga,Dưới 50 cc,Đài Loan,2.4399999999999995
33.0,28.14,33.03,Yamaha,TFX,2017,36406,Tay côn/Moto,100 - 175 cc,Đang cập nhật,4.890000000000001
36.0,26.31,30.89,Yamaha,YB125,2019,12000,Tay côn/Moto,100 - 175 cc,Đang cập nhật,4.580000000000002
21.5,18.68,21.93,Honda,PS,2008,20000,Tay ga,100 - 175 cc,Nhật Bản,3.25
20.0,23.92,28.08,Piaggio,GTS,2014,70000,Tay ga,100 - 175 cc,Nước khác,4.159999999999997
30.0,20.16,23.67,Suzuki,Satria,2019,18000,Tay côn/Moto,100 - 175 cc,Nước khác,3.5100000000000016
27.0,11.97,14.05,Hãng khác,Dòng khác,2023,5500,Tay côn/Moto,100 - 175 cc,Việt Nam,2.08
8.9,9.74,11.44,Piaggio,Vespa,2013,28000,Tay ga,100 - 175 cc,Việt Nam,1.6999999999999993
8.5,82.03,96.3,Honda,Dòng khác,1992,99999,Tay ga,Dưới 50 cc,Đang cập nhật,14.269999999999996
40.5,32.36,37.99,Honda,Air Blade,2021,4100,Tay ga,100 - 175 cc,Việt Nam,5.630000000000003
22.5,4.87,5.71,Hãng khác,Dòng khác,1998,70000,Tay côn/Moto,100 - 175 cc,Hàn Quốc,0.8399999999999999
40.0,29.51,34.64,Yamaha,Exciter,2024,15000,Tay côn/Moto,100 - 175 cc,Việt Nam,5.129999999999999
10.0,7.34,8.61,Honda,Lead,2011,25000,Tay ga,50 - 100 cc,Việt Nam,1.2699999999999996
9e-06,74.3,87.23,Honda,SH,2022,4000,Tay ga,100 - 175 cc,Việt Nam,12.930000000000007
10.0,13.32,15.64,Suzuki,Dòng khác,2013,20000,Tay ga,100 - 175 cc,Nhật Bản,2.3200000000000003
3.9,5.12,6.01,Yamaha,Sirius,2002,12345,Xe số,100 - 175 cc,Nhật Bản,0.8899999999999997
14.5,14.19,16.66,Honda,Wave,2023,22320,Xe số,100 - 175 cc,Việt Nam,2.4700000000000006
18.0,20.65,24.24,Honda,Sonic,2019,270000,Tay côn/Moto,100 - 175 cc,Nhật Bản,3.59
7.3,8.81,10.34,Yamaha,Nozza,2013,44,Tay ga,100 - 175 cc,Đang cập nhật,1.5299999999999994
10.8,13.6,15.96,Honda,Air Blade,2013,36,Tay ga,100 - 175 cc,Đang cập nhật,2.360000000000001
16.8,18.07,21.22,Yamaha,FZ,2017,40000,Tay côn/Moto,100 - 175 cc,Nhật Bản,3.1499999999999986
66.0,33.66,39.52,Honda,Dòng khác,2019,11000,Tay ga,100 - 175 cc,Thái Lan,5.8600000000000065
13.5,15.31,17.98,Honda,Lead,2014,123456,Tay ga,100 - 175 cc,Việt Nam,2.67
25.0,23.44,27.52,Honda,Winner X,2022,23000,Tay côn/Moto,100 - 175 cc,Nhật Bản,4.079999999999998
2.9,2.74,3.21,SYM,Attila,2007,31576,Tay ga,100 - 175 cc,Đang cập nhật,0.46999999999999975
55.5,22.33,26.21,Honda,Spacy,2001,34567,Tay ga,100 - 175 cc,Nhật Bản,3.8800000000000026
70.0,62.14,72.95,Honda,SH,2019,36000,Tay ga,100 - 175 cc,Việt Nam,10.810000000000002
27.0,23.51,27.6,Honda,Future,2021,20000,Xe số,100 - 175 cc,Đang cập nhật,4.09
9.5,8.66,10.17,Honda,Air Blade,2009,950000,Tay ga,100 - 175 cc,Việt Nam,1.5099999999999998
97.5,39.17,45.99,Honda,CBR,2022,12000,Tay côn/Moto,Trên 175 cc,Việt Nam,6.82
28.5,22.96,26.96,Hãng khác,Django,2018,11000,Tay ga,100 - 175 cc,Nước khác,4.0
45.6,13.06,15.34,Suzuki,Epicuro,2001,50,Tay ga,100 - 175 cc,Nhật Bản,2.2799999999999994
3.5,14.53,17.05,SYM,Elizabeth,2009,12345,Tay ga,100 - 175 cc,Đài Loan,2.5200000000000014
25.5,24.11,28.3,Honda,Lead,2019,39500,Tay ga,100 - 175 cc,Việt Nam,4.190000000000001
15.0,13.96,16.39,Honda,Winner,2016,30000,Tay côn/Moto,100 - 175 cc,Việt Nam,2.4299999999999997
9.0,8.92,10.47,Honda,Cub,1996,60000,Xe số,Dưới 50 cc,Đang cập nhật,1.5500000000000007
6.0,15.19,17.83,Honda,Air Blade,2014,370000,Tay ga,100 - 175 cc,Việt Nam,2.639999999999999
29.5,24.46,28.71,Honda,Future,2011,35000,Xe số,100 - 175 cc,Việt Nam,4.25
76.0,62.14,72.95,Honda,SH,2019,26000,Tay ga,100 - 175 cc,Việt Nam,10.810000000000002
7.8,7.14,8.38,Hãng khác,Dòng khác,2019,228465,Xe số,Dưới 50 cc,Việt Nam,1.240000000000001
3.0,14.53,17.05,Piaggio,Fly,2007,100000,Tay ga,100 - 175 cc,Việt Nam,2.5200000000000014
3.68,26.94,31.63,Honda,Future,2008,3,Xe số,100 - 175 cc,Hàn Quốc,4.689999999999998
3.5,3.28,3.85,SYM,Elizabeth,2009,32516,Tay ga,100 - 175 cc,Đang cập nhật,0.5700000000000003
3.8,3.5,4.11,Suzuki,Hayate,2011,51,Tay ga,100 - 175 cc,Đang cập nhật,0.6100000000000003
4.4,18.33,21.52,Yamaha,Mio,2021,12345,Tay ga,100 - 175 cc,Nhật Bản,3.1900000000000013
2.5,11.43,13.42,Honda,Wave,2020,34900,Xe số,100 - 175 cc,Việt Nam,1.9900000000000002
11.0,7.37,8.65,Honda,Wave,2013,40000,Xe số,100 - 175 cc,Đang cập nhật,1.2800000000000002
15.0,15.97,18.75,Honda,Air Blade,2015,26000,Tay ga,100 - 175 cc,Đang cập nhật,2.7799999999999994
6.5,5.29,6.21,Yamaha,Luvias,2010,70000,Tay ga,100 - 175 cc,Việt Nam,0.9199999999999999
25.0,6.63,7.78,Honda,Dream,2009,30000,Xe số,100 - 175 cc,Việt Nam,1.1500000000000004
18.5,15.3,17.96,SYM,Husky,2018,29000,Tay côn/Moto,100 - 175 cc,Đài Loan,2.66
12.0,13.84,16.25,Yamaha,Janus,2018,55000,Tay ga,100 - 175 cc,Việt Nam,2.41
50.0,72.29,84.86,Hãng khác,Ninja,2018,40000,Tay côn/Moto,Trên 175 cc,Nước khác,12.569999999999993
37.0,36.61,42.98,Piaggio,Vespa,2018,30000,Tay ga,100 - 175 cc,Việt Nam,6.369999999999997
18.0,19.81,23.26,Yamaha,Exciter,2019,43000,Tay côn/Moto,100 - 175 cc,Đang cập nhật,3.450000000000003
9.0,7.21,8.46,Honda,Wave,2007,20000,Xe số,100 - 175 cc,Việt Nam,1.2500000000000009
5.6,14.53,17.05,Honda,Spacy,2016,34706,Tay ga,100 - 175 cc,Nhật Bản,2.5200000000000014
13.0,13.84,16.25,Yamaha,Janus,2018,50000,Tay ga,100 - 175 cc,Việt Nam,2.41
3.9,6.78,7.96,Honda,Wave,2009,32700,Xe số,100 - 175 cc,Việt Nam,1.1799999999999997
14.0,13.84,16.25,Yamaha,Janus,2018,24000,Tay ga,100 - 175 cc,Nhật Bản,2.41
29.5,24.46,28.71,Honda,Future,2011,78000,Xe số,100 - 175 cc,Việt Nam,4.25
1.4,13.65,16.02,Yamaha,Grande,2015,42000,Tay ga,100 - 175 cc,Việt Nam,2.369999999999999
3.5,6.78,7.96,Honda,Wave,2009,1,Xe số,100 - 175 cc,Hàn Quốc,1.1799999999999997
15.5,14.65,17.2,Yamaha,Sirius,2024,9000,Xe số,100 - 175 cc,Việt Nam,2.549999999999999
55.0,54.28,63.72,Hãng khác,Bullet 500,2018,18000,Tay côn/Moto,Trên 175 cc,Nước khác,9.439999999999998
32.0,29.9,35.1,Honda,Air Blade,2020,13000,Tay ga,100 - 175 cc,Việt Nam,5.200000000000003
48.8,36.61,42.98,Piaggio,Vespa,2018,2222,Tay ga,100 - 175 cc,Nước khác,6.369999999999997
38.0,36.71,43.1,Honda,Air Blade,2023,25000,Tay ga,100 - 175 cc,Việt Nam,6.390000000000001
6.868,7.57,8.89,Honda,Air Blade,2008,6868,Tay ga,100 - 175 cc,Nhật Bản,1.3200000000000003
15.5,14.32,16.81,Honda,Future,2001,50000,Xe số,100 - 175 cc,Thái Lan,2.4899999999999984
9.0,14.53,17.05,Hãng khác,VS125,1998,30000,Tay côn/Moto,100 - 175 cc,Đang cập nhật,2.5200000000000014
4.0,6.78,7.96,Honda,Wave,2009,2222,Xe số,100 - 175 cc,Trung Quốc,1.1799999999999997
20.0,13.65,16.03,Honda,Wave,2021,10000,Xe số,100 - 175 cc,Đang cập nhật,2.380000000000001
29.0,39.43,46.29,Honda,CD,trước năm 1980,9999,Tay côn/Moto,100 - 175 cc,Nhật Bản,6.859999999999999
27.25,17.700000000000003,20.23,Piaggio,Vespa,2014,2500,Tay ga,100 - 175 cc,Việt Nam,2.5299999999999976
9.0,6.13,7.2,Yamaha,Sirius,2008,100000,Xe số,100 - 175 cc,Việt Nam,1.0700000000000003
15.0,14.19,16.66,Honda,Wave,2023,19000,Xe số,100 - 175 cc,Việt Nam,2.4700000000000006
6.5,3.35,3.93,Hãng khác,Dòng khác,2009,658099,Xe số,100 - 175 cc,Trung Quốc,0.5800000000000001
2.8,3.51,4.12,Hãng khác,Dòng khác,2002,1500,Xe số,50 - 100 cc,Trung Quốc,0.6100000000000003
28.0,26.21,30.77,Yamaha,PG-1,2024,1000,Xe số,100 - 175 cc,Việt Nam,4.559999999999999
2.5,18.04,21.18,Honda,Dream,2012,36200,Xe số,100 - 175 cc,Việt Nam,3.1400000000000006
3.3,8.65,10.15,Honda,Wave,2015,32000,Xe số,Dưới 50 cc,Đài Loan,1.5
25.0,14.53,17.05,Honda,PS,2018,30000,Tay ga,100 - 175 cc,Nhật Bản,2.5200000000000014
14.0,14.95,17.54,Yamaha,Exciter,2016,65000,Tay côn/Moto,100 - 175 cc,Việt Nam,2.59
5.0,9.54,11.2,Honda,Wave,2016,99999,Xe số,100 - 175 cc,Hàn Quốc,1.6600000000000001
25.5,24.1,28.29,Honda,Air Blade,2019,38000,Tay ga,100 - 175 cc,Đang cập nhật,4.189999999999998
20.0,3.68,4.32,Hãng khác,Dòng khác,2010,90000,Tay ga,100 - 175 cc,Thái Lan,0.6400000000000001
5.3,6.13,7.2,Yamaha,Nouvo,2013,30,Tay ga,100 - 175 cc,Nhật Bản,1.0700000000000003
30.5,13.8,16.2,Honda,@,2022,32000,Tay ga,100 - 175 cc,Đang cập nhật,2.3999999999999986
26.5,20.16,23.67,Suzuki,Satria,2019,58000,Tay côn/Moto,100 - 175 cc,Đang cập nhật,3.5100000000000016
12.0,9.06,10.64,Honda,Air Blade,2012,63500,Tay ga,100 - 175 cc,Việt Nam,1.58
17.0,14.31,16.8,Honda,Wave,2022,68519,Xe số,100 - 175 cc,Nhật Bản,2.49
3.3,6.78,7.96,Honda,Wave,2009,20000,Xe số,100 - 175 cc,Đang cập nhật,1.1799999999999997
26.5,26.5,31.11,Honda,Future,2023,22438,Xe số,100 - 175 cc,Nhật Bản,4.609999999999999
2.5,14.53,17.05,SYM,Sanda Boss,2012,37900,Xe số,100 - 175 cc,Việt Nam,2.5200000000000014
115.0,10.66,12.52,Honda,Dòng khác,2010,35000,Xe số,Trên 175 cc,Đang cập nhật,1.8599999999999994
5.0,9.54,11.2,Honda,Wave,2016,99999,Xe số,100 - 175 cc,Hàn Quốc,1.6600000000000001
3.0,29.9,35.1,Honda,Air Blade,2020,1000,Tay ga,50 - 100 cc,Việt Nam,5.200000000000003
12.5,14.31,16.8,Honda,Wave,2022,35000,Xe số,100 - 175 cc,Việt Nam,2.49
48.0,47.95,56.28,Honda,SH Mode,2021,29000,Tay ga,100 - 175 cc,Việt Nam,8.329999999999998
26.99,17.08,20.05,Honda,Winner X,2020,21000,Tay côn/Moto,100 - 175 cc,Nhật Bản,2.9700000000000024
120.0,12.05,14.15,Hãng khác,Dòng khác,2024,100000,Tay côn/Moto,Trên 175 cc,Nước khác,2.0999999999999996
16.5,17.08,20.05,Honda,Winner X,2020,42000,Tay côn/Moto,100 - 175 cc,Nhật Bản,2.9700000000000024
3.9,6.41,7.52,Yamaha,Mio,2011,100000,Tay ga,100 - 175 cc,Việt Nam,1.1099999999999994
23.5,12.64,14.84,Honda,Air Blade,2010,30000,Tay ga,100 - 175 cc,Thái Lan,2.1999999999999993
3.6,3.41,4.0,SYM,Elizabeth,2008,12345,Tay ga,100 - 175 cc,Đài Loan,0.5899999999999999
5.7,5.28,6.2,Piaggio,Vespa,2010,9000,Tay ga,100 - 175 cc,Việt Nam,0.9199999999999999
4.2,14.53,17.05,SYM,Enjoy,2009,21385,Tay ga,100 - 175 cc,Đang cập nhật,2.5200000000000014
27.999999,26.85,31.52,Yamaha,Dòng khác,2019,40000,Tay côn/Moto,100 - 175 cc,Việt Nam,4.669999999999998
23.0,20.85,24.48,Honda,Future,2019,270000,Xe số,100 - 175 cc,Nhật Bản,3.629999999999999
5.8,3.59,4.21,Hãng khác,Dòng khác,2014,27085,Xe số,Dưới 50 cc,Hàn Quốc,0.6200000000000001
8.0,7.06,8.28,Honda,Air Blade,2007,10000,Tay ga,100 - 175 cc,Việt Nam,1.2199999999999998
43.5,38.91,45.67,Honda,SH Mode,2019,46000,Tay ga,100 - 175 cc,Việt Nam,6.760000000000005
2.3,13.8,16.21,Honda,Dream,2004,36400,Xe số,100 - 175 cc,Việt Nam,2.41
22.5,18.73,21.98,Yamaha,Freego,2020,11000,Tay ga,100 - 175 cc,Việt Nam,3.25
16.0,15.95,18.72,Honda,Wave,2024,20000,Xe số,100 - 175 cc,Việt Nam,2.7699999999999996
35.0,28.44,33.39,Yamaha,Exciter,2022,1670,Xe số,100 - 175 cc,Việt Nam,4.949999999999999
20.5,17.47,20.51,Honda,Vision,2017,7000,Tay ga,50 - 100 cc,Việt Nam,3.0400000000000027
16.0,15.97,18.75,Honda,Air Blade,2015,400000,Tay ga,100 - 175 cc,Việt Nam,2.7799999999999994
79.0,62.14,72.95,Honda,SH,2019,18000,Tay ga,100 - 175 cc,Việt Nam,10.810000000000002
17.0,10.11,11.86,Yamaha,Dòng khác,2013,40000,Tay ga,100 - 175 cc,Đài Loan,1.75
6.0,5.12,6.01,Yamaha,Jupiter,2003,20000,Xe số,100 - 175 cc,Nhật Bản,0.8899999999999997
4.5,19.24,22.59,Honda,Spacy,2003,0,Tay ga,50 - 100 cc,Nhật Bản,3.3500000000000014
4.5,5.67,6.66,Hãng khác,Espero,2016,400000,Tay côn/Moto,100 - 175 cc,Trung Quốc,0.9900000000000002
2.3,9.54,11.2,Honda,Wave,2016,32800,Xe số,100 - 175 cc,Việt Nam,1.6600000000000001
23.0,20.85,24.48,Honda,Future,2019,27000,Xe số,100 - 175 cc,Nhật Bản,3.629999999999999
2.9,4.42,5.18,SYM,Enjoy,2008,24358,Tay ga,100 - 175 cc,Đang cập nhật,0.7599999999999998
28.5,22.28,26.15,Hãng khác,Django,2017,11000,Tay ga,100 - 175 cc,Nước khác,3.8699999999999974
2.5,11.43,13.42,Honda,Wave,2020,36700,Xe số,100 - 175 cc,Việt Nam,1.9900000000000002
60.0,35.85,42.08,Honda,Vario,2024,10000,Tay ga,100 - 175 cc,Việt Nam,6.229999999999997
4.9,9.06,10.64,Honda,Air Blade,2012,20000,Tay ga,100 - 175 cc,Việt Nam,1.58
42.0,36.06,42.33,Honda,Vario,2023,15800,Tay ga,100 - 175 cc,Nhật Bản,6.269999999999996
65.0,74.21,87.11,Honda,SH,2023,55625,Tay ga,100 - 175 cc,Việt Nam,12.900000000000006
13.5,11.69,13.72,Honda,Wave,2019,30000,Xe số,100 - 175 cc,Việt Nam,2.030000000000001
15.0,15.95,18.72,Honda,Wave,2024,12345,Xe số,100 - 175 cc,Nhật Bản,2.7699999999999996
5.0,7.36,8.64,Hãng khác,Dòng khác,2017,95000,Tay ga,Dưới 50 cc,Đài Loan,1.2800000000000002
4.5,7.94,9.32,Yamaha,Luvias,2014,30000,Tay ga,100 - 175 cc,Đang cập nhật,1.38
45.8,44.59,52.35,Honda,SH,2016,37000,Tay ga,100 - 175 cc,Việt Nam,7.759999999999998
2.7,8.08,9.48,Honda,Dream,2008,70000,Xe số,50 - 100 cc,Việt Nam,1.4000000000000004
12.0,12.27,14.4,Honda,Vision,2014,34268,Tay ga,100 - 175 cc,Đang cập nhật,2.130000000000001
9.8,9.95,11.68,Honda,Wave,2002,123456,Xe số,50 - 100 cc,Nhật Bản,1.7300000000000004
11.5,10.56,12.4,Honda,Vision,2012,50000,Tay ga,100 - 175 cc,Việt Nam,1.8399999999999999
25.0,26.22,30.78,Hãng khác,Legend Gentleman 200,2018,30000,Tay côn/Moto,Trên 175 cc,Thái Lan,4.560000000000002
4.7,4.1,4.81,SYM,Elizabeth,2011,12345,Tay ga,100 - 175 cc,Đang cập nhật,0.71
1.9,10.4,12.2,Honda,Wave,2018,39400,Xe số,100 - 175 cc,Việt Nam,1.799999999999999
2.6,10.24,12.02,Honda,Wave,2005,100000,Xe số,100 - 175 cc,Trung Quốc,1.7799999999999994
23.0,22.72,26.68,Honda,Future,2020,20000,Xe số,100 - 175 cc,Việt Nam,3.960000000000001
12.8,6.63,7.79,Hãng khác,Espero,2020,7500,Xe số,Dưới 50 cc,Đang cập nhật,1.1600000000000001
12.5,47.37,55.61,Honda,Dòng khác,2021,9456,Tay ga,Dưới 50 cc,Việt Nam,8.240000000000002
6.5,11.97,14.06,Honda,67,trước năm 1980,11111,Tay côn/Moto,50 - 100 cc,Đang cập nhật,2.09
7.0,5.28,6.2,Yamaha,Sirius,2004,551926,Xe số,100 - 175 cc,Nhật Bản,0.9199999999999999
45.0,55.9,65.62,Honda,SH,2017,60000,Tay ga,100 - 175 cc,Việt Nam,9.720000000000006
22.0,6.25,7.33,Honda,Dylan,2002,5000,Tay ga,100 - 175 cc,Nước khác,1.08
2.0,2.91,3.42,SYM,Attila,2008,720000,Tay ga,100 - 175 cc,Đang cập nhật,0.5099999999999998
5.5,5.27,6.19,Piaggio,LX,2009,15000,Tay ga,100 - 175 cc,Việt Nam,0.9200000000000008
10.5,5.94,6.97,Honda,Wave,2010,10000,Xe số,50 - 100 cc,Việt Nam,1.0299999999999994
48.0,40.54,47.59,Honda,Vario,2018,71,Tay ga,100 - 175 cc,Nước khác,7.050000000000004
31.0,30.2,35.45,Honda,Vario,2019,55000,Tay ga,100 - 175 cc,Nước khác,5.2500000000000036
44.0,44.59,52.35,Honda,SH,2016,25000,Tay ga,100 - 175 cc,Việt Nam,7.759999999999998
33.0,22.33,26.21,Honda,Spacy,2001,43000,Tay ga,100 - 175 cc,Nhật Bản,3.8800000000000026
36.3,36.71,43.1,Honda,Air Blade,2023,15900,Tay ga,100 - 175 cc,Việt Nam,6.390000000000001
32.5,55.9,65.62,Honda,SH,2017,10000,Tay ga,100 - 175 cc,Việt Nam,9.720000000000006
3.2,6.44,7.56,SYM,Dòng khác,2015,100000,Xe số,100 - 175 cc,Đài Loan,1.1199999999999992
76.0,62.14,72.95,Honda,SH,2019,256000,Tay ga,100 - 175 cc,Việt Nam,10.810000000000002
25.0,15.17,17.81,Yamaha,Exciter,2015,50577,Tay côn/Moto,100 - 175 cc,Việt Nam,2.639999999999999
10.5,13.07,15.34,Yamaha,Janus,2017,10000,Tay ga,100 - 175 cc,Việt Nam,2.2699999999999996
58.5,11.43,13.42,Honda,Wave,2020,14000,Xe số,100 - 175 cc,Thái Lan,1.9900000000000002
7.9,6.64,7.79,Honda,Lead,2010,45678,Tay ga,100 - 175 cc,Nhật Bản,1.1500000000000004
8.0,7.97,9.36,Honda,Wave,2014,32000,Xe số,100 - 175 cc,Việt Nam,1.3899999999999997
14.2,6.78,7.96,Honda,Wave,2009,0,Xe số,100 - 175 cc,Nhật Bản,1.1799999999999997
25.0,16.72,19.63,Honda,MSX 125,2017,30000,Tay côn/Moto,100 - 175 cc,Thái Lan,2.91
11.0,10.9,12.8,Honda,Vision,2013,67000,Tay ga,100 - 175 cc,Đang cập nhật,1.9000000000000004
35.0,51.28,60.19,Honda,Vario,2017,35000,Tay ga,100 - 175 cc,Việt Nam,8.909999999999997
22.222222,9.16,10.76,Honda,Dòng khác,2000,100000,Tay ga,Dưới 50 cc,Nhật Bản,1.5999999999999996
4.5,14.53,17.05,Honda,Monkey,1982,12345,Tay ga,Dưới 50 cc,Nhật Bản,2.5200000000000014
46.0,8.92,10.47,Honda,Cub,1996,0,Xe số,Dưới 50 cc,Nhật Bản,1.5500000000000007
3.8,14.53,17.05,SYM,Enjoy,2009,24375,Tay ga,100 - 175 cc,Đang cập nhật,2.5200000000000014
33.0,19.75,23.19,Honda,Spacy,2000,45247,Tay ga,100 - 175 cc,Đang cập nhật,3.4400000000000013
82.0,38.39,45.07,Honda,Dòng khác,2024,8000,Tay ga,100 - 175 cc,Việt Nam,6.68
27.0,31.97,37.53,Honda,Vario,2020,30,Tay ga,100 - 175 cc,Nước khác,5.560000000000002
9.5,10.4,12.2,Honda,Wave,2018,15000,Xe số,100 - 175 cc,Đang cập nhật,1.799999999999999
15.0,6.74,7.92,Hãng khác,Dòng khác,1995,20000,Xe số,100 - 175 cc,Hàn Quốc,1.1799999999999997
66.0,53.71,63.05,Honda,SH Mode,2024,120,Tay ga,100 - 175 cc,Việt Nam,9.339999999999996
17.5,16.31,19.15,Honda,Winner X,2019,30000,Tay côn/Moto,100 - 175 cc,Đang cập nhật,2.84
2.3,3.41,4.0,SYM,Elizabeth,2008,18426,Tay ga,100 - 175 cc,Đang cập nhật,0.5899999999999999
30.0,26.26,30.82,Honda,Vision,2022,27793,Tay ga,100 - 175 cc,Việt Nam,4.559999999999999
4.3,11.08,13.01,Honda,Cub,2019,100000,Xe số,Không biết rõ,Nước khác,1.9299999999999997
3.2,3.11,3.65,SYM,Attila,2010,38000,Tay ga,100 - 175 cc,Việt Nam,0.54
7.8,8.97,10.53,Yamaha,Nozza,2015,36,Tay ga,100 - 175 cc,Đang cập nhật,1.5599999999999987
4.6,6.41,7.52,Yamaha,Mio,2011,39,Tay ga,100 - 175 cc,Đang cập nhật,1.1099999999999994
7.0,5.04,5.92,Yamaha,Nouvo,2012,70000,Tay ga,100 - 175 cc,Nhật Bản,0.8799999999999999
17.999999,13.97,16.4,Honda,Dream,1996,8888,Xe số,50 - 100 cc,Thái Lan,2.429999999999998
47.0,44.59,52.35,Honda,SH,2016,30000,Tay ga,100 - 175 cc,Việt Nam,7.759999999999998
17.5,11.48,13.48,SYM,Wolf,2011,100,Tay côn/Moto,100 - 175 cc,Đang cập nhật,2.0
16.8,8.01,9.41,Honda,Dylan,2005,30000,Tay ga,100 - 175 cc,Việt Nam,1.4000000000000004
2.5,10.4,12.2,Honda,Wave,2018,32800,Xe số,100 - 175 cc,Việt Nam,1.799999999999999
122.8,74.3,87.23,Honda,SH,2022,9000,Tay ga,Trên 175 cc,Đang cập nhật,12.930000000000007
23.0,6.08,7.14,Yamaha,Mio,2020,30000,Tay ga,100 - 175 cc,Việt Nam,1.0599999999999996
7.8,8.39,9.84,Piaggio,Vespa,2012,430000,Tay ga,100 - 175 cc,Nhật Bản,1.4499999999999993
26.0,11.08,13.01,Honda,Click,2012,75000,Tay ga,100 - 175 cc,Thái Lan,1.9299999999999997
39.0,36.06,42.33,Honda,Vario,2023,10000,Tay ga,100 - 175 cc,Nước khác,6.269999999999996
10.5,7.65,8.98,Honda,Click,2011,36,Tay ga,100 - 175 cc,Đang cập nhật,1.33
1.9,10.24,12.02,Honda,Wave,2005,70000,Xe số,50 - 100 cc,Việt Nam,1.7799999999999994
20.5,20.04,23.53,Honda,Air Blade,2016,40000,Tay ga,100 - 175 cc,Đang cập nhật,3.490000000000002
7.0,6.37,7.48,Yamaha,Sirius,2011,3000,Xe số,50 - 100 cc,Trung Quốc,1.1100000000000003
25.0,24.52,28.78,Honda,Spacy,2005,700000,Tay ga,100 - 175 cc,Nhật Bản,4.260000000000002
6.5,15.39,18.06,Honda,Lead,2015,170000,Tay ga,100 - 175 cc,Việt Nam,2.669999999999998
1.4,13.32,15.64,Suzuki,Dòng khác,2013,1210,Tay ga,50 - 100 cc,Hàn Quốc,2.3200000000000003
10.5,9.06,10.64,Honda,Air Blade,2012,32000,Tay ga,100 - 175 cc,Việt Nam,1.58
12.0,10.05,11.8,Hãng khác,Dòng khác,2022,900,Xe số,50 - 100 cc,Việt Nam,1.75
20.0,13.96,16.39,Honda,Winner,2016,25984,Tay côn/Moto,100 - 175 cc,Việt Nam,2.4299999999999997
142.0,95.08,111.62,Honda,SH,2010,13000,Tay ga,100 - 175 cc,Nước khác,16.540000000000006
7.0,7.34,8.61,Honda,Lead,2011,66666,Tay ga,100 - 175 cc,Việt Nam,1.2699999999999996
11.0,7.62,8.94,Yamaha,Nouvo,2015,54120,Tay ga,100 - 175 cc,Việt Nam,1.3199999999999994
120.0,75.95,89.16,Honda,SH,2024,20000,Tay ga,Trên 175 cc,Đang cập nhật,13.209999999999994
18.6,10.49,12.32,Honda,Dòng khác,2012,30000,Tay côn/Moto,100 - 175 cc,Đang cập nhật,1.83
86.0,44.64,52.4,Honda,SH,2006,35000,Tay ga,100 - 175 cc,Nước khác,7.759999999999998
18.0,19.6,23.0,Yamaha,Nvx,2017,61000,Tay ga,100 - 175 cc,Việt Nam,3.3999999999999986
320.0,191.31,224.58,Hãng khác,Triumph Bonneville T100,2020,15000,Tay côn/Moto,Trên 175 cc,Đang cập nhật,33.27000000000001
45.0,14.53,17.05,Honda,67,2012,12345,Tay côn/Moto,Dưới 50 cc,Nhật Bản,2.5200000000000014
10.0,11.85,13.92,Honda,Lead,2013,10000,Tay ga,100 - 175 cc,Đang cập nhật,2.0700000000000003
9.8,9.02,10.58,Hãng khác,VS125,1996,686868,Tay côn/Moto,100 - 175 cc,Hàn Quốc,1.5600000000000005
55.0,49.59,58.22,Honda,SH Mode,2022,18000,Tay ga,100 - 175 cc,Việt Nam,8.629999999999995
101.0,75.95,89.16,Honda,SH,2024,21800,Tay ga,Trên 175 cc,Việt Nam,13.209999999999994
12.4,8.35,9.8,Yamaha,Nouvo,2016,45000,Tay ga,50 - 100 cc,Việt Nam,1.450000000000001
63.0,40.73,47.82,Honda,SH,2008,50000,Tay ga,100 - 175 cc,Nước khác,7.090000000000003
30.0,17.23,20.23,Piaggio,Vespa,2014,48000,Tay ga,100 - 175 cc,Đang cập nhật,3.0
8.0,6.09,7.15,Yamaha,Luvias,2011,45678,Tay ga,100 - 175 cc,Nhật Bản,1.0600000000000005
15.5,13.6,15.96,Honda,Air Blade,2013,92000,Tay ga,100 - 175 cc,Việt Nam,2.360000000000001
15.5,13.61,15.98,Yamaha,Exciter,2014,5000,Tay côn/Moto,100 - 175 cc,Việt Nam,2.370000000000001
25.0,26.49,31.09,Honda,PCX,2016,81000,Tay ga,100 - 175 cc,Đang cập nhật,4.600000000000001
14.5,15.97,18.75,Honda,Air Blade,2015,45,Tay ga,50 - 100 cc,Việt Nam,2.7799999999999994
19.5,20.06,23.54,Suzuki,Dòng khác,2019,120000,Tay côn/Moto,Dưới 50 cc,Nhật Bản,3.4800000000000004
8.2,7.22,8.48,Honda,Click,2009,100000,Tay ga,100 - 175 cc,Việt Nam,1.2600000000000007
350.0,308.2,361.8,Hãng khác,48,2022,7000,Xe số,Trên 175 cc,Nước khác,53.60000000000002
9.0,9.06,10.64,Honda,Air Blade,2012,12345,Tay ga,100 - 175 cc,Việt Nam,1.58
73.0,111.75,131.19,Honda,SH,2011,35000,Tay ga,100 - 175 cc,Việt Nam,19.439999999999998
10.0,9.06,10.64,Honda,Air Blade,2012,16000,Tay ga,100 - 175 cc,Đang cập nhật,1.58
3.3,3.5,4.11,Suzuki,Hayate,2011,78752,Tay ga,100 - 175 cc,Nhật Bản,0.6100000000000003
31.3,26.26,30.82,Honda,Vision,2022,3000,Tay ga,100 - 175 cc,Việt Nam,4.559999999999999
4.5,10.24,12.02,Honda,Wave,2005,999999,Xe số,Dưới 50 cc,Trung Quốc,1.7799999999999994
26.0,22.73,26.69,Honda,Wave,1999,0,Xe số,100 - 175 cc,Thái Lan,3.960000000000001
12.7,10.56,12.4,Honda,Vision,2012,15000,Tay ga,100 - 175 cc,Thái Lan,1.8399999999999999
75.0,111.75,131.19,Honda,SH,2011,9000,Tay ga,100 - 175 cc,Nước khác,19.439999999999998
22.5,40.54,47.59,Honda,Vario,2018,58000,Tay ga,100 - 175 cc,Đang cập nhật,7.050000000000004
9.0,6.64,7.79,Honda,Lead,2010,15000,Tay ga,100 - 175 cc,Việt Nam,1.1500000000000004
8.0,11.68,13.72,Hãng khác,Candy Hi,2019,40000,Tay ga,50 - 100 cc,Đang cập nhật,2.040000000000001
59.0,14.97,17.58,Honda,67,2020,12345,Tay côn/Moto,Dưới 50 cc,Nhật Bản,2.6099999999999977
70.0,62.14,72.95,Honda,SH,2019,190000,Tay ga,100 - 175 cc,Việt Nam,10.810000000000002
11.0,13.07,15.34,Yamaha,Janus,2017,40,Tay ga,100 - 175 cc,Đang cập nhật,2.2699999999999996
6.0,6.3,7.39,Yamaha,Sirius,2009,45000,Xe số,100 - 175 cc,Nhật Bản,1.0899999999999999
16.0,13.66,16.04,Yamaha,Exciter,2012,22,Tay côn/Moto,100 - 175 cc,Đang cập nhật,2.379999999999999
8.5,15.43,18.12,Honda,Dream,1999,35000,Xe số,50 - 100 cc,Việt Nam,2.6900000000000013
27.9,24.85,29.17,Honda,Winner X,2023,2000,Tay côn/Moto,100 - 175 cc,Việt Nam,4.32
14.8,14.32,16.81,Honda,Future,2001,15000,Xe số,100 - 175 cc,Thái Lan,2.4899999999999984
3.5,2.91,3.42,SYM,Attila,2008,10000,Tay ga,100 - 175 cc,Việt Nam,0.5099999999999998
23.0,24.1,28.29,Honda,Air Blade,2019,46000,Tay ga,100 - 175 cc,Đang cập nhật,4.189999999999998
6.0,6.16,7.23,Hãng khác,Dòng khác,2012,44000,Tay ga,100 - 175 cc,Nước khác,1.0700000000000003
17.0,14.49,17.01,Honda,Winner,2018,53000,Xe số,100 - 175 cc,Việt Nam,2.5200000000000014
10.8,7.97,9.36,Honda,Wave,2014,12345,Xe số,100 - 175 cc,Đang cập nhật,1.3899999999999997
27.5,24.5,28.77,Honda,Vision,2021,24000,Tay ga,100 - 175 cc,Việt Nam,4.27
10.5,13.61,15.98,Yamaha,Exciter,2014,9000,Tay côn/Moto,100 - 175 cc,Việt Nam,2.370000000000001
18.0,15.73,18.46,Yamaha,Exciter,2017,50,Tay côn/Moto,100 - 175 cc,Việt Nam,2.7300000000000004
30.0,19.17,22.5,Honda,Click,2013,4600,Tay ga,100 - 175 cc,Thái Lan,3.3299999999999983
143.0,95.08,111.62,Honda,SH,2010,18999,Tay ga,100 - 175 cc,Nước khác,16.540000000000006
4.6,14.53,17.05,Hãng khác,Candy S,2008,2000,Tay ga,100 - 175 cc,Thái Lan,2.5200000000000014
49.0,6.02,7.06,Yamaha,Sirius,2007,50000,Xe số,100 - 175 cc,Đang cập nhật,1.04
37.0,26.16,30.71,Yamaha,Exciter,2021,19000,Tay côn/Moto,100 - 175 cc,Đang cập nhật,4.550000000000001
11.5,10.4,12.2,Honda,Wave,2018,32000,Xe số,100 - 175 cc,Nước khác,1.799999999999999
7.0,5.23,6.14,Yamaha,Nouvo,2014,0,Tay ga,100 - 175 cc,Đang cập nhật,0.9099999999999993
80.0,57.96,68.03,Honda,SH,2018,7000,Xe số,100 - 175 cc,Việt Nam,10.07
57.5,57.07,67.0,Yamaha,XSR,2022,10000,Tay côn/Moto,100 - 175 cc,Việt Nam,9.93
14.8,15.73,18.46,Yamaha,Exciter,2017,45,Tay côn/Moto,100 - 175 cc,Việt Nam,2.7300000000000004
8.2,6.99,8.21,Honda,Wave,2012,15000,Xe số,100 - 175 cc,Thái Lan,1.2200000000000006
16.0,14.53,17.05,Suzuki,Epicuro,2002,50000,Tay ga,100 - 175 cc,Nhật Bản,2.5200000000000014
20.0,17.08,20.05,Honda,Winner X,2020,21000,Tay côn/Moto,100 - 175 cc,Việt Nam,2.9700000000000024
17.5,13.07,15.34,Yamaha,Janus,2017,17000,Tay ga,100 - 175 cc,Việt Nam,2.2699999999999996
55.0,14.53,17.05,Honda,67,2022,12345,Tay côn/Moto,Dưới 50 cc,Đang cập nhật,2.5200000000000014
94.0,86.48,101.52,Honda,Rebel,1998,72000,Tay côn/Moto,Trên 175 cc,Nhật Bản,15.039999999999992
21.5,20.8,24.42,Honda,Vision,2019,12000,Tay ga,100 - 175 cc,Việt Nam,3.620000000000001
35.0,24.18,28.39,Honda,SH,2005,20000,Tay ga,100 - 175 cc,Đang cập nhật,4.210000000000001
14.0,9.16,10.76,Honda,Dòng khác,2000,686868,Tay ga,50 - 100 cc,Nhật Bản,1.5999999999999996
25.0,15.33,17.99,Honda,Spacy,1997,13000,Tay ga,100 - 175 cc,Nhật Bản,2.6599999999999984
33.0,24.18,28.39,Honda,SH,2005,2000,Tay ga,100 - 175 cc,Đang cập nhật,4.210000000000001
3.3,3.11,3.65,SYM,Attila,2010,36000,Tay ga,100 - 175 cc,Đài Loan,0.54
31.5,30.2,35.45,Honda,Vario,2019,50000,Tay ga,100 - 175 cc,Việt Nam,5.2500000000000036
45.0,41.4,48.6,Honda,67,2019,12345,Tay côn/Moto,Dưới 50 cc,Nhật Bản,7.200000000000003
9.0,6.93,8.14,Yamaha,Sirius,2015,78576,Xe số,100 - 175 cc,Nhật Bản,1.2100000000000009
330.0,303.6,356.4,Honda,CB,2006,5000,Tay côn/Moto,Trên 175 cc,Nhật Bản,52.799999999999955
16.0,13.75,16.14,Honda,Winner,2017,100000,Tay côn/Moto,100 - 175 cc,Việt Nam,2.3900000000000006
26.0,19.62,23.03,Yamaha,Nvx,2018,26000,Tay ga,100 - 175 cc,Nhật Bản,3.41
29.0,9.94,11.67,Honda,Dòng khác,trước năm 1980,10000,Tay ga,Dưới 50 cc,Đang cập nhật,1.7300000000000004
42.5,14.53,17.05,Hãng khác,Duke 200,2019,20000,Tay côn/Moto,Trên 175 cc,Nước khác,2.5200000000000014
8.0,6.22,7.3,Yamaha,Jupiter,2004,76102,Xe số,100 - 175 cc,Việt Nam,1.08
6.5,5.42,6.37,SYM,Elegant,2011,3000,Xe số,100 - 175 cc,Đang cập nhật,0.9500000000000002
18.0,15.95,18.72,Honda,Wave,2024,237,Xe số,Dưới 50 cc,Nhật Bản,2.7699999999999996
27.0,22.84,26.81,Yamaha,Grande,2019,47000,Tay ga,100 - 175 cc,Đang cập nhật,3.969999999999999
25.0,33.69,39.55,Honda,SH,2007,0,Tay ga,100 - 175 cc,Đang cập nhật,5.859999999999999
46.5,38.82,45.57,Honda,SH,2015,48000,Tay ga,100 - 175 cc,Việt Nam,6.75
46.0,41.72,48.97,Yamaha,Exciter,2008,5000,Xe số,100 - 175 cc,Thái Lan,7.25
74.0,75.95,89.16,Honda,SH,2024,1000,Tay ga,100 - 175 cc,Nhật Bản,13.209999999999994
65.0,63.35,74.37,Piaggio,Sprint,2024,1300,Tay ga,100 - 175 cc,Việt Nam,11.020000000000003
14.5,15.31,17.98,Honda,Lead,2014,12368,Tay ga,100 - 175 cc,Việt Nam,2.67
59.0,41.61,48.85,Yamaha,Exciter,2010,4000,Tay côn/Moto,100 - 175 cc,Đang cập nhật,7.240000000000002
40.0,46.96,55.13,Honda,SH,2013,450000,Tay ga,100 - 175 cc,Việt Nam,8.170000000000002
8.0,12.98,15.24,Honda,Future,2015,10000,Xe số,100 - 175 cc,Việt Nam,2.26
5.0,5.1,5.99,Yamaha,Mio,2009,12345,Tay ga,100 - 175 cc,Nhật Bản,0.8900000000000006
85.0,70.02,82.2,Honda,SH,2021,40000,Tay ga,100 - 175 cc,Việt Nam,12.180000000000007
25.0,23.44,27.52,Honda,Winner X,2022,25000,Tay côn/Moto,100 - 175 cc,Nước khác,4.079999999999998
6.8,6.41,7.52,Yamaha,Mio,2011,50000,Tay ga,100 - 175 cc,Việt Nam,1.1099999999999994
65.0,41.94,49.23,Yamaha,Exciter,2006,100000,Xe số,100 - 175 cc,Nước khác,7.289999999999999
56.0,54.65,64.15,Yamaha,MT,2017,16000,Tay côn/Moto,Trên 175 cc,Nước khác,9.500000000000007
16.999999,6.63,7.78,Honda,Dream,2009,123456,Xe số,100 - 175 cc,Việt Nam,1.1500000000000004
30.0,26.38,30.97,Suzuki,GSX,2019,7000,Tay côn/Moto,100 - 175 cc,Nước khác,4.59
19.8,17.72,20.8,Honda,Dòng khác,2020,40000,Tay côn/Moto,100 - 175 cc,Nước khác,3.080000000000002
4.0,14.27,16.75,Honda,Future,2002,10000,Xe số,100 - 175 cc,Trung Quốc,2.4800000000000004
13.5,14.32,16.81,Honda,Future,2001,31000,Xe số,100 - 175 cc,Thái Lan,2.4899999999999984
37.0,26.16,30.71,Yamaha,Exciter,2021,4900,Tay côn/Moto,100 - 175 cc,Việt Nam,4.550000000000001
10.2,7.87,9.24,Honda,Lead,2012,50000,Tay ga,100 - 175 cc,Việt Nam,1.37
21.0,15.95,18.72,Honda,Wave,2024,687,Xe số,100 - 175 cc,Việt Nam,2.7699999999999996
65.0,62.14,72.95,Honda,SH,2019,18000,Tay ga,100 - 175 cc,Việt Nam,10.810000000000002
8.5,7.25,8.51,Suzuki,Axelo,2017,90000,Tay côn/Moto,100 - 175 cc,Nhật Bản,1.2599999999999998
20.0,21.0,24.66,Honda,Air Blade,2017,34000,Tay ga,100 - 175 cc,Đang cập nhật,3.66
12.0,11.94,14.02,Honda,Dòng khác,2001,779339,Tay ga,Dưới 50 cc,Nhật Bản,2.08
7.5,5.89,6.92,Yamaha,Mio,2010,99999,Tay ga,50 - 100 cc,Việt Nam,1.0300000000000002
11.5,9.06,10.64,Honda,Air Blade,2012,53121,Tay ga,50 - 100 cc,Việt Nam,1.58
8.5,15.43,18.12,Honda,Dream,1999,35000,Xe số,50 - 100 cc,Nhật Bản,2.6900000000000013
20.5,15.49,18.18,Honda,Vision,2015,95889,Tay ga,100 - 175 cc,Việt Nam,2.6899999999999995
81.0,74.21,87.11,Honda,SH,2023,39000,Tay ga,100 - 175 cc,Đang cập nhật,12.900000000000006
95.0,74.21,87.11,Honda,SH,2023,3700,Tay ga,100 - 175 cc,Việt Nam,12.900000000000006
9.5,11.97,14.05,Hãng khác,Dòng khác,2023,6600,Xe số,50 - 100 cc,Đang cập nhật,2.08
33.0,28.44,33.39,Yamaha,Exciter,2022,22000,Xe số,100 - 175 cc,Việt Nam,4.949999999999999
7.2,6.13,7.2,Yamaha,Nouvo,2013,999999,Tay ga,100 - 175 cc,Nhật Bản,1.0700000000000003
13.6,12.27,14.4,Honda,Vision,2014,40,Tay ga,100 - 175 cc,Nhật Bản,2.130000000000001
9.0,9.85,11.56,Honda,Air Blade,2011,30000,Tay ga,100 - 175 cc,Việt Nam,1.7100000000000009
148.0,95.08,111.62,Honda,SH,2010,50000,Tay ga,100 - 175 cc,Nước khác,16.540000000000006
90.0,70.02,82.2,Honda,SH,2021,10000,Tay ga,100 - 175 cc,Việt Nam,12.180000000000007
18.0,13.07,15.34,Yamaha,Janus,2017,30,Tay ga,Không biết rõ,Đang cập nhật,2.2699999999999996
60.0,62.14,72.95,Honda,SH,2019,8900,Tay ga,100 - 175 cc,Việt Nam,10.810000000000002
13.888888,6.84,8.03,Hãng khác,Dòng khác,2018,300,Tay côn/Moto,100 - 175 cc,Việt Nam,1.1899999999999995
4.0,5.19,6.09,Piaggio,Vespa,2007,24198,Tay ga,100 - 175 cc,Đang cập nhật,0.8999999999999995
17.0,13.75,16.14,Honda,Winner,2017,12345,Tay côn/Moto,100 - 175 cc,Việt Nam,2.3900000000000006
13.0,11.78,13.83,Honda,Future,2012,0,Xe số,100 - 175 cc,Việt Nam,2.0500000000000007
22.0,14.11,16.56,Honda,Dream,1995,0,Xe số,100 - 175 cc,Thái Lan,2.4499999999999993
10.0,13.75,16.14,Honda,Winner,2017,48000,Tay côn/Moto,100 - 175 cc,Việt Nam,2.3900000000000006
46.8,44.59,52.35,Honda,SH,2016,20000,Tay ga,100 - 175 cc,Việt Nam,7.759999999999998
148.0,111.75,131.19,Honda,SH,2011,200000,Tay ga,100 - 175 cc,Đang cập nhật,19.439999999999998
35.0,28.2,33.1,Yamaha,Exciter,2023,22000,Xe số,100 - 175 cc,Việt Nam,4.900000000000002
24.8,22.72,26.67,Honda,Sonic,2021,8300,Tay côn/Moto,100 - 175 cc,Thái Lan,3.950000000000003
35.0,31.97,37.53,Honda,Vario,2020,70000,Tay ga,100 - 175 cc,Nước khác,5.560000000000002
18.0,27.17,31.89,Honda,Lead,2020,25000,Tay ga,100 - 175 cc,Việt Nam,4.719999999999999
16.8,17.63,20.69,Honda,Winner X,2021,45,Tay côn/Moto,100 - 175 cc,Việt Nam,3.0600000000000023
80.0,40.54,47.59,Honda,Vario,2018,45000,Tay ga,100 - 175 cc,Đang cập nhật,7.050000000000004
6.8,7.06,8.28,Honda,Air Blade,2007,67899,Tay ga,100 - 175 cc,Nhật Bản,1.2199999999999998
60.0,38.82,45.57,Honda,SH,2015,30,Tay ga,100 - 175 cc,Việt Nam,6.75
48.0,38.7,45.44,Honda,Lead,2024,1100,Tay ga,100 - 175 cc,Việt Nam,6.739999999999995
38.0,20.16,23.67,Suzuki,Satria,2019,0,Tay côn/Moto,100 - 175 cc,Nước khác,3.5100000000000016
68.5,62.14,72.95,Honda,SH,2019,40000,Tay ga,100 - 175 cc,Việt Nam,10.810000000000002
20.0,16.31,19.15,Honda,Winner X,2019,19000,Tay côn/Moto,100 - 175 cc,Việt Nam,2.84
24.5,24.85,29.17,Honda,Winner X,2023,5000,Tay côn/Moto,100 - 175 cc,Việt Nam,4.32
41.0,39.17,45.99,Honda,CBR,2022,10000,Tay côn/Moto,100 - 175 cc,Nước khác,6.82
41.0,39.17,45.99,Honda,CBR,2022,10000,Tay côn/Moto,100 - 175 cc,Nước khác,6.82
15.5,15.55,18.25,Honda,Winner,2019,28000,Tay côn/Moto,100 - 175 cc,Đang cập nhật,2.6999999999999993
62.0,45.34,53.22,Piaggio,Vespa,2022,7761,Tay ga,100 - 175 cc,Nước khác,7.8799999999999955
18.5,16.83,19.75,Honda,Vision,2016,1000,Tay ga,100 - 175 cc,Việt Nam,2.9200000000000017
29.0,19.81,23.26,Yamaha,Exciter,2019,27000,Tay côn/Moto,100 - 175 cc,Việt Nam,3.450000000000003
8.5,8.66,10.17,Piaggio,LX,2012,80000,Tay ga,100 - 175 cc,Nước khác,1.5099999999999998
42.0,38.82,45.57,Honda,SH,2015,48600,Tay ga,100 - 175 cc,Việt Nam,6.75
15.5,13.6,15.96,Honda,Air Blade,2013,40000,Tay ga,100 - 175 cc,Việt Nam,2.360000000000001
78.0,62.14,72.95,Honda,SH,2019,250000,Tay ga,100 - 175 cc,Việt Nam,10.810000000000002
45.0,25.95,30.46,Honda,Sonic,2022,2550,Tay côn/Moto,100 - 175 cc,Nước khác,4.510000000000002
80.0,73.6,86.4,Hãng khác,Dòng khác,2024,20,Tay ga,Không biết rõ,Đang cập nhật,12.800000000000011
7.3,7.34,8.61,Honda,Lead,2011,66600,Tay ga,100 - 175 cc,Nhật Bản,1.2699999999999996
34.5,28.55,33.52,Piaggio,Sprint,2015,18000,Tay ga,100 - 175 cc,Nước khác,4.970000000000002
25.0,20.8,24.42,Honda,Vision,2019,31000,Tay ga,100 - 175 cc,Việt Nam,3.620000000000001
28.0,19.81,23.26,Yamaha,Exciter,2019,430000,Tay côn/Moto,100 - 175 cc,Nhật Bản,3.450000000000003
26.5,28.2,33.1,Yamaha,Exciter,2023,2000,Xe số,100 - 175 cc,Việt Nam,4.900000000000002
29.0,26.21,30.77,Yamaha,PG-1,2024,3851,Xe số,100 - 175 cc,Nhật Bản,4.559999999999999
59.0,62.14,72.95,Honda,SH,2019,10,Tay ga,100 - 175 cc,Việt Nam,10.810000000000002
6.0,6.9,8.1,Piaggio,LX,2011,28613,Tay ga,100 - 175 cc,Việt Nam,1.1999999999999993
19.5,17.63,20.69,Honda,Winner X,2021,20000,Tay côn/Moto,100 - 175 cc,Việt Nam,3.0600000000000023
20.0,16.87,19.8,Honda,PCX,2012,82000,Tay ga,100 - 175 cc,Việt Nam,2.9299999999999997
20.0,17.08,20.05,Honda,Winner X,2020,37000,Tay côn/Moto,100 - 175 cc,Việt Nam,2.9700000000000024
139.0,111.75,131.19,Honda,SH,2011,32000,Tay ga,100 - 175 cc,Nước khác,19.439999999999998
8.0,13.8,16.21,Honda,Dream,2004,124546,Xe số,100 - 175 cc,Đài Loan,2.41
25.0,22.72,26.68,Honda,Future,2020,50000,Xe số,100 - 175 cc,Việt Nam,3.960000000000001
25.0,22.72,26.68,Honda,Future,2020,55000,Xe số,100 - 175 cc,Việt Nam,3.960000000000001
29.0,25.53,29.97,Yamaha,Nozza,2021,39967,Tay ga,100 - 175 cc,Việt Nam,4.439999999999998
50.0,32.03,37.61,Honda,Vario,2021,17000,Tay ga,100 - 175 cc,Việt Nam,5.579999999999998
16.0,18.66,21.91,Honda,Blade,2011,100000,Tay ga,100 - 175 cc,Đang cập nhật,3.25
8.5,6.64,7.79,Honda,Lead,2010,650000,Tay ga,100 - 175 cc,Việt Nam,1.1500000000000004
125.0,115.38,135.44,Hãng khác,Scrambler,2016,34500,Tay côn/Moto,Trên 175 cc,Nước khác,20.060000000000002
43.5,36.71,43.09,Honda,SH,2014,78000,Tay ga,100 - 175 cc,Thái Lan,6.380000000000003
65.0,36.71,43.09,Honda,SH,2014,15000,Tay ga,100 - 175 cc,Việt Nam,6.380000000000003
20.0,19.62,23.03,Yamaha,Nvx,2018,41000,Tay ga,100 - 175 cc,Nhật Bản,3.41
40.0,38.82,45.57,Honda,SH,2015,26760,Tay ga,100 - 175 cc,Việt Nam,6.75
32.4,30.2,35.45,Honda,Vario,2019,2,Tay ga,100 - 175 cc,Nước khác,5.2500000000000036
4.8,7.62,8.94,Yamaha,Nouvo,2015,0,Tay ga,Không biết rõ,Nước khác,1.3199999999999994
18.5,13.96,16.39,Honda,Winner,2016,50000,Tay côn/Moto,100 - 175 cc,Việt Nam,2.4299999999999997
20.5,14.53,17.05,Yamaha,Exciter,2013,38000,Tay côn/Moto,100 - 175 cc,Việt Nam,2.5200000000000014
3.5,10.03,11.77,Honda,Wave,2003,49,Xe số,100 - 175 cc,Trung Quốc,1.7400000000000002
8.0,6.48,7.61,Yamaha,Sirius,2010,35000,Xe số,100 - 175 cc,Việt Nam,1.13
28.0,39.43,46.29,Honda,CD,trước năm 1980,99999,Tay côn/Moto,50 - 100 cc,Nhật Bản,6.859999999999999
166.666666,111.75,131.19,Honda,SH,2011,18000,Tay ga,100 - 175 cc,Nước khác,19.439999999999998
78.0,79.14,92.9,Honda,CB,2021,20000,Tay côn/Moto,Trên 175 cc,Nhật Bản,13.760000000000005
18.5,16.01,18.79,Honda,PCX,2011,100000,Tay ga,100 - 175 cc,Thái Lan,2.7799999999999976
38.0,14.53,17.05,Hãng khác,RC 250,2023,17000,Tay côn/Moto,Trên 175 cc,Nước khác,2.5200000000000014
13.5,7.75,9.1,Honda,Dylan,2010,100000,Tay ga,100 - 175 cc,Việt Nam,1.3499999999999996
14.5,15.73,18.46,Yamaha,Exciter,2017,28000,Tay côn/Moto,100 - 175 cc,Đang cập nhật,2.7300000000000004
50.0,35.85,42.08,Honda,Vario,2024,1350,Tay ga,100 - 175 cc,Nước khác,6.229999999999997
36.5,30.2,35.45,Honda,Vario,2019,24000,Tay ga,100 - 175 cc,Việt Nam,5.2500000000000036
48.0,9.23,10.84,Honda,Dream,2002,50000,Xe số,50 - 100 cc,Thái Lan,1.6099999999999994
7.999999,7.33,8.6,Honda,Click,2007,30000,Tay ga,100 - 175 cc,Việt Nam,1.2699999999999996
12.0,12.42,14.58,Honda,Dylan,2015,59000,Tay ga,100 - 175 cc,Nhật Bản,2.16
10.8,10.56,12.4,Honda,Vision,2012,15000,Tay ga,100 - 175 cc,Việt Nam,1.8399999999999999
185.0,109.65,128.72,Honda,SH,2012,100,Tay ga,100 - 175 cc,Nhật Bản,19.069999999999993
67.0,75.95,89.16,Honda,SH,2024,550,Tay ga,100 - 175 cc,Việt Nam,13.209999999999994
17.9,10.79,12.67,Honda,Dream,2015,30000,Xe số,100 - 175 cc,Việt Nam,1.8800000000000008
55.0,14.53,17.05,Honda,67,2012,12345,Tay côn/Moto,Dưới 50 cc,Nhật Bản,2.5200000000000014
17.0,15.73,18.46,Yamaha,Exciter,2017,45,Tay côn/Moto,100 - 175 cc,Nhật Bản,2.7300000000000004
8.5,6.78,7.96,Honda,Wave,2009,36000,Xe số,50 - 100 cc,Nhật Bản,1.1799999999999997
49.0,35.5,41.67,Piaggio,Sprint,2017,21000,Tay ga,100 - 175 cc,Việt Nam,6.170000000000002
98.0,95.08,111.62,Honda,SH,2010,7500,Tay ga,100 - 175 cc,Nước khác,16.540000000000006
85.0,74.3,87.23,Honda,SH,2022,173000,Tay ga,100 - 175 cc,Việt Nam,12.930000000000007
82.0,111.75,131.19,Honda,SH,2011,16000,Tay ga,100 - 175 cc,Nước khác,19.439999999999998
60.0,51.28,60.19,Honda,Vario,2017,33000,Tay ga,100 - 175 cc,Nước khác,8.909999999999997
10.3,6.99,8.21,Honda,Wave,2012,360000,Xe số,50 - 100 cc,Việt Nam,1.2200000000000006
48.0,47.19,55.39,Honda,Vario,2016,49000,Tay ga,100 - 175 cc,Nước khác,8.200000000000003
11.8,13.47,15.82,Honda,Blade,2022,36400,Xe số,100 - 175 cc,Việt Nam,2.3499999999999996
38.0,15.18,17.82,Honda,Blade,2023,8800,Tay ga,100 - 175 cc,Việt Nam,2.6400000000000006
65.0,45.34,53.22,Piaggio,Vespa,2022,1086,Tay ga,100 - 175 cc,Nước khác,7.8799999999999955
68.5,57.96,68.03,Honda,SH,2018,13542,Tay ga,100 - 175 cc,Việt Nam,10.07
22.5,19.53,22.92,Yamaha,Mio,2022,13458,Tay ga,100 - 175 cc,Nhật Bản,3.3900000000000006
17.5,17.08,20.05,Honda,Winner X,2020,30000,Tay côn/Moto,100 - 175 cc,Nhật Bản,2.9700000000000024
11.7,15.17,17.81,Yamaha,Exciter,2015,50000,Tay côn/Moto,100 - 175 cc,Việt Nam,2.639999999999999
3.75,3.4,3.99,SYM,Attila,2011,60000,Tay ga,100 - 175 cc,Việt Nam,0.5900000000000003
8.0,8.66,10.17,Honda,Air Blade,2009,80000,Tay ga,100 - 175 cc,Nhật Bản,1.5099999999999998
8.5,7.87,9.24,Honda,Lead,2012,55000,Tay ga,100 - 175 cc,Việt Nam,1.37
9.9,3.22,3.78,Hãng khác,Kawasaki,2007,70000,Tay côn/Moto,Trên 175 cc,Nước khác,0.5599999999999996
23.0,19.81,23.26,Yamaha,Exciter,2019,55000,Tay côn/Moto,100 - 175 cc,Việt Nam,3.450000000000003
13.5,7.21,8.46,Honda,Wave,2007,25200,Xe số,50 - 100 cc,Việt Nam,1.2500000000000009
120.0,75.95,89.16,Honda,SH,2024,3000,Tay ga,Trên 175 cc,Việt Nam,13.209999999999994
16.0,15.73,18.46,Yamaha,Exciter,2017,45,Tay côn/Moto,100 - 175 cc,Nhật Bản,2.7300000000000004
28.5,27.71,32.53,Honda,Click,2014,50000,Tay ga,100 - 175 cc,Thái Lan,4.82
17.8,9.74,11.44,Piaggio,Vespa,2013,6206,Tay ga,100 - 175 cc,Việt Nam,1.6999999999999993
12.0,11.78,13.83,Honda,Future,2012,70000,Xe số,100 - 175 cc,Việt Nam,2.0500000000000007
9.5,9.06,10.64,Honda,Air Blade,2012,50000,Tay ga,100 - 175 cc,Nước khác,1.58
26.0,29.9,35.1,Honda,Air Blade,2020,101200,Tay ga,100 - 175 cc,Việt Nam,5.200000000000003
8.0,5.04,5.92,Yamaha,Nouvo,2012,80000,Tay ga,100 - 175 cc,Nhật Bản,0.8799999999999999
11.5,11.54,13.55,Honda,Blade,2010,714882,Tay ga,100 - 175 cc,Việt Nam,2.0100000000000016
6.9,7.57,8.89,Honda,Air Blade,2008,86000,Tay ga,100 - 175 cc,Việt Nam,1.3200000000000003
4.2,4.04,4.74,Yamaha,Nouvo,2010,75000,Tay ga,100 - 175 cc,Nhật Bản,0.7000000000000002
34.8,22.2,26.06,Piaggio,Vespa,2015,1,Tay ga,100 - 175 cc,Việt Nam,3.8599999999999994
11.0,15.94,18.72,Yamaha,Exciter,2011,20000,Tay côn/Moto,100 - 175 cc,Việt Nam,2.7799999999999994
6.0,5.75,6.75,Yamaha,Mio,2007,100000,Tay ga,50 - 100 cc,Việt Nam,1.0
15.0,19.81,23.26,Yamaha,Exciter,2019,80000,Tay côn/Moto,100 - 175 cc,Việt Nam,3.450000000000003
20.0,17.63,20.69,Honda,Winner X,2021,30000,Tay côn/Moto,100 - 175 cc,Việt Nam,3.0600000000000023
9.0,11.15,13.1,Hãng khác,Dòng khác,2023,10194,Tay ga,Dưới 50 cc,Việt Nam,1.9499999999999993
13.2,10.9,12.8,Honda,Vision,2013,15000,Tay ga,100 - 175 cc,Việt Nam,1.9000000000000004
12.8,13.84,16.25,Yamaha,Janus,2018,123456,Tay ga,100 - 175 cc,Việt Nam,2.41
180.0,95.08,111.62,Honda,SH,2010,5464,Tay ga,100 - 175 cc,Việt Nam,16.540000000000006
59.5,38.7,45.44,Honda,Lead,2024,7000,Tay ga,100 - 175 cc,Đang cập nhật,6.739999999999995
38.0,13.65,16.02,Honda,Blade,2021,37,Tay ga,100 - 175 cc,Việt Nam,2.369999999999999
25.5,14.53,17.05,Hãng khác,Dòng khác,2008,50,Tay côn/Moto,100 - 175 cc,Đang cập nhật,2.5200000000000014
14.6,9.95,11.68,Honda,Wave,2002,36000,Xe số,50 - 100 cc,Việt Nam,1.7300000000000004
24.8,21.86,25.66,Honda,Future,2007,380000,Xe số,100 - 175 cc,Nhật Bản,3.8000000000000007
16.8,15.97,18.75,Honda,Air Blade,2015,60000,Tay ga,100 - 175 cc,Việt Nam,2.7799999999999994
10.0,9.85,11.56,Honda,Air Blade,2011,50000,Tay ga,100 - 175 cc,Việt Nam,1.7100000000000009
5.8,3.37,3.96,SYM,Dòng khác,2008,40000,Tay ga,100 - 175 cc,Việt Nam,0.5899999999999999
4.5,4.6,5.4,Yamaha,Nouvo,2020,10000,Tay ga,100 - 175 cc,Việt Nam,0.8000000000000007
2.75,3.78,4.44,Hãng khác,Dòng khác,2008,10000,Xe số,100 - 175 cc,Hàn Quốc,0.6600000000000006
3.9,6.44,7.56,Hãng khác,Cub,2020,20000,Xe số,Dưới 50 cc,Nước khác,1.1199999999999992
46.8,22.73,26.69,Honda,Wave,1999,20000,Xe số,100 - 175 cc,Thái Lan,3.960000000000001
7.5,9.06,10.64,Honda,Air Blade,2012,125000,Tay ga,100 - 175 cc,Đang cập nhật,1.58
28.0,30.2,35.45,Honda,Vario,2019,32500,Tay ga,100 - 175 cc,Nước khác,5.2500000000000036
180.0,74.3,87.23,Honda,SH,2022,7500,Tay ga,Trên 175 cc,Thái Lan,12.930000000000007
11.5,15.94,18.72,Yamaha,Exciter,2011,99999,Tay côn/Moto,100 - 175 cc,Nhật Bản,2.7799999999999994
16.5,13.61,15.98,Yamaha,Exciter,2014,30000,Tay côn/Moto,100 - 175 cc,Việt Nam,2.370000000000001
25.0,17.23,20.23,Yamaha,Janus,2022,2000,Tay ga,100 - 175 cc,Việt Nam,3.0
2.3,3.15,3.69,Yamaha,Nouvo,2008,25000,Tay ga,100 - 175 cc,Việt Nam,0.54
9.0,14.53,17.05,Hãng khác,Dòng khác,2022,20000,Xe số,Dưới 50 cc,Trung Quốc,2.5200000000000014
3.5,3.92,4.6,Hãng khác,Dòng khác,2006,600000,Xe số,50 - 100 cc,Trung Quốc,0.6799999999999997
3.0,9.81,11.51,Piaggio,Liberty,2015,60000,Tay ga,100 - 175 cc,Nước khác,1.6999999999999993
45.0,45.34,53.22,Piaggio,Vespa,2022,20489,Tay ga,100 - 175 cc,Đang cập nhật,7.8799999999999955
32.0,30.2,35.45,Honda,Vario,2019,40000,Tay ga,100 - 175 cc,Việt Nam,5.2500000000000036
4.5,3.83,4.5,SYM,Joyride,2010,99999,Tay ga,100 - 175 cc,Đài Loan,0.6699999999999999
9.5,6.99,8.21,Honda,Wave,2012,200000,Xe số,100 - 175 cc,Đang cập nhật,1.2200000000000006
21.0,21.96,25.78,Honda,Air Blade,2018,130000,Tay ga,100 - 175 cc,Việt Nam,3.8200000000000003
51.0,44.41,52.14,Piaggio,Sprint,2019,6500,Tay ga,100 - 175 cc,Việt Nam,7.730000000000004
4.0,3.4,3.99,SYM,Attila,2011,500000,Tay ga,50 - 100 cc,Hàn Quốc,0.5900000000000003
62.0,45.34,53.22,Piaggio,Vespa,2022,27000,Tay ga,100 - 175 cc,Việt Nam,7.8799999999999955
28.0,16.72,19.63,Honda,MSX 125,2017,26000,Tay côn/Moto,100 - 175 cc,Thái Lan,2.91
24.5,20.82,24.43,Suzuki,GSX,2017,26402,Tay côn/Moto,100 - 175 cc,Nước khác,3.6099999999999994
2.0,3.68,4.32,Hãng khác,Dòng khác,2010,30000,Xe số,100 - 175 cc,Trung Quốc,0.6400000000000001
19.5,14.53,17.05,Yamaha,Janus,2017,67000,Tay ga,100 - 175 cc,Việt Nam,2.5200000000000014
78.0,66.3,77.83,Honda,SH,2020,36000,Tay ga,100 - 175 cc,Việt Nam,11.530000000000001
10.5,9.51,11.16,Honda,Blade,2017,54697,Xe số,100 - 175 cc,Thái Lan,1.6500000000000004
125.0,74.21,87.11,Honda,SH,2023,3000,Tay ga,100 - 175 cc,Thái Lan,12.900000000000006
6.5,6.23,7.31,Yamaha,Jupiter,2010,6868,Xe số,100 - 175 cc,Việt Nam,1.0799999999999992
16.5,14.53,17.05,Yamaha,Exciter,2013,100000,Tay côn/Moto,100 - 175 cc,Nước khác,2.5200000000000014
25.0,202.63,237.87,Suzuki,Sport / Xipo,2021,9832,Tay côn/Moto,100 - 175 cc,Nhật Bản,35.24000000000001
7.2,6.13,7.2,Yamaha,Sirius,2008,70000,Xe số,100 - 175 cc,Nhật Bản,1.0700000000000003
4.5,4.1,4.81,SYM,Elizabeth,2011,500000,Tay ga,100 - 175 cc,Việt Nam,0.71
7.5,6.13,7.2,Yamaha,Sirius,2008,15000,Xe số,100 - 175 cc,Đang cập nhật,1.0700000000000003
6.8,4.64,5.44,Yamaha,Mio,2008,60,Tay ga,100 - 175 cc,Việt Nam,0.8000000000000007
8.0,7.33,8.6,Honda,Click,2007,82888,Tay ga,100 - 175 cc,Việt Nam,1.2699999999999996
25.5,24.1,28.29,Honda,Air Blade,2019,45000,Tay ga,100 - 175 cc,Nhật Bản,4.189999999999998
17.0,17.63,20.69,Honda,Winner X,2021,45,Tay côn/Moto,100 - 175 cc,Nhật Bản,3.0600000000000023
8.5,9.81,11.51,Piaggio,Liberty,2015,12345,Tay ga,100 - 175 cc,Nhật Bản,1.6999999999999993
68.0,17.78,20.87,Hãng khác,Dòng khác,2018,20000,Tay côn/Moto,Trên 175 cc,Đang cập nhật,3.09
5.8,13.61,15.98,Yamaha,Exciter,2014,0,Tay côn/Moto,100 - 175 cc,Việt Nam,2.370000000000001
23.5,20.04,23.53,Honda,Air Blade,2016,30000,Tay ga,100 - 175 cc,Nhật Bản,3.490000000000002
72.0,43.1,50.59,Yamaha,Dòng khác,2023,13000,Tay côn/Moto,100 - 175 cc,Nhật Bản,7.490000000000002
2.68,6.5,7.63,Yamaha,Nouvo,2017,238469,Tay ga,100 - 175 cc,Nước khác,1.13
42.0,46.96,55.13,Honda,SH,2013,10000,Tay ga,100 - 175 cc,Việt Nam,8.170000000000002
19.0,17.08,20.05,Honda,Winner X,2020,29600,Tay côn/Moto,100 - 175 cc,Việt Nam,2.9700000000000024
6.8,6.02,7.06,Yamaha,Sirius,2007,66666,Xe số,100 - 175 cc,Thái Lan,1.04
80.0,74.3,87.23,Honda,SH,2022,30000,Tay ga,100 - 175 cc,Việt Nam,12.930000000000007
35.0,36.71,43.09,Honda,SH,2014,30000,Tay ga,100 - 175 cc,Đang cập nhật,6.380000000000003
63.0,46.52,54.61,Honda,CBR,2024,4000,Tay côn/Moto,100 - 175 cc,Đang cập nhật,8.089999999999996
2.5,5.43,6.37,Hãng khác,Dòng khác,1990,999999,Xe số,50 - 100 cc,Trung Quốc,0.9400000000000004
25.5,21.96,25.78,Honda,Air Blade,2018,250000,Tay ga,100 - 175 cc,Hàn Quốc,3.8200000000000003
43.5,41.61,48.85,Yamaha,Exciter,2010,40000,Tay côn/Moto,100 - 175 cc,Việt Nam,7.240000000000002
6.0,5.28,6.2,Piaggio,Vespa,2010,66666,Tay ga,100 - 175 cc,Nước khác,0.9199999999999999
40.0,13.8,16.2,Honda,MSX 125,2014,25000,Tay côn/Moto,100 - 175 cc,Thái Lan,2.3999999999999986
6.0,5.94,6.97,Honda,Wave,2010,30000,Xe số,50 - 100 cc,Nhật Bản,1.0299999999999994
6.5,3.67,4.31,Hãng khác,Dòng khác,2020,21000,Xe số,Dưới 50 cc,Việt Nam,0.6399999999999997
19.8,14.38,16.88,Piaggio,Liberty,2016,25000,Tay ga,100 - 175 cc,Việt Nam,2.4999999999999982
5.4,5.41,6.35,Yamaha,Mio,2006,480000,Tay ga,100 - 175 cc,Thái Lan,0.9399999999999995
8.2,7.57,8.89,Honda,Air Blade,2008,244,Tay ga,100 - 175 cc,Nhật Bản,1.3200000000000003
8.8,14.53,17.05,Honda,Air Blade,2008,70000,Tay ga,100 - 175 cc,Việt Nam,2.5200000000000014
15.0,13.75,16.14,Honda,Winner,2017,130000,Tay côn/Moto,100 - 175 cc,Việt Nam,2.3900000000000006
15.0,13.75,16.14,Honda,Winner,2017,130000,Tay côn/Moto,100 - 175 cc,Việt Nam,2.3900000000000006
145.0,104.4,122.56,Honda,CB,2020,13000,Tay côn/Moto,Trên 175 cc,Nhật Bản,18.159999999999997
68.0,66.3,77.83,Honda,SH,2020,28000,Tay ga,100 - 175 cc,Việt Nam,11.530000000000001
19.7,17.08,20.05,Honda,Winner X,2020,30000,Tay côn/Moto,100 - 175 cc,Đang cập nhật,2.9700000000000024
6.0,6.81,8.0,Yamaha,Luvias,2013,100000,Tay ga,100 - 175 cc,Việt Nam,1.1900000000000004
29.0,16.25,19.08,Piaggio,Liberty,2017,1700,Tay ga,100 - 175 cc,Nước khác,2.8299999999999983
55.0,14.97,17.58,Honda,67,2020,12345,Xe số,Dưới 50 cc,Nhật Bản,2.6099999999999977
12.5,11.43,13.42,Honda,Wave,2020,30000,Xe số,100 - 175 cc,Nhật Bản,1.9900000000000002
40.0,35.85,42.08,Honda,Vario,2024,10000,Tay ga,100 - 175 cc,Việt Nam,6.229999999999997
12.8,8.39,9.84,Piaggio,Vespa,2012,20,Tay ga,100 - 175 cc,Nước khác,1.4499999999999993
4.0,4.04,4.74,Yamaha,Nouvo,2010,60,Tay ga,100 - 175 cc,Nhật Bản,0.7000000000000002
27.0,25.22,29.61,Honda,Future,2022,17000,Xe số,100 - 175 cc,Việt Nam,4.390000000000001
8.0,7.97,9.36,Honda,Wave,2014,50000,Xe số,100 - 175 cc,Nhật Bản,1.3899999999999997
48.0,14.53,17.05,Piaggio,Primavera,2021,22000,Xe số,100 - 175 cc,Đang cập nhật,2.5200000000000014
16.0,13.66,16.04,Yamaha,Exciter,2012,100000,Tay côn/Moto,100 - 175 cc,Nhật Bản,2.379999999999999
4.0,14.32,16.81,Honda,Future,2001,10000,Xe số,100 - 175 cc,Trung Quốc,2.4899999999999984
23.0,14.53,17.05,Yamaha,Exciter,2013,40000,Tay côn/Moto,100 - 175 cc,Việt Nam,2.5200000000000014
4.5,9.94,11.67,Honda,Dòng khác,trước năm 1980,10000,Xe số,Dưới 50 cc,Nhật Bản,1.7300000000000004
20.5,14.32,16.81,Honda,Future,2001,22500,Xe số,100 - 175 cc,Việt Nam,2.4899999999999984
13.0,13.6,15.96,Honda,Air Blade,2013,105000,Tay ga,100 - 175 cc,Nhật Bản,2.360000000000001
36.0,14.53,17.05,Honda,67,1990,60000,Xe số,Dưới 50 cc,Nhật Bản,2.5200000000000014
3.0,4.04,4.74,Yamaha,Nouvo,2010,6129,Tay ga,100 - 175 cc,Đang cập nhật,0.7000000000000002
12.9,13.84,16.25,Yamaha,Janus,2018,123456,Tay ga,100 - 175 cc,Việt Nam,2.41
5.0,6.22,7.3,Yamaha,Jupiter,2004,40000,Xe số,100 - 175 cc,Thái Lan,1.08
6.7,5.04,5.92,Yamaha,Nouvo,2012,40000,Tay ga,100 - 175 cc,Thái Lan,0.8799999999999999
3.0,8.39,9.84,Piaggio,Vespa,2012,56000,Tay ga,100 - 175 cc,Việt Nam,1.4499999999999993
4.5,9.74,11.44,Piaggio,Liberty,2014,15000,Tay ga,100 - 175 cc,Nước khác,1.6999999999999993
17.0,13.6,15.96,Honda,Air Blade,2013,100,Tay ga,100 - 175 cc,Nhật Bản,2.360000000000001
16.89,17.47,20.51,Honda,Vision,2017,50000,Tay ga,100 - 175 cc,Việt Nam,3.0400000000000027
9.8,8.66,10.17,Honda,Air Blade,2009,12389,Tay ga,100 - 175 cc,Nhật Bản,1.5099999999999998
5.0,5.68,6.66,SYM,Attila,2015,48084,Tay ga,100 - 175 cc,Nước khác,0.9800000000000004
16.1,16.31,19.15,Honda,Winner X,2019,333333,Tay côn/Moto,100 - 175 cc,Nhật Bản,2.84
15.8,13.84,16.25,Yamaha,Janus,2018,40000,Tay ga,100 - 175 cc,Đang cập nhật,2.41
5.6,5.28,6.2,Piaggio,Vespa,2010,9999,Tay ga,100 - 175 cc,Đang cập nhật,0.9199999999999999
8.0,6.99,8.21,Honda,Wave,2012,45000,Xe số,50 - 100 cc,Nhật Bản,1.2200000000000006
14.5,17.08,20.05,Honda,Winner X,2020,40000,Tay côn/Moto,100 - 175 cc,Nhật Bản,2.9700000000000024
4.0,10.4,12.2,Honda,Wave,2018,6666,Xe số,50 - 100 cc,Việt Nam,1.799999999999999
13.0,10.79,12.67,Honda,Dream,2015,100,Xe số,50 - 100 cc,Hàn Quốc,1.8800000000000008
23.0,16.72,19.63,Honda,MSX 125,2017,37000,Tay côn/Moto,100 - 175 cc,Đang cập nhật,2.91
43.5,40.54,47.59,Honda,Vario,2018,40000,Tay ga,100 - 175 cc,Nước khác,7.050000000000004
350.0,300.23,352.44,Hãng khác,48,2020,1485,Tay côn/Moto,Trên 175 cc,Nước khác,52.20999999999998
12.8,6.77,7.94,Honda,Wave,2008,86000,Xe số,100 - 175 cc,Nhật Bản,1.1700000000000008
27.0,22.62,26.56,Yamaha,Exciter,2020,30000,Tay côn/Moto,100 - 175 cc,Việt Nam,3.9399999999999977
43.0,29.9,35.1,Honda,Air Blade,2020,104000,Tay ga,100 - 175 cc,Việt Nam,5.200000000000003
18.5,16.87,19.8,Honda,PCX,2012,75000,Tay ga,100 - 175 cc,Nhật Bản,2.9299999999999997
34.0,30.2,35.45,Honda,Vario,2019,56300,Tay ga,100 - 175 cc,Việt Nam,5.2500000000000036
13.5,15.31,17.98,Honda,Lead,2014,35000,Tay ga,100 - 175 cc,Nước khác,2.67
69.0,53.71,63.05,Honda,SH Mode,2024,10,Tay ga,100 - 175 cc,Việt Nam,9.339999999999996
59.0,44.64,52.4,Honda,SH,2006,48000,Tay ga,100 - 175 cc,Nước khác,7.759999999999998
3.49,13.16,15.44,Honda,@,2013,12000,Tay ga,100 - 175 cc,Nhật Bản,2.2799999999999994
22.9,21.0,24.66,Honda,Air Blade,2017,50000,Tay ga,100 - 175 cc,Việt Nam,3.66
129.0,104.4,122.56,Honda,CB,2020,17000,Tay côn/Moto,Trên 175 cc,Thái Lan,18.159999999999997
30.0,20.85,24.48,Honda,Future,2019,10000,Xe số,100 - 175 cc,Việt Nam,3.629999999999999
2.0,3.68,4.32,Hãng khác,Dòng khác,2010,10000,Xe số,100 - 175 cc,Trung Quốc,0.6400000000000001
28.0,31.14,36.55,Yamaha,R,2019,38000,Tay côn/Moto,100 - 175 cc,Nhật Bản,5.409999999999997
49.0,47.19,55.39,Honda,Vario,2016,30,Tay ga,100 - 175 cc,Nước khác,8.200000000000003
104.0,75.95,89.16,Honda,SH,2024,3000,Tay ga,100 - 175 cc,Việt Nam,13.209999999999994
5.6,6.78,7.96,Honda,Wave,2009,45,Xe số,100 - 175 cc,Nhật Bản,1.1799999999999997
7.5,6.93,8.14,Yamaha,Sirius,2015,56000,Xe số,100 - 175 cc,Việt Nam,1.2100000000000009
4.0,3.52,4.13,SYM,Joyride,2011,2000,Tay ga,100 - 175 cc,Đài Loan,0.6099999999999999
9.3,7.57,8.89,Honda,Air Blade,2008,35000,Tay ga,100 - 175 cc,Việt Nam,1.3200000000000003
8.5,7.21,8.46,Honda,Wave,2007,40000,Xe số,50 - 100 cc,Nhật Bản,1.2500000000000009
7.2,7.57,8.89,Honda,Air Blade,2008,26868,Tay ga,100 - 175 cc,Nhật Bản,1.3200000000000003
37.0,25.54,29.98,Honda,Future,2010,63333,Xe số,100 - 175 cc,Việt Nam,4.440000000000001
70.0,57.96,68.03,Honda,SH,2018,30000,Tay ga,100 - 175 cc,Việt Nam,10.07
14.3,7.21,8.46,Honda,Wave,2007,24500,Xe số,50 - 100 cc,Việt Nam,1.2500000000000009
11.5,14.95,17.54,Yamaha,Exciter,2016,3400,Tay côn/Moto,100 - 175 cc,Đang cập nhật,2.59
24.0,32.36,37.99,Honda,Air Blade,2021,31000,Tay ga,100 - 175 cc,Việt Nam,5.630000000000003
6.0,36.61,42.98,Piaggio,Vespa,2018,3000,Tay ga,100 - 175 cc,Đang cập nhật,6.369999999999997
9.8,7.91,9.28,Yamaha,Jupiter,2013,123456,Xe số,100 - 175 cc,Nhật Bản,1.3699999999999992
18.0,26.94,31.63,Honda,Future,2008,80000,Xe số,100 - 175 cc,Nhật Bản,4.689999999999998
139.0,109.65,128.72,Honda,SH,2012,20000,Tay ga,100 - 175 cc,Nước khác,19.069999999999993
7.5,3.92,4.6,Hãng khác,Dòng khác,2006,10000,Tay ga,100 - 175 cc,Đài Loan,0.6799999999999997
38.0,32.58,38.25,Honda,Vario,2022,25800,Tay ga,100 - 175 cc,Nước khác,5.670000000000002
19.0,24.85,29.17,Honda,Winner X,2023,28000,Tay côn/Moto,100 - 175 cc,Việt Nam,4.32
53.0,38.82,45.57,Honda,SH,2015,25000,Tay ga,100 - 175 cc,Việt Nam,6.75
22.5,14.15,16.61,Honda,Future,2000,22500,Xe số,100 - 175 cc,Việt Nam,2.459999999999999
42.0,26.94,31.63,Honda,Future,2008,40000,Xe số,100 - 175 cc,Nhật Bản,4.689999999999998
2.2,5.94,6.97,Honda,Wave,2010,10000,Xe số,50 - 100 cc,Trung Quốc,1.0299999999999994
21.0,11.94,14.02,Honda,Dòng khác,2001,20,Tay ga,50 - 100 cc,Nhật Bản,2.08
20.0,17.63,20.69,Honda,Winner X,2021,50000,Tay côn/Moto,100 - 175 cc,Việt Nam,3.0600000000000023
16.0,13.9,16.32,Honda,Future,2016,25465,Xe số,100 - 175 cc,Việt Nam,2.42
15.999999,10.4,12.2,Honda,Wave,2018,50000,Xe số,100 - 175 cc,Nước khác,1.799999999999999
1.65,15.19,17.83,Honda,Air Blade,2014,17300,Tay ga,100 - 175 cc,Nhật Bản,2.639999999999999
8.0,4.37,5.13,Piaggio,Fly,2014,34000,Tay ga,100 - 175 cc,Nước khác,0.7599999999999998
32.0,14.53,17.05,Yamaha,NM-X,2019,25000,Tay ga,100 - 175 cc,Thái Lan,2.5200000000000014
320.0,6.78,7.96,Honda,Dòng khác,2008,24000,Tay côn/Moto,Trên 175 cc,Nhật Bản,1.1799999999999997
3.0,6.5,7.63,Hãng khác,Dòng khác,2018,3200,Xe số,100 - 175 cc,Đang cập nhật,1.13
9.4,9.85,11.56,Honda,Air Blade,2011,30000,Tay ga,100 - 175 cc,Việt Nam,1.7100000000000009
182.0,172.31,202.28,Hãng khác,Z1000,2016,40000,Tay côn/Moto,Trên 175 cc,Nhật Bản,29.97
7.5,5.04,5.92,Yamaha,Nouvo,2012,700000,Tay ga,100 - 175 cc,Đang cập nhật,0.8799999999999999
9.0,7.97,9.36,Honda,Wave,2014,31000,Xe số,100 - 175 cc,Nhật Bản,1.3899999999999997
22.5,22.86,26.83,Honda,Lead,2018,23,Tay ga,100 - 175 cc,Việt Nam,3.969999999999999
8.0,14.32,16.81,Honda,Future,2001,44612,Xe số,100 - 175 cc,Việt Nam,2.4899999999999984
11.5,9.95,11.68,Honda,Wave,2002,96358,Xe số,50 - 100 cc,Việt Nam,1.7300000000000004
25.0,21.77,25.55,Honda,Vision,2020,30000,Tay ga,100 - 175 cc,Việt Nam,3.780000000000001
18.0,15.73,18.46,Yamaha,Exciter,2017,49000,Tay côn/Moto,100 - 175 cc,Nhật Bản,2.7300000000000004
7.0,7.24,8.49,Yamaha,Sirius,2013,88000,Xe số,100 - 175 cc,Nhật Bản,1.25
34.9,30.79,36.15,Yamaha,R,2020,20474,Tay côn/Moto,100 - 175 cc,Nước khác,5.359999999999999
82.0,14.11,16.56,Honda,Dream,1995,1000,Xe số,100 - 175 cc,Nhật Bản,2.4499999999999993
16.0,6.85,8.04,Honda,Dòng khác,2004,80000,Tay ga,100 - 175 cc,Nước khác,1.1899999999999995
28.5,31.14,36.55,Yamaha,R,2019,38000,Tay côn/Moto,100 - 175 cc,Việt Nam,5.409999999999997
23.0,19.81,23.26,Yamaha,Exciter,2019,20000,Tay côn/Moto,100 - 175 cc,Nhật Bản,3.450000000000003
12.0,14.95,17.54,Yamaha,Exciter,2016,39075,Tay côn/Moto,100 - 175 cc,Việt Nam,2.59
3.0,7.17,8.41,Honda,Cub,2007,1956,Xe số,50 - 100 cc,Việt Nam,1.2400000000000002
2.5,3.41,4.0,SYM,Elizabeth,2008,12345,Tay ga,100 - 175 cc,Đài Loan,0.5899999999999999
39.0,44.64,52.4,Honda,SH,2006,55000,Tay ga,100 - 175 cc,Nhật Bản,7.759999999999998
10.8,6.55,7.69,Honda,Citi,1999,12690,Xe số,50 - 100 cc,Nhật Bản,1.1400000000000006
16.0,14.31,16.8,Honda,Wave,2022,31000,Xe số,100 - 175 cc,Việt Nam,2.49
0.06,27.65,32.46,Honda,SH Mode,2015,12345,Tay ga,100 - 175 cc,Việt Nam,4.810000000000002
11.8,9.86,11.57,Yamaha,Sirius,2020,0,Xe số,100 - 175 cc,Việt Nam,1.7100000000000009
16.0,14.31,16.8,Honda,Wave,2022,32000,Xe số,100 - 175 cc,Việt Nam,2.49
40.0,29.77,34.95,Piaggio,Sprint,2016,40000,Tay ga,100 - 175 cc,Việt Nam,5.180000000000003
9.0,7.27,8.53,Piaggio,Liberty,2013,47000,Tay ga,100 - 175 cc,Nước khác,1.2599999999999998
18.0,19.81,23.26,Yamaha,Exciter,2019,1,Tay côn/Moto,100 - 175 cc,Việt Nam,3.450000000000003
8.0,6.64,7.79,Honda,Lead,2010,72000,Tay ga,100 - 175 cc,Việt Nam,1.1500000000000004
8.0,7.57,8.89,Honda,Air Blade,2008,96322,Tay ga,100 - 175 cc,Việt Nam,1.3200000000000003
60.0,44.64,52.4,Honda,SH,2006,50000,Tay ga,100 - 175 cc,Nước khác,7.759999999999998
68.0,57.96,68.03,Honda,SH,2018,30000,Tay ga,100 - 175 cc,Việt Nam,10.07
1.5,9.54,11.2,Honda,Wave,2016,200,Xe số,100 - 175 cc,Đang cập nhật,1.6600000000000001
2.5,3.76,4.41,Hãng khác,Dòng khác,2000,100,Xe số,50 - 100 cc,Trung Quốc,0.6500000000000004
11.0,14.49,17.01,Honda,Winner,2018,70000,Tay côn/Moto,100 - 175 cc,Đang cập nhật,2.5200000000000014
39.0,36.06,42.33,Honda,Vario,2023,17000,Tay ga,100 - 175 cc,Việt Nam,6.269999999999996
20.0,18.47,21.68,Yamaha,Jupiter,2022,26000,Xe số,100 - 175 cc,Việt Nam,3.210000000000001
5.4,5.04,5.92,Yamaha,Nouvo,2012,9999,Tay ga,100 - 175 cc,Nhật Bản,0.8799999999999999
16.0,20.04,23.53,Honda,Air Blade,2016,80000,Tay ga,100 - 175 cc,Việt Nam,3.490000000000002
9.5,13.97,16.4,Honda,Dream,1996,100000,Xe số,50 - 100 cc,Thái Lan,2.429999999999998
2.999999,6.31,7.41,Honda,Cub,trước năm 1980,99999,Xe số,Dưới 50 cc,Việt Nam,1.1000000000000005
19.5,14.49,17.01,Honda,Winner,2018,30000,Tay côn/Moto,100 - 175 cc,Việt Nam,2.5200000000000014
9.0,3.35,3.93,Hãng khác,Dòng khác,2009,50000,Xe số,Dưới 50 cc,Nhật Bản,0.5800000000000001
14.8,15.17,17.81,Yamaha,Exciter,2015,500000,Tay côn/Moto,100 - 175 cc,Việt Nam,2.639999999999999
38.5,35.85,42.08,Honda,Vario,2024,10000,Tay ga,100 - 175 cc,Nhật Bản,6.229999999999997
37.0,22.62,26.56,Yamaha,Exciter,2020,20000,Tay côn/Moto,100 - 175 cc,Việt Nam,3.9399999999999977
30.0,19.81,23.26,Yamaha,Exciter,2019,9000,Tay côn/Moto,100 - 175 cc,Nhật Bản,3.450000000000003
16.6,14.31,16.8,Honda,Wave,2022,31000,Xe số,100 - 175 cc,Việt Nam,2.49
8.5,12.27,14.4,Honda,Vision,2014,7000,Tay ga,100 - 175 cc,Đang cập nhật,2.130000000000001
16.8,13.66,16.04,Yamaha,Exciter,2012,2000,Tay côn/Moto,100 - 175 cc,Nhật Bản,2.379999999999999
3.5,14.53,17.05,Honda,Winner,1999,99999,Tay côn/Moto,50 - 100 cc,Trung Quốc,2.5200000000000014
3.5,11.97,14.06,Honda,67,trước năm 1980,999999,Tay côn/Moto,50 - 100 cc,Trung Quốc,2.09
4.2,4.16,4.89,Yamaha,Nouvo,2011,66000,Tay ga,100 - 175 cc,Việt Nam,0.7299999999999995
9.3,9.85,11.56,Honda,Air Blade,2011,28000,Tay ga,100 - 175 cc,Việt Nam,1.7100000000000009
4.5,18.09,21.23,Honda,Wave,2000,100000,Xe số,100 - 175 cc,Trung Quốc,3.1400000000000006
4.0,9.38,11.01,Honda,Dòng khác,1999,56834,Xe số,50 - 100 cc,Nhật Bản,1.629999999999999
16.6,14.31,16.8,Honda,Wave,2022,31000,Xe số,100 - 175 cc,Việt Nam,2.49
25.0,26.94,31.63,Honda,Future,2008,20000,Xe số,100 - 175 cc,Việt Nam,4.689999999999998
5.5,4.76,5.59,Suzuki,Dòng khác,2008,12345,Xe số,100 - 175 cc,Nhật Bản,0.8300000000000001
10.5,7.87,9.24,Honda,Lead,2012,36000,Tay ga,100 - 175 cc,Việt Nam,1.37
27.0,32.36,37.99,Honda,Air Blade,2021,10500,Tay ga,100 - 175 cc,Việt Nam,5.630000000000003
11.0,14.53,17.05,Suzuki,GN,2013,7404,Tay côn/Moto,100 - 175 cc,Đang cập nhật,2.5200000000000014
13.0,11.62,13.64,Yamaha,Sirius,2022,9000,Xe số,100 - 175 cc,Việt Nam,2.0200000000000014
7.5,6.99,8.21,Honda,Wave,2012,10000,Xe số,100 - 175 cc,Nhật Bản,1.2200000000000006
29.8,24.85,29.17,Honda,Winner X,2023,7900,Tay côn/Moto,100 - 175 cc,Nhật Bản,4.32
36.5,33.65,39.5,Honda,Air Blade,2022,33,Tay ga,100 - 175 cc,Nhật Bản,5.850000000000001
12.5,14.53,17.05,Yamaha,Dòng khác,1988,100000,Tay ga,50 - 100 cc,Nhật Bản,2.5200000000000014
8.5,3.92,4.6,Hãng khác,Dòng khác,2011,67000,Xe số,100 - 175 cc,Việt Nam,0.6799999999999997
3.2,3.92,4.6,Hãng khác,Dòng khác,2006,88888,Xe số,100 - 175 cc,Trung Quốc,0.6799999999999997
4.3,21.86,25.66,Honda,Future,2007,36000,Xe số,50 - 100 cc,Hàn Quốc,3.8000000000000007
12.5,9.95,11.68,Honda,Wave,2002,1000,Xe số,100 - 175 cc,Việt Nam,1.7300000000000004
19.0,13.89,16.31,Honda,Blade,2024,5500,Xe số,100 - 175 cc,Việt Nam,2.419999999999998
46.6,34.82,40.88,Hãng khác,W175,2019,7000,Tay côn/Moto,Trên 175 cc,Thái Lan,6.060000000000002
4.8,18.04,21.18,Honda,Dream,2012,345678,Xe số,100 - 175 cc,Hàn Quốc,3.1400000000000006
1.9,4.04,4.74,Yamaha,Nouvo,2010,150000,Tay ga,100 - 175 cc,Đang cập nhật,0.7000000000000002
4.0,14.53,17.05,Hãng khác,Candy S,2012,123456,Tay ga,Dưới 50 cc,Đang cập nhật,2.5200000000000014
4.8,3.28,3.85,SYM,Elizabeth,2009,9888,Tay ga,50 - 100 cc,Đang cập nhật,0.5700000000000003
72.0,74.3,87.23,Honda,SH,2022,20000,Tay ga,100 - 175 cc,Đang cập nhật,12.930000000000007
10.0,9.85,11.56,Honda,Air Blade,2011,10000,Tay ga,100 - 175 cc,Nhật Bản,1.7100000000000009
2.3,7.23,8.48,Honda,Dream,2007,12000,Xe số,100 - 175 cc,Trung Quốc,1.25
25.0,26.44,31.04,Yamaha,Dòng khác,2019,100000,Tay côn/Moto,Trên 175 cc,Đang cập nhật,4.599999999999998
16.8,8.59,10.08,Piaggio,Vespa,2012,40000,Tay ga,100 - 175 cc,Việt Nam,1.4900000000000002
14.0,12.97,15.23,Yamaha,Janus,2017,10000,Tay ga,100 - 175 cc,Việt Nam,2.26
19.5,5.51,6.47,Yamaha,Mio,2004,45000,Tay ga,100 - 175 cc,Thái Lan,0.96
70.0,73.25,85.99,Honda,SH,2023,2000,Tay ga,100 - 175 cc,Nhật Bản,12.739999999999995
18.5,15.31,17.97,Honda,Lead,2014,27000,Tay ga,100 - 175 cc,Đang cập nhật,2.6599999999999984
34.5,20.93,24.56,Honda,Sonic,2019,2700,Tay côn/Moto,100 - 175 cc,Đang cập nhật,3.629999999999999
50.0,44.05,51.71,Honda,SH,2006,40000,Tay ga,100 - 175 cc,Nước khác,7.660000000000004
30.0,19.38,22.75,Honda,Lead,2017,13123,Tay ga,100 - 175 cc,Đang cập nhật,3.370000000000001
15.0,7.25,8.51,Honda,Lead,2011,40000,Tay ga,100 - 175 cc,Việt Nam,1.2599999999999998
14.3,14.57,17.1,Honda,Winner,2018,8386,Tay côn/Moto,100 - 175 cc,Việt Nam,2.530000000000001
21.0,12.1,14.2,Piaggio,LX,2014,38000,Tay ga,100 - 175 cc,Việt Nam,2.0999999999999996
285.0,55.2,64.8,Honda,SH,2017,1400,Tay ga,Trên 175 cc,Nước khác,9.599999999999994
40.0,26.44,31.04,Yamaha,Dòng khác,2019,130000,Tay côn/Moto,100 - 175 cc,Nước khác,4.599999999999998
320.0,69.27,81.32,Honda,SH,2021,20000,Tay ga,100 - 175 cc,Nước khác,12.049999999999997
16.0,15.31,17.97,Honda,Lead,2014,90000,Tay ga,100 - 175 cc,Đang cập nhật,2.6599999999999984
37.5,34.5,40.5,Suzuki,GN,2019,20000,Tay côn/Moto,100 - 175 cc,Nhật Bản,6.0
37.5,34.5,40.5,Suzuki,GN,2019,20000,Tay côn/Moto,100 - 175 cc,Nhật Bản,6.0
29.0,36.6,42.96,Hãng khác,W175,2022,15000,Tay côn/Moto,100 - 175 cc,Thái Lan,6.359999999999999
28.5,21.87,25.67,Honda,Vision,2020,28000,Tay ga,100 - 175 cc,Việt Nam,3.8000000000000007
96.0,98.4,115.51,Honda,SH,2010,22000,Tay ga,100 - 175 cc,Nhật Bản,17.11
39.0,31.2,36.62,Honda,Spacy,2002,15000,Tay ga,100 - 175 cc,Nhật Bản,5.419999999999998
15.0,22.27,26.15,Piaggio,Vespa,2015,0,Tay ga,50 - 100 cc,Việt Nam,3.879999999999999
9.5,9.44,11.08,Honda,Dylan,2004,1234,Tay ga,100 - 175 cc,Nhật Bản,1.6400000000000006
31.0,27.41,32.18,Honda,SH Mode,2015,50000,Tay ga,100 - 175 cc,Nhật Bản,4.77
54.0,49.12,57.66,Piaggio,Vespa,trước năm 1980,10000,Tay côn/Moto,100 - 175 cc,Đang cập nhật,8.54
5.5,3.95,4.64,Hãng khác,Dòng khác,2008,40000,Tay ga,100 - 175 cc,Nước khác,0.6899999999999995
27.8,24.75,29.06,Honda,Winner X,2023,10000,Tay côn/Moto,100 - 175 cc,Việt Nam,4.309999999999999
9.0,9.04,10.61,Honda,Dòng khác,2000,99000,Xe số,50 - 100 cc,Việt Nam,1.5700000000000003
9.0,6.06,7.11,Honda,Wave,2010,30000,Xe số,100 - 175 cc,Việt Nam,1.0500000000000007
14.0,8.41,9.88,Honda,Cub,1986,30000,Xe số,Dưới 50 cc,Thái Lan,1.4700000000000006
60.0,59.58,69.94,Piaggio,Vespa,2023,9000,Tay ga,100 - 175 cc,Việt Nam,10.36
21.0,17.83,20.93,Honda,Winner X,2021,25316,Xe số,100 - 175 cc,Việt Nam,3.1000000000000014
60.0,65.28,76.63,Honda,SH,2009,19000,Tay ga,100 - 175 cc,Nước khác,11.349999999999994
29.5,12.59,14.78,Honda,Air Blade,2010,20000,Tay ga,100 - 175 cc,Nước khác,2.1899999999999995
59.9,61.85,72.6,Piaggio,Sprint,2023,3686,Tay ga,100 - 175 cc,Đang cập nhật,10.749999999999993
3.5,23.78,27.91,Yamaha,Dòng khác,2017,10000,Tay ga,100 - 175 cc,Trung Quốc,4.129999999999999
159.0,111.87,131.33,Honda,SH,2011,19000,Tay ga,100 - 175 cc,Nước khác,19.460000000000008
24.0,19.92,23.38,Yamaha,Exciter,2019,298000,Tay côn/Moto,100 - 175 cc,Đang cập nhật,3.4599999999999973
26.0,10.08,11.83,Honda,Wave,2003,20000,Xe số,100 - 175 cc,Việt Nam,1.75
40.0,13.41,15.74,Honda,Cub,2021,28000,Xe số,Dưới 50 cc,Đang cập nhật,2.33
42.0,37.85,44.43,Honda,Air Blade,2024,1000,Tay ga,100 - 175 cc,Việt Nam,6.579999999999998
23.0,14.8,17.37,Suzuki,GD,2018,31400,Tay côn/Moto,100 - 175 cc,Việt Nam,2.5700000000000003
29.5,26.31,30.89,Honda,Vision,2022,14673,Tay ga,100 - 175 cc,Nhật Bản,4.580000000000002
60.0,65.28,76.63,Honda,SH,2009,19000,Tay ga,100 - 175 cc,Nước khác,11.349999999999994
11.223344,10.91,12.81,Honda,Dòng khác,2010,25000,Tay ga,Dưới 50 cc,Nhật Bản,1.9000000000000004
13.456789,85.51,100.39,Honda,Dòng khác,2011,25000,Tay ga,Dưới 50 cc,Nhật Bản,14.879999999999995
35.0,21.51,25.25,Honda,Future,2007,80000,Xe số,100 - 175 cc,Đang cập nhật,3.7399999999999984
9.0,5.15,6.05,SYM,EZ,2008,120000,Xe số,100 - 175 cc,Đang cập nhật,0.8999999999999995
65.0,59.58,69.94,Piaggio,Vespa,2023,9000,Tay ga,100 - 175 cc,Việt Nam,10.36
5.8,3.82,4.48,SYM,Attila,2012,390000,Tay ga,100 - 175 cc,Đài Loan,0.6600000000000006
8.0,3.61,4.24,SYM,Elizabeth,2009,2000,Tay ga,100 - 175 cc,Hàn Quốc,0.6300000000000003
78.0,71.76,84.24,Hãng khác,Monster,2014,22000,Tay côn/Moto,Trên 175 cc,Đang cập nhật,12.47999999999999
29.8,24.75,29.06,Honda,Winner X,2023,8000,Tay côn/Moto,100 - 175 cc,Việt Nam,4.309999999999999
5.5,6.47,7.59,Yamaha,Mio,2011,9000,Tay ga,100 - 175 cc,Việt Nam,1.12
38.9,29.43,34.55,Honda,Winner X,2025,115,Tay côn/Moto,100 - 175 cc,Việt Nam,5.119999999999997
3.7,3.25,3.81,Suzuki,Hayate,2008,50000,Tay ga,100 - 175 cc,Đang cập nhật,0.56
26.0,23.33,27.39,Honda,Future,2021,40000,Xe số,100 - 175 cc,Việt Nam,4.060000000000002
25.0,23.0,27.0,Honda,Spacy,1994,25000,Tay ga,Trên 175 cc,Nhật Bản,4.0
27.5,23.44,27.51,Honda,Winner X,2022,23000,Tay côn/Moto,100 - 175 cc,Việt Nam,4.07
16.8,16.03,18.82,Honda,PCX,2011,250000,Tay ga,100 - 175 cc,Việt Nam,2.789999999999999
30.0,36.48,42.83,Honda,SH,2014,43000,Tay ga,100 - 175 cc,Việt Nam,6.350000000000001
32.0,28.79,33.8,Yamaha,Exciter,2022,40000,Tay côn/Moto,100 - 175 cc,Đang cập nhật,5.009999999999998
21.0,6.87,8.06,Honda,Wave,2012,18,Xe số,100 - 175 cc,Việt Nam,1.1900000000000004
2.5,2.4,2.81,SYM,Attila,2005,28000,Tay ga,100 - 175 cc,Đài Loan,0.41000000000000014
24.5,58.73,68.95,Suzuki,Sport / Xipo,1999,6000,Tay côn/Moto,100 - 175 cc,Thái Lan,10.220000000000006
4.6,4.34,5.09,SYM,Attila,2013,40000,Tay ga,100 - 175 cc,Việt Nam,0.75
5.8,4.18,4.9,Suzuki,Hayate,2012,790000,Tay ga,100 - 175 cc,Nhật Bản,0.7200000000000006
38.0,20.02,23.5,Honda,SH,2002,30000,Tay ga,100 - 175 cc,Nước khác,3.4800000000000004
99.999,14.53,17.05,Hãng khác,Dyna,2000,25000,Tay côn/Moto,Trên 175 cc,Nước khác,2.5200000000000014
23.5,19.03,22.34,Honda,Spacy,1997,77000,Tay ga,100 - 175 cc,Nhật Bản,3.3099999999999987
21.0,17.08,20.05,Honda,Winner X,2020,23145,Xe số,100 - 175 cc,Việt Nam,2.9700000000000024
4.7,6.06,7.11,Honda,Wave,2010,7979,Xe số,100 - 175 cc,Nhật Bản,1.0500000000000007
39.0,30.13,35.37,Honda,Vario,2019,34000,Tay ga,100 - 175 cc,Việt Nam,5.239999999999998
3.2,4.46,5.24,SYM,Angela,2003,80000,Xe số,100 - 175 cc,Đang cập nhật,0.7800000000000002
5.0,4.18,4.9,Suzuki,Hayate,2012,40000,Tay ga,100 - 175 cc,Việt Nam,0.7200000000000006
0.066,55.2,64.8,Honda,SH,2017,35000,Tay ga,100 - 175 cc,Nhật Bản,9.599999999999994
6.5,7.94,9.32,Honda,Wave,2014,6666,Xe số,100 - 175 cc,Nhật Bản,1.38
7.5,7.62,8.94,Honda,Air Blade,2008,2000,Tay ga,100 - 175 cc,Đang cập nhật,1.3199999999999994
33.0,39.18,45.99,Honda,SH,2015,50000,Tay ga,100 - 175 cc,Việt Nam,6.810000000000002
32.0,27.04,31.74,Honda,Future,2008,10000,Xe số,100 - 175 cc,Đang cập nhật,4.699999999999999
3.6,4.62,5.42,Yamaha,Mio,2008,30000,Tay ga,100 - 175 cc,Nhật Bản,0.7999999999999998
8.5,9.73,11.42,Honda,Wave,2016,35000,Xe số,100 - 175 cc,Nhật Bản,1.6899999999999995
22.5,19.2,22.55,Yamaha,Freego,2021,9000,Tay ga,100 - 175 cc,Nhật Bản,3.3500000000000014
78.0,58.13,68.25,Honda,SH,2018,46000,Tay ga,100 - 175 cc,Việt Nam,10.119999999999997
4.0,3.96,4.65,SYM,Elizabeth,2011,50000,Tay ga,100 - 175 cc,Việt Nam,0.6900000000000004
36.0,14.53,17.05,Hãng khác,Vento S,2022,21500,Tay ga,100 - 175 cc,Việt Nam,2.5200000000000014
16.0,15.31,17.97,Honda,Lead,2014,9700,Tay ga,100 - 175 cc,Đang cập nhật,2.6599999999999984
19.0,17.81,20.91,Yamaha,Jupiter,2023,10000,Xe số,100 - 175 cc,Việt Nam,3.1000000000000014
32.5,24.75,29.06,Honda,Winner X,2023,8000,Tay côn/Moto,100 - 175 cc,Việt Nam,4.309999999999999
3.5,6.61,7.76,Honda,Cub,1981,9999,Xe số,50 - 100 cc,Việt Nam,1.1499999999999995
25.5,23.44,27.51,Honda,Winner X,2022,19000,Tay côn/Moto,100 - 175 cc,Đang cập nhật,4.07
6.5,8.92,10.47,Yamaha,Nozza,2014,6666,Tay ga,100 - 175 cc,Nhật Bản,1.5500000000000007
8.0,9.73,11.42,Honda,Wave,2016,15000,Xe số,50 - 100 cc,Nhật Bản,1.6899999999999995
13.0,10.54,12.37,Honda,Vision,2012,12000,Tay ga,100 - 175 cc,Việt Nam,1.83
4.5,6.08,7.14,Yamaha,Mio,2016,52000,Tay ga,100 - 175 cc,Nhật Bản,1.0599999999999996
13.0,16.03,18.82,Honda,PCX,2011,127000,Tay ga,100 - 175 cc,Thái Lan,2.789999999999999
30.5,24.75,29.06,Honda,Winner X,2023,9000,Tay côn/Moto,100 - 175 cc,Việt Nam,4.309999999999999
16.0,13.82,16.22,Yamaha,Sirius,2024,1500,Xe số,100 - 175 cc,Nhật Bản,2.3999999999999986
22.0,18.47,21.68,Honda,Vision,2018,40000,Tay ga,100 - 175 cc,Đang cập nhật,3.210000000000001
25.0,13.59,15.96,Honda,Future,2016,10000,Xe số,100 - 175 cc,Việt Nam,2.370000000000001
3.5,3.24,3.8,SYM,Attila,2010,100000,Tay ga,100 - 175 cc,Việt Nam,0.5599999999999996
72.0,55.2,64.8,Honda,SH,2017,28000,Tay ga,100 - 175 cc,Việt Nam,9.599999999999994
59.0,43.05,50.54,Piaggio,Vespa,2022,2400,Tay ga,100 - 175 cc,Việt Nam,7.490000000000002
14.0,14.49,17.01,Honda,Dream,1996,43500,Xe số,50 - 100 cc,Thái Lan,2.5200000000000014
38.0,11.96,14.04,Honda,67,2017,99999,Tay côn/Moto,Dưới 50 cc,Đang cập nhật,2.0799999999999983
9.5,7.96,9.34,Hãng khác,Dòng khác,2020,12000,Xe số,Dưới 50 cc,Trung Quốc,1.38
22.5,13.96,16.39,Yamaha,Jupiter,2024,9940,Xe số,100 - 175 cc,Việt Nam,2.4299999999999997
25.0,22.27,26.15,Piaggio,Vespa,2015,35833,Tay ga,100 - 175 cc,Việt Nam,3.879999999999999
30.0,50.14,58.86,Honda,Vario,2017,10000,Tay ga,100 - 175 cc,Thái Lan,8.719999999999999
21.5,19.27,22.63,Honda,MSX 125,2017,56999,Tay côn/Moto,100 - 175 cc,Thái Lan,3.3599999999999994
2.9,5.1,5.98,Yamaha,Nouvo,2012,30000,Tay ga,100 - 175 cc,Nhật Bản,0.8800000000000008
16.5,16.92,19.86,Honda,Vision,2017,30000,Tay ga,100 - 175 cc,Nhật Bản,2.9399999999999977
35.0,70.52,82.79,Yamaha,Dòng khác,2024,4800,Xe số,100 - 175 cc,Đang cập nhật,12.27000000000001
67.5,61.32,71.98,Yamaha,XSR,2023,4156,Tay côn/Moto,100 - 175 cc,Đang cập nhật,10.660000000000004
29.125,29.98,35.19,Honda,Scoopy,2022,28900,Tay ga,100 - 175 cc,Thái Lan,5.209999999999997
20.3,16.92,19.86,Honda,Vision,2017,29000,Tay ga,100 - 175 cc,Việt Nam,2.9399999999999977
9.7,13.94,16.37,Honda,Future,2001,22000,Xe số,100 - 175 cc,Việt Nam,2.4300000000000015
75.0,98.4,115.51,Honda,SH,2010,30000,Tay ga,100 - 175 cc,Việt Nam,17.11
25.0,27.9,32.76,Honda,Lead,2021,10000,Tay ga,100 - 175 cc,Việt Nam,4.859999999999999
55.0,41.9,49.18,Yamaha,Exciter,2010,44999,Tay côn/Moto,100 - 175 cc,Đang cập nhật,7.280000000000001
5.6,8.5,9.98,Suzuki,Xbike,2012,50000,Xe số,100 - 175 cc,Nhật Bản,1.4800000000000004
18.0,13.66,16.04,Honda,Wave,2021,4400,Xe số,100 - 175 cc,Việt Nam,2.379999999999999
64.5,69.27,81.32,Honda,SH,2021,26000,Tay ga,100 - 175 cc,Đang cập nhật,12.049999999999997
36.0,28.79,33.8,Yamaha,Exciter,2022,4754,Tay côn/Moto,100 - 175 cc,Việt Nam,5.009999999999998
5.9,6.16,7.23,Yamaha,Jupiter,2004,20000,Xe số,100 - 175 cc,Nhật Bản,1.0700000000000003
8.35,7.62,8.94,Honda,Air Blade,2008,36000,Tay ga,100 - 175 cc,Nhật Bản,1.3199999999999994
6.5,6.82,8.01,Suzuki,Viva,2013,40000,Xe số,100 - 175 cc,Nhật Bản,1.1899999999999995
41.0,58.91,69.15,Piaggio,GTS,2019,26000,Tay ga,100 - 175 cc,Đang cập nhật,10.240000000000009
9.6,11.67,13.7,Honda,Lead,2013,42333,Tay ga,100 - 175 cc,Đang cập nhật,2.0299999999999994
17.2,15.52,18.22,Yamaha,Grande,2016,45333,Tay ga,100 - 175 cc,Đang cập nhật,2.6999999999999993
7.6,7.98,9.37,Honda,Lead,2012,83333,Tay ga,100 - 175 cc,Đang cập nhật,1.3899999999999988
31.0,28.85,33.87,Yamaha,TFX,2017,17000,Tay côn/Moto,100 - 175 cc,Nhật Bản,5.019999999999996
70.0,59.58,69.94,Piaggio,Vespa,2023,8000,Tay ga,100 - 175 cc,Đang cập nhật,10.36
16.0,7.2,8.45,Honda,Cub,1998,10,Xe số,50 - 100 cc,Nhật Bản,1.2499999999999991
29.9,28.85,33.87,Yamaha,TFX,2017,30000,Tay côn/Moto,100 - 175 cc,Nước khác,5.019999999999996
1.0,38.07,44.69,Honda,Air Blade,2025,12399,Tay ga,100 - 175 cc,Thái Lan,6.619999999999997
80.0,111.87,131.33,Honda,SH,2011,53000,Tay ga,100 - 175 cc,Việt Nam,19.460000000000008
6.0,4.94,5.8,Piaggio,LX,2010,200000,Tay ga,100 - 175 cc,Nước khác,0.8599999999999994
42.0,44.02,51.68,Yamaha,Nvx,2024,10000,Tay ga,100 - 175 cc,Việt Nam,7.659999999999997
33.0,32.95,38.68,Honda,Vario,2022,22000,Tay ga,100 - 175 cc,Nước khác,5.729999999999997
27.0,11.04,12.96,Honda,Dream,1992,100000,Xe số,50 - 100 cc,Thái Lan,1.9200000000000017
68.686,35.93,42.18,Honda,SH Mode,2018,50000,Tay ga,100 - 175 cc,Việt Nam,6.25
60.0,52.54,61.68,Honda,SH Mode,2023,30000,Tay ga,100 - 175 cc,Việt Nam,9.14
16.5,11.68,13.71,Honda,Wave,2019,9000,Xe số,100 - 175 cc,Đang cập nhật,2.030000000000001
34.5,30.1,35.33,Honda,SH Mode,2016,20000,Tay ga,100 - 175 cc,Việt Nam,5.229999999999997
75.0,16.31,19.14,Honda,Wave,2024,851,Xe số,100 - 175 cc,Đang cập nhật,2.830000000000002
3.0,52.61,61.76,Honda,Dòng khác,2023,9300,Tay côn/Moto,100 - 175 cc,Việt Nam,9.149999999999999
7.5,6.82,8.01,Honda,Cub,trước năm 1980,999,Xe số,Dưới 50 cc,Nhật Bản,1.1899999999999995
64.0,74.57,87.54,Honda,SH,2022,34000,Tay ga,100 - 175 cc,Việt Nam,12.970000000000013
13.5,11.43,13.42,Honda,Dylan,2015,680000,Tay ga,100 - 175 cc,Thái Lan,1.9900000000000002
29.0,14.51,17.04,Yamaha,Exciter,2013,9000,Xe số,100 - 175 cc,Nhật Bản,2.5299999999999994
10.2,8.97,10.53,Yamaha,Sirius,2018,50000,Xe số,100 - 175 cc,Nước khác,1.5599999999999987
19.0,16.53,19.41,Honda,Lead,2016,25000,Tay ga,100 - 175 cc,Việt Nam,2.879999999999999
29.8,23.96,28.12,Honda,Lead,2019,15000,Tay ga,100 - 175 cc,Đang cập nhật,4.16
5.7,4.87,5.71,SYM,Elizabeth,2014,50000,Tay ga,50 - 100 cc,Việt Nam,0.8399999999999999
57.8,41.9,49.18,Yamaha,Exciter,2010,45000,Tay côn/Moto,100 - 175 cc,Việt Nam,7.280000000000001
11.0,8.99,10.56,Honda,Air Blade,2012,81000,Tay ga,100 - 175 cc,Việt Nam,1.5700000000000003
48.0,30.0,35.22,Honda,MSX 125,2021,7700,Tay côn/Moto,100 - 175 cc,Thái Lan,5.219999999999999
20.8,19.93,23.4,Yamaha,Janus,2023,8000,Tay ga,100 - 175 cc,Việt Nam,3.469999999999999
172.0,101.46,119.11,Honda,SH,2012,38000,Tay ga,100 - 175 cc,Nước khác,17.650000000000006
70.0,55.2,64.8,Honda,SH,2017,35970,Tay ga,100 - 175 cc,Việt Nam,9.599999999999994
28.0,36.78,43.18,Yamaha,Nvx,2022,14500,Tay ga,100 - 175 cc,Nhật Bản,6.399999999999999
4.0,3.0,3.52,SYM,Attila,2008,55555,Tay ga,100 - 175 cc,Đài Loan,0.52
41.0,34.12,40.05,Honda,Air Blade,2022,23000,Tay ga,100 - 175 cc,Việt Nam,5.93
29.0,28.0,32.86,Honda,Vision,2023,80000,Xe số,100 - 175 cc,Nước khác,4.859999999999999
136000.0,74.57,87.54,Honda,SH,2022,1092,Tay ga,Trên 175 cc,Việt Nam,12.970000000000013
45.0,38.54,45.24,Honda,Lead,2024,6400,Tay ga,100 - 175 cc,Việt Nam,6.700000000000003
14.0,14.3,16.79,Honda,Future,2002,2869,Xe số,100 - 175 cc,Việt Nam,2.4899999999999984
25.0,8.9,10.45,Honda,Blade,2017,10000,Tay ga,100 - 175 cc,Việt Nam,1.549999999999999
31.0,25.66,30.12,Honda,Future,2010,30000,Xe số,100 - 175 cc,Việt Nam,4.460000000000001
18.0,10.55,12.38,Honda,Wave,2002,3000,Xe số,100 - 175 cc,Nhật Bản,1.83
8.9,10.02,11.76,Honda,Air Blade,2011,57000,Tay ga,100 - 175 cc,Đang cập nhật,1.7400000000000002
32.5,29.93,35.13,Honda,Air Blade,2020,19,Tay ga,100 - 175 cc,Đang cập nhật,5.200000000000003
117.5,73.25,85.99,Honda,SH,2023,5000,Tay ga,Trên 175 cc,Thái Lan,12.739999999999995
185.0,111.87,131.33,Honda,SH,2011,11800,Tay ga,100 - 175 cc,Nước khác,19.460000000000008
3.8,3.25,3.81,Suzuki,Hayate,2008,450000,Tay ga,100 - 175 cc,Việt Nam,0.56
30.0,23.17,27.2,Suzuki,GSX,2018,10000,Tay côn/Moto,100 - 175 cc,Việt Nam,4.029999999999998
29.0,25.66,30.12,Honda,Future,2010,36792,Xe số,100 - 175 cc,Việt Nam,4.460000000000001
29.0,25.66,30.12,Honda,Future,2010,36792,Xe số,100 - 175 cc,Đang cập nhật,4.460000000000001
55.0,21.39,25.11,Hãng khác,Dòng khác,trước năm 1980,1000,Tay côn/Moto,100 - 175 cc,Đang cập nhật,3.719999999999999
18.0,15.3,17.96,SYM,Husky,2018,30000,Tay côn/Moto,100 - 175 cc,Đài Loan,2.66
143.333333,133.06,156.2,Hãng khác,Z1000,2014,250000,Tay côn/Moto,Trên 175 cc,Nhật Bản,23.139999999999986
14.0,13.38,15.71,Honda,Winner,2017,50,Tay côn/Moto,100 - 175 cc,Việt Nam,2.33
66.0,55.2,64.8,Honda,SH,2017,70000,Tay ga,100 - 175 cc,Đang cập nhật,9.599999999999994
16.0,15.75,18.49,Yamaha,Exciter,2017,83000,Tay côn/Moto,50 - 100 cc,Việt Nam,2.7399999999999984
20.0,18.4,21.6,SYM,Husky,1998,50000,Tay côn/Moto,100 - 175 cc,Đài Loan,3.200000000000003
10.8,10.54,12.37,Honda,Vision,2012,2,Tay ga,100 - 175 cc,Đang cập nhật,1.83
5.9,3.58,4.2,Yamaha,Nouvo,2009,29999,Tay ga,100 - 175 cc,Việt Nam,0.6200000000000001
10.0,9.44,11.08,Honda,Dylan,2004,110000,Tay ga,100 - 175 cc,Đang cập nhật,1.6400000000000006
75.0,62.76,73.68,Honda,SH,2019,28000,Tay ga,100 - 175 cc,Việt Nam,10.920000000000009
31.0,10.02,11.76,Honda,Air Blade,2011,50000,Tay ga,100 - 175 cc,Thái Lan,1.7400000000000002
80.0,7.74,9.09,Honda,Spacy,2005,43941,Tay ga,100 - 175 cc,Nhật Bản,1.3499999999999996
8.2,6.82,8.01,Honda,Wave,2008,30000,Xe số,100 - 175 cc,Nhật Bản,1.1899999999999995
12.0,10.11,11.87,Yamaha,Sirius,2020,20000,Xe số,100 - 175 cc,Việt Nam,1.7599999999999998
35.0,3.55,4.17,Hãng khác,Dòng khác,2010,9000,Xe số,100 - 175 cc,Việt Nam,0.6200000000000001
8.0,5.1,5.99,Yamaha,Mio,2009,30000,Tay ga,100 - 175 cc,Nhật Bản,0.8900000000000006
29.5,30.13,35.37,Honda,Vario,2019,30000,Tay ga,100 - 175 cc,Nước khác,5.239999999999998
31.0,19.01,22.32,Piaggio,Vespa,2014,64446,Tay ga,100 - 175 cc,Việt Nam,3.3099999999999987
200.0,101.46,119.11,Honda,SH,2012,65000,Tay ga,100 - 175 cc,Nhật Bản,17.650000000000006
40.0,12.59,14.78,Honda,Air Blade,2010,34000,Tay ga,100 - 175 cc,Thái Lan,2.1899999999999995
8.0,7.31,8.58,Yamaha,Sirius,2012,149494,Xe số,50 - 100 cc,Nhật Bản,1.2700000000000005
42.0,36.92,43.34,Hãng khác,W175,2018,18700,Tay côn/Moto,100 - 175 cc,Đang cập nhật,6.420000000000002
9.5,9.35,10.98,Honda,Blade,2018,35000,Xe số,100 - 175 cc,Việt Nam,1.6300000000000008
68.0,62.76,73.68,Honda,SH,2019,19000,Tay ga,100 - 175 cc,Việt Nam,10.920000000000009
56.8,58.13,68.25,Honda,SH,2018,24000,Tay ga,100 - 175 cc,Việt Nam,10.119999999999997
59.95,14.53,17.05,Piaggio,Vespa S125,2022,19577,Tay ga,100 - 175 cc,Nước khác,2.5200000000000014
9.5,8.99,10.56,Honda,Air Blade,2012,46000,Tay ga,100 - 175 cc,Đang cập nhật,1.5700000000000003
5.5,5.1,5.99,Yamaha,Mio,2009,50000,Tay ga,100 - 175 cc,Đang cập nhật,0.8900000000000006
8.0,7.61,8.93,Yamaha,Sirius,2014,65000,Xe số,100 - 175 cc,Đang cập nhật,1.3199999999999994
9.5,7.61,8.93,Yamaha,Sirius,2014,123456,Xe số,100 - 175 cc,Việt Nam,1.3199999999999994
12.5,10.01,11.75,Piaggio,Vespa,2013,40000,Tay ga,100 - 175 cc,Việt Nam,1.7400000000000002
73.0,62.76,73.68,Honda,SH,2019,25,Tay ga,100 - 175 cc,Việt Nam,10.920000000000009
90.0,39.79,46.71,Honda,Spacy,2008,26000,Tay ga,100 - 175 cc,Nhật Bản,6.920000000000002
18.0,13.82,16.22,Yamaha,Sirius,2024,200000,Xe số,100 - 175 cc,Nước khác,2.3999999999999986
70.0,55.2,64.8,Honda,SH,2017,7000,Tay ga,100 - 175 cc,Đang cập nhật,9.599999999999994
27.0,24.75,29.06,Honda,Winner X,2023,15000,Tay côn/Moto,100 - 175 cc,Nhật Bản,4.309999999999999
33.0,101.46,119.11,Honda,SH,2012,180000,Tay ga,100 - 175 cc,Việt Nam,17.650000000000006
125.0,69.83,81.97,Honda,Dòng khác,1992,50000,Tay ga,Trên 175 cc,Nhật Bản,12.14
12.99,9.35,10.98,Honda,Blade,2018,38000,Xe số,100 - 175 cc,Nhật Bản,1.6300000000000008
41.0,38.21,44.86,Piaggio,Vespa,2018,27000,Tay ga,100 - 175 cc,Việt Nam,6.649999999999999
78.0,62.76,73.68,Honda,SH,2019,38000,Tay ga,100 - 175 cc,Đang cập nhật,10.920000000000009
8.9,12.59,14.78,Honda,Air Blade,2010,60000,Tay ga,50 - 100 cc,Nhật Bản,2.1899999999999995
38.5,30.13,35.37,Honda,Vario,2019,14000,Tay ga,100 - 175 cc,Việt Nam,5.239999999999998
7.2,6.39,7.5,Yamaha,Jupiter,2011,30000,Xe số,100 - 175 cc,Nhật Bản,1.1100000000000003
110.0,101.46,119.11,Honda,SH,2012,9999,Tay ga,100 - 175 cc,Nước khác,17.650000000000006
60.0,58.13,68.25,Honda,SH,2018,240000,Tay ga,100 - 175 cc,Việt Nam,10.119999999999997
17.5,13.83,16.24,Honda,Air Blade,2013,65000,Tay ga,100 - 175 cc,Việt Nam,2.4099999999999984
23.0,47.77,56.08,Yamaha,Dòng khác,2023,18000,Tay ga,100 - 175 cc,Nước khác,8.309999999999995
33.0,28.0,32.86,Honda,Vision,2023,4179,Tay ga,100 - 175 cc,Việt Nam,4.859999999999999
33.0,28.0,32.86,Honda,Vision,2023,4178,Tay ga,100 - 175 cc,Việt Nam,4.859999999999999
19.0,31.23,36.66,Yamaha,Dòng khác,2015,32000,Tay côn/Moto,100 - 175 cc,Nước khác,5.429999999999996
45.0,41.4,48.6,Yamaha,Nozza,2024,512,Tay ga,100 - 175 cc,Việt Nam,7.200000000000003
19.0,19.98,23.46,Honda,Air Blade,2016,29000,Tay ga,100 - 175 cc,Đang cập nhật,3.4800000000000004
200.0,98.4,115.51,Honda,SH,2010,81000,Tay ga,100 - 175 cc,Nước khác,17.11
140.0,127.87,150.11,Honda,Rebel,2023,3000,Tay côn/Moto,Trên 175 cc,Việt Nam,22.24000000000001
125.0,111.87,131.33,Honda,SH,2011,32000,Tay ga,100 - 175 cc,Việt Nam,19.460000000000008
0.0185,9.44,11.08,Honda,Dylan,2004,6667,Tay ga,100 - 175 cc,Nhật Bản,1.6400000000000006
12.5,19.24,22.58,Honda,Blade,2021,40000,Xe số,100 - 175 cc,Việt Nam,3.34
70.0,33.2,38.97,Honda,SH,2007,70000,Tay ga,100 - 175 cc,Nước khác,5.769999999999996
12.0,9.33,10.95,SYM,Angela,2019,21850,Xe số,Dưới 50 cc,Việt Nam,1.6199999999999992
7.268688,8.21,9.64,Yamaha,Nozza,2012,17000,Tay ga,100 - 175 cc,Việt Nam,1.4299999999999997
13.5,12.42,14.58,Hãng khác,Espero,2025,150,Xe số,Dưới 50 cc,Việt Nam,2.16
8.5,28.8,33.8,Honda,Click,2014,1000,Tay ga,100 - 175 cc,Việt Nam,4.9999999999999964
20.0,15.61,18.32,Honda,Dream,1999,200000,Xe số,50 - 100 cc,Đang cập nhật,2.710000000000001
9.5,6.58,7.72,Honda,Wave,2011,23000,Xe số,50 - 100 cc,Việt Nam,1.1399999999999997
10.0,18.05,21.19,Honda,Win,1994,53000,Tay côn/Moto,50 - 100 cc,Nước khác,3.1400000000000006
13.5,13.85,16.26,Yamaha,Janus,2018,33950,Tay ga,100 - 175 cc,Việt Nam,2.410000000000002
23.5,23.78,27.91,Honda,Air Blade,2019,93934,Tay ga,100 - 175 cc,Việt Nam,4.129999999999999
172.0,60.19,70.66,Honda,CBR,2021,15000,Tay côn/Moto,Trên 175 cc,Đang cập nhật,10.469999999999999
21.5,17.18,20.17,Yamaha,Janus,2022,25100,Tay ga,100 - 175 cc,Nhật Bản,2.990000000000002
40.5,40.04,47.0,Honda,PCX,2018,30000,Tay ga,100 - 175 cc,Đang cập nhật,6.960000000000001
25.0,13.7,16.08,Honda,Dòng khác,2020,10000,Tay ga,Dưới 50 cc,Nhật Bản,2.379999999999999
60.0,62.269999999999996,64.8,Honda,SH,2017,32000,Tay ga,100 - 175 cc,Đang cập nhật,2.530000000000001
35.0,27.45,32.22,Honda,CBR,2017,19000,Tay côn/Moto,100 - 175 cc,Đang cập nhật,4.77
27.0,30.13,35.37,Honda,Vario,2019,60000,Tay ga,100 - 175 cc,Việt Nam,5.239999999999998
9.0,8.83,10.36,Piaggio,LX,2012,20000,Tay ga,100 - 175 cc,Đang cập nhật,1.5299999999999994
26.5,21.1,24.77,Honda,Vision,2019,40000,Tay ga,100 - 175 cc,Việt Nam,3.669999999999998
109.0,14.53,17.05,Yamaha,XMAX,2023,14000,Tay ga,Trên 175 cc,Thái Lan,2.5200000000000014
75.0,14.53,17.05,Piaggio,GT,2019,9000,Tay ga,Trên 175 cc,Nước khác,2.5200000000000014
22.5,16.16,18.97,Yamaha,Exciter,2015,30000,Tay côn/Moto,100 - 175 cc,Nhật Bản,2.8099999999999987
11.8,8.25,9.68,Honda,@,2018,41000,Xe số,100 - 175 cc,Nhật Bản,1.4299999999999997
50.0,12.59,14.78,Honda,Air Blade,2010,5000,Tay ga,100 - 175 cc,Thái Lan,2.1899999999999995
8.9,7.25,8.51,Honda,Lead,2011,35000,Tay ga,100 - 175 cc,Nhật Bản,1.2599999999999998
160.0,55.2,64.8,Honda,SH,2017,48000,Tay ga,Trên 175 cc,Nước khác,9.599999999999994
10.5,15.81,18.56,Honda,Win,1997,20000,Xe số,50 - 100 cc,Nước khác,2.7499999999999982
8.0,7.98,9.37,Honda,Lead,2012,45890,Tay ga,100 - 175 cc,Nhật Bản,1.3899999999999988
8.0,9.83,11.54,Honda,Wave,2017,54000,Xe số,100 - 175 cc,Nhật Bản,1.709999999999999
6.0,5.52,6.48,Honda,Wave,1995,82590,Xe số,100 - 175 cc,Nhật Bản,0.9600000000000009
4.5,6.01,7.06,Yamaha,Jupiter,2010,50000,Xe số,100 - 175 cc,Việt Nam,1.0499999999999998
16.0,17.08,20.05,Honda,Winner X,2020,26000,Tay côn/Moto,100 - 175 cc,Việt Nam,2.9700000000000024
69.0,73.25,85.99,Honda,SH,2023,5200,Tay ga,100 - 175 cc,Việt Nam,12.739999999999995
16.0,11.67,13.7,Honda,Lead,2013,35363,Tay ga,100 - 175 cc,Nhật Bản,2.0299999999999994
9.2,9.92,11.65,Hãng khác,Nio Fi 50cc,2021,23000,Tay ga,Dưới 50 cc,Việt Nam,1.7300000000000004
2.9,2.59,3.04,SYM,Attila,2006,12345,Tay ga,100 - 175 cc,Việt Nam,0.4500000000000002
15.5,8.5,9.98,Yamaha,Jupiter,2007,50000,Xe số,100 - 175 cc,Thái Lan,1.4800000000000004
17.0,14.57,17.1,Honda,Winner,2018,400000,Tay côn/Moto,100 - 175 cc,Việt Nam,2.530000000000001
4.5,4.23,4.97,Yamaha,Taurus,2020,11000,Xe số,100 - 175 cc,Nhật Bản,0.7399999999999993
70.0,73.25,85.99,Honda,SH,2023,5100,Tay ga,100 - 175 cc,Đang cập nhật,12.739999999999995
38.5,27.9,32.76,Honda,Lead,2021,220000,Tay ga,100 - 175 cc,Đang cập nhật,4.859999999999999
31.0,28.14,33.04,Yamaha,TFX,2018,23000,Tay côn/Moto,100 - 175 cc,Nước khác,4.899999999999999
6.0,5.98,7.02,Yamaha,Luvias,2011,40000,Tay ga,100 - 175 cc,Nhật Bản,1.0399999999999991
5.0,6.82,8.01,Honda,Cub,trước năm 1980,20000,Xe số,Dưới 50 cc,Đang cập nhật,1.1899999999999995
8.0,8.61,10.1,Honda,Cub,1989,8000,Xe số,Dưới 50 cc,Nhật Bản,1.4900000000000002
38.0,36.71,43.1,Honda,Air Blade,2023,37,Tay ga,100 - 175 cc,Việt Nam,6.390000000000001
3.2,7.47,8.77,Yamaha,Nouvo,2015,10000,Tay ga,100 - 175 cc,Việt Nam,1.2999999999999998
5.0,6.99,8.2,Suzuki,Axelo,2017,80000,Tay côn/Moto,100 - 175 cc,Việt Nam,1.209999999999999
16.0,14.27,16.76,Honda,Wave,2023,23000,Xe số,100 - 175 cc,Việt Nam,2.490000000000002
30.0,11.0,12.91,Honda,Future,2013,950000,Xe số,100 - 175 cc,Nhật Bản,1.9100000000000001
8.0,8.62,10.11,Hãng khác,Dòng khác,2021,10000,Tay ga,Dưới 50 cc,Nước khác,1.4900000000000002
35.0,30.1,35.33,Honda,SH Mode,2016,55000,Tay ga,100 - 175 cc,Đang cập nhật,5.229999999999997
18.0,11.15,13.1,Suzuki,GN,1996,88888,Tay côn/Moto,Trên 175 cc,Nhật Bản,1.9499999999999993
15.0,15.75,18.49,Yamaha,Exciter,2017,24000,Tay côn/Moto,100 - 175 cc,Việt Nam,2.7399999999999984
12.0,20.77,24.39,Honda,Future,2019,12000,Xe số,100 - 175 cc,Việt Nam,3.620000000000001
41.5,27.9,32.76,Honda,Lead,2021,250000,Tay ga,100 - 175 cc,Việt Nam,4.859999999999999
53.5,47.9,56.24,Honda,SH Mode,2021,17000,Tay ga,100 - 175 cc,Đang cập nhật,8.340000000000003
9.9,14.16,16.63,Honda,Future,2000,15,Xe số,100 - 175 cc,Nhật Bản,2.469999999999999
22.5,18.47,21.68,Honda,Vision,2018,50000,Tay ga,50 - 100 cc,Nhật Bản,3.210000000000001
18.5,18.32,21.5,Honda,Future,2018,105000,Xe số,100 - 175 cc,Việt Nam,3.1799999999999997
9.5,8.83,10.36,Piaggio,LX,2012,800000,Tay ga,100 - 175 cc,Nước khác,1.5299999999999994
12.0,3.62,4.26,Honda,@,2010,30000,Xe số,50 - 100 cc,Việt Nam,0.6399999999999997
23.5,1.56,1.84,Suzuki,Dòng khác,2002,30,Tay ga,100 - 175 cc,Nước khác,0.28
21.0,21.1,24.77,Honda,Vision,2019,48775,Tay ga,100 - 175 cc,Việt Nam,3.669999999999998
7.7,8.28,9.73,Honda,Wave,2015,123456,Xe số,50 - 100 cc,Đang cập nhật,1.450000000000001
24.0,21.1,24.77,Honda,Vision,2019,30000,Tay ga,100 - 175 cc,Việt Nam,3.669999999999998
18.0,39.02,45.81,Honda,Cub,2023,42000,Xe số,50 - 100 cc,Nhật Bản,6.789999999999999
8.5,8.99,10.56,Honda,Air Blade,2012,50000,Tay ga,100 - 175 cc,Đang cập nhật,1.5700000000000003
14.8,15.19,17.83,Honda,Air Blade,2014,30000,Tay ga,100 - 175 cc,Việt Nam,2.639999999999999
21.5,21.1,24.77,Honda,Vision,2019,48775,Tay ga,100 - 175 cc,Việt Nam,3.669999999999998
29.0,26.31,30.89,Honda,Vision,2022,5000,Tay ga,100 - 175 cc,Nước khác,4.580000000000002
14.5,14.02,16.46,Yamaha,Janus,2020,16000,Tay ga,100 - 175 cc,Việt Nam,2.4400000000000013
12.0,14.53,17.05,Suzuki,Viva,2001,2345,Xe số,100 - 175 cc,Việt Nam,2.5200000000000014
9.0,11.03,12.95,Honda,Vision,2013,30000,Tay ga,100 - 175 cc,Nhật Bản,1.92
37.0,55.2,64.8,Honda,SH,2017,19000,Tay ga,100 - 175 cc,Việt Nam,9.599999999999994
10.0,8.99,10.56,Honda,Air Blade,2012,63000,Tay ga,100 - 175 cc,Việt Nam,1.5700000000000003
10.0,8.99,10.56,Honda,Air Blade,2012,63000,Tay ga,100 - 175 cc,Việt Nam,1.5700000000000003
19.0,17.08,20.05,Honda,Winner X,2020,60000,Tay côn/Moto,100 - 175 cc,Việt Nam,2.9700000000000024
76.0,75.76,88.93,Honda,SH,2024,3500,Tay ga,100 - 175 cc,Việt Nam,13.170000000000002
1.8,3.42,4.02,SYM,Elegant,2010,20000,Xe số,100 - 175 cc,Việt Nam,0.5999999999999996
26.5,21.1,24.77,Honda,Vision,2019,19000,Tay ga,100 - 175 cc,Đang cập nhật,3.669999999999998
173.0,111.87,131.33,Honda,SH,2011,18000,Tay ga,100 - 175 cc,Nước khác,19.460000000000008
22.0,17.35,20.37,Suzuki,Raider,2018,58000,Tay côn/Moto,100 - 175 cc,Việt Nam,3.0199999999999996
115.0,65.28,76.63,Honda,SH,2009,100000,Tay ga,100 - 175 cc,Nước khác,11.349999999999994
110.0,65.28,76.63,Honda,SH,2009,100000,Tay ga,100 - 175 cc,Nước khác,11.349999999999994
6.0,8.35,9.81,Yamaha,Sirius,2017,2000,Xe số,Dưới 50 cc,Hàn Quốc,1.4600000000000009
15.0,14.51,17.04,Yamaha,Exciter,2013,93966,Tay côn/Moto,100 - 175 cc,Việt Nam,2.5299999999999994
30.0,23.44,27.51,Honda,Winner X,2022,5640,Tay côn/Moto,100 - 175 cc,Việt Nam,4.07
3.0,9.2,10.8,Honda,Dòng khác,2005,23000,Tay ga,100 - 175 cc,Nhật Bản,1.6000000000000014
8.0,11.03,12.95,Honda,Vision,2013,39931,Tay ga,50 - 100 cc,Việt Nam,1.92
49.55,14.53,17.05,Yamaha,NM-X,2017,11000,Tay ga,100 - 175 cc,Nước khác,2.5200000000000014
16.5,11.67,13.7,Honda,Lead,2013,50000,Tay ga,Không biết rõ,Đang cập nhật,2.0299999999999994
91.9,82.34,96.66,Hãng khác,Z650,2018,1200,Tay côn/Moto,Trên 175 cc,Đang cập nhật,14.319999999999993
5.5,7.06,8.28,Yamaha,Mio,2012,100000,Tay ga,100 - 175 cc,Hàn Quốc,1.2199999999999998
14.0,13.85,16.26,Yamaha,Janus,2018,28615,Tay ga,100 - 175 cc,Đang cập nhật,2.410000000000002
3.7,17.14,20.13,Honda,Future,2005,98612,Xe số,100 - 175 cc,Nước khác,2.9899999999999984
22.0,12.14,14.26,Hãng khác,Demon 150GN,2021,20000,Tay côn/Moto,100 - 175 cc,Thái Lan,2.119999999999999
22.8,20.71,24.32,Honda,Air Blade,2017,39000,Tay ga,100 - 175 cc,Đang cập nhật,3.6099999999999994
40.0,39.06,45.86,Honda,CBR,2022,10000,Tay côn/Moto,100 - 175 cc,Việt Nam,6.799999999999997
66.0,74.57,87.54,Honda,SH,2022,11000,Tay ga,100 - 175 cc,Việt Nam,12.970000000000013
15.0,6.74,7.91,Piaggio,Vespa,2011,13000,Tay ga,100 - 175 cc,Việt Nam,1.17
9.0,7.45,8.74,Piaggio,Liberty,2013,20000,Tay ga,100 - 175 cc,Việt Nam,1.29
4.0,4.79,5.62,Hãng khác,Dòng khác,2014,999,Xe số,100 - 175 cc,Đang cập nhật,0.8300000000000001
42.0,32.75,38.45,Honda,Lead,2022,2700,Tay ga,100 - 175 cc,Việt Nam,5.700000000000003
84.999999,82.34,96.66,Hãng khác,Z650,2018,23000,Tay côn/Moto,Trên 175 cc,Nhật Bản,14.319999999999993
91.0,98.4,115.51,Honda,SH,2010,40000,Tay ga,100 - 175 cc,Nước khác,17.11
7.7,6.1,7.16,Honda,Lead,2009,50000,Tay ga,100 - 175 cc,Việt Nam,1.0600000000000005
4.0,13.39,15.72,Honda,Dream,2004,250000,Xe số,50 - 100 cc,Hàn Quốc,2.33
12.9,9.35,10.98,Honda,Blade,2018,38000,Xe số,100 - 175 cc,Nhật Bản,1.6300000000000008
12.0,14.57,17.1,Honda,Winner,2018,460000,Tay côn/Moto,100 - 175 cc,Nhật Bản,2.530000000000001
4.0,3.96,4.64,SYM,Galaxy,2016,40000,Tay côn/Moto,100 - 175 cc,Đang cập nhật,0.6799999999999997
127.0,73.25,85.99,Honda,SH,2023,5000,Tay ga,Trên 175 cc,Việt Nam,12.739999999999995
12.6,8.99,10.56,Honda,Air Blade,2012,77000,Tay ga,100 - 175 cc,Việt Nam,1.5700000000000003
81.5,79.75,93.62,Honda,Rebel,2019,6900,Tay côn/Moto,Trên 175 cc,Việt Nam,13.870000000000005
70.0,59.58,69.94,Piaggio,Vespa,2023,733,Tay ga,100 - 175 cc,Việt Nam,10.36
33.0,30.13,35.37,Honda,Vario,2019,40000,Tay ga,100 - 175 cc,Nước khác,5.239999999999998
35.0,28.79,33.8,Yamaha,Exciter,2022,16000,Tay côn/Moto,100 - 175 cc,Đang cập nhật,5.009999999999998
6.5,7.61,8.93,Yamaha,Sirius,2014,55500,Xe số,100 - 175 cc,Nhật Bản,1.3199999999999994
14.8,18.32,21.5,Honda,Future,2018,0,Xe số,100 - 175 cc,Việt Nam,3.1799999999999997
16.0,13.83,16.24,Honda,Air Blade,2013,69000,Tay ga,100 - 175 cc,Đang cập nhật,2.4099999999999984
13.0,23.78,27.91,Honda,Air Blade,2019,68886,Tay ga,100 - 175 cc,Đang cập nhật,4.129999999999999
375.0,14.53,17.05,Hãng khác,Dòng khác,2008,36000,Tay côn/Moto,Trên 175 cc,Nước khác,2.5200000000000014
14.0,15.75,18.49,Yamaha,Exciter,2017,78000,Tay côn/Moto,100 - 175 cc,Đang cập nhật,2.7399999999999984
23.0,19.92,23.38,Yamaha,Exciter,2019,27000,Tay côn/Moto,100 - 175 cc,Việt Nam,3.4599999999999973
7.5,6.1,7.16,Honda,Lead,2009,100000,Tay ga,50 - 100 cc,Nhật Bản,1.0600000000000005
10.2,6.31,7.4,Honda,Dòng khác,2008,100000,Tay côn/Moto,100 - 175 cc,Nhật Bản,1.0900000000000007
6.9,14.98,17.58,Piaggio,Liberty,2016,100000,Tay ga,100 - 175 cc,Việt Nam,2.599999999999998
5.4,47.9,56.24,Honda,SH Mode,2021,17386,Tay ga,100 - 175 cc,Việt Nam,8.340000000000003
41.5,12.56,14.75,Hãng khác,Dòng khác,2024,6000,Tay ga,100 - 175 cc,Việt Nam,2.1899999999999995
13.0,11.95,14.03,Yamaha,Jupiter,2016,69000,Xe số,100 - 175 cc,Việt Nam,2.08
4.2,9.62,11.3,Honda,Dream,2003,99999,Xe số,50 - 100 cc,Trung Quốc,1.6800000000000015
68.0,64.29,75.47,Piaggio,Sprint,2024,11000,Tay ga,100 - 175 cc,Nước khác,11.179999999999993
16.0,16.88,19.81,Honda,Vision,2016,18000,Tay ga,100 - 175 cc,Nhật Bản,2.9299999999999997
3.3,6.93,8.14,Honda,Wave,2006,30000,Xe số,50 - 100 cc,Trung Quốc,1.2100000000000009
3.1,14.53,17.05,SYM,EZ,2013,34567,Tay ga,100 - 175 cc,Đài Loan,2.5200000000000014
49.999999,34.12,40.05,Honda,Air Blade,2022,9500,Tay ga,100 - 175 cc,Đang cập nhật,5.93
322.0,333.96,392.04,Hãng khác,Fat Boy,2016,20000,Tay côn/Moto,Trên 175 cc,Đang cập nhật,58.08000000000004
31.5,26.58,31.2,Honda,Future,2023,222360,Xe số,100 - 175 cc,Việt Nam,4.620000000000001
6.0,5.1,5.99,Yamaha,Mio,2009,100000,Tay ga,100 - 175 cc,Thái Lan,0.8900000000000006
38.0,32.75,38.45,Honda,Lead,2022,7224,Tay ga,100 - 175 cc,Việt Nam,5.700000000000003
6.5,14.53,17.05,Honda,Lead,2011,45000,Tay ga,100 - 175 cc,Việt Nam,2.5200000000000014
29.0,27.45,32.22,Honda,Lead,2020,200000,Tay ga,100 - 175 cc,Việt Nam,4.77
18.5,28.79,33.8,Yamaha,Exciter,2022,90000,Tay côn/Moto,100 - 175 cc,Đang cập nhật,5.009999999999998
14.0,12.59,14.78,Honda,Air Blade,2010,97000,Tay ga,100 - 175 cc,Việt Nam,2.1899999999999995
26.0,19.92,23.38,Yamaha,Exciter,2019,28500,Tay côn/Moto,100 - 175 cc,Việt Nam,3.4599999999999973
18.0,10.41,12.22,Honda,Dream,2005,21000,Xe số,100 - 175 cc,Thái Lan,1.8100000000000005
59.0,42.81,50.25,Yamaha,Exciter,2006,17000,Xe số,100 - 175 cc,Thái Lan,7.439999999999998
8.0,9.83,11.54,Honda,Wave,2017,979425,Xe số,100 - 175 cc,Nhật Bản,1.709999999999999
1.8,15.19,17.83,Honda,Air Blade,2014,0,Tay ga,100 - 175 cc,Đang cập nhật,2.639999999999999
75.0,58.13,68.25,Honda,SH,2018,25000,Tay ga,100 - 175 cc,Việt Nam,10.119999999999997
35.0,34.12,40.05,Honda,Air Blade,2022,123456,Tay ga,100 - 175 cc,Đang cập nhật,5.93
85.0,75.76,88.93,Honda,SH,2024,7500,Tay ga,100 - 175 cc,Việt Nam,13.170000000000002
16.0,14.57,17.1,Honda,Winner,2018,200000,Tay côn/Moto,100 - 175 cc,Việt Nam,2.530000000000001
7.0,4.33,5.09,Hãng khác,Max,1999,999998,Xe số,50 - 100 cc,Nhật Bản,0.7599999999999998
139.0,151.93,178.35,Yamaha,XMAX,2024,950,Tay ga,Trên 175 cc,Nhật Bản,26.419999999999987
13.5,15.75,18.49,Yamaha,Exciter,2017,29000,Tay côn/Moto,100 - 175 cc,Đang cập nhật,2.7399999999999984
1.0,6.21,7.29,Yamaha,Mio,2005,50000,Tay ga,100 - 175 cc,Nhật Bản,1.08
3.8,6.09,7.15,Yamaha,Mio,2007,30000,Tay ga,100 - 175 cc,Thái Lan,1.0600000000000005
33.0,30.13,35.37,Honda,Vario,2019,500000,Tay ga,100 - 175 cc,Nước khác,5.239999999999998
115.0,72.53,85.14,Piaggio,Vespa,2024,7000,Tay ga,100 - 175 cc,Nước khác,12.61
280.0,10.12,11.88,Honda,Dòng khác,2012,30000,Tay ga,100 - 175 cc,Nước khác,1.7600000000000016
7.5,6.68,7.84,Honda,Lead,2010,45000,Tay ga,100 - 175 cc,Việt Nam,1.1600000000000001
11.0,10.17,11.94,Yamaha,Sirius,2021,10000,Xe số,100 - 175 cc,Đang cập nhật,1.7699999999999996
220.0,51.29,60.21,Yamaha,MT,2019,15000,Tay côn/Moto,Trên 175 cc,Nhật Bản,8.920000000000002
5.5,8.52,10.0,Honda,Cub,1996,1300,Xe số,Dưới 50 cc,Việt Nam,1.4800000000000004
14.0,14.3,16.79,Honda,Future,2002,30000,Xe số,50 - 100 cc,Việt Nam,2.4899999999999984
25.0,11.43,13.42,Honda,Dylan,2015,61000,Tay ga,100 - 175 cc,Nhật Bản,1.9900000000000002
32.49,29.9,35.1,Honda,Vision,2024,4000,Tay ga,100 - 175 cc,Đang cập nhật,5.200000000000003
53.0,41.9,49.18,Yamaha,Exciter,2010,20000,Tay côn/Moto,100 - 175 cc,Đang cập nhật,7.280000000000001
10.5,11.68,13.71,Honda,Wave,2019,39000,Xe số,100 - 175 cc,Việt Nam,2.030000000000001
26.0,19.92,23.38,Yamaha,Exciter,2019,24998,Tay côn/Moto,100 - 175 cc,Việt Nam,3.4599999999999973
5.0,14.57,17.1,Honda,Winner,2018,44000,Tay côn/Moto,100 - 175 cc,Đang cập nhật,2.530000000000001
7.9,7.94,9.32,Honda,Wave,2014,45000,Xe số,100 - 175 cc,Việt Nam,1.38
13.5,15.75,18.49,Yamaha,Exciter,2017,29000,Tay côn/Moto,100 - 175 cc,Đang cập nhật,2.7399999999999984
12.0,10.02,11.76,Honda,Air Blade,2011,32000,Tay ga,100 - 175 cc,Việt Nam,1.7400000000000002
15.5,14.62,17.16,Yamaha,Exciter,2016,100000,Tay côn/Moto,100 - 175 cc,Việt Nam,2.540000000000001
2.5,4.23,4.97,SYM,Elizabeth,2012,23456,Tay ga,100 - 175 cc,Đài Loan,0.7399999999999993
39.0,11.14,13.08,Honda,Dream,2015,30600,Xe số,100 - 175 cc,Nhật Bản,1.9399999999999995
37.0,29.9,35.1,Honda,Vision,2024,300,Tay ga,100 - 175 cc,Việt Nam,5.200000000000003
6.0,11.21,13.16,Honda,Dòng khác,2006,51000,Tay ga,100 - 175 cc,Trung Quốc,1.9499999999999993
9.0,10.73,12.6,Yamaha,Acruzo,2017,30000,Tay ga,100 - 175 cc,Việt Nam,1.8699999999999992
32.9,29.9,35.1,Honda,Vision,2024,4000,Tay ga,100 - 175 cc,Đang cập nhật,5.200000000000003
33.9,29.9,35.1,Honda,Vision,2024,4000,Tay ga,100 - 175 cc,Đang cập nhật,5.200000000000003
34.5,29.5,34.63,Honda,Vision,2025,4000,Tay ga,100 - 175 cc,Việt Nam,5.130000000000003
13.0,39.02,45.81,Honda,Cub,2023,1100,Xe số,50 - 100 cc,Việt Nam,6.789999999999999
35.0,14.53,17.05,Hãng khác,Rebell,2008,44000,Tay côn/Moto,100 - 175 cc,Nước khác,2.5200000000000014
17.0,15.19,17.83,Honda,Air Blade,2014,600000,Tay ga,100 - 175 cc,Việt Nam,2.639999999999999
6.8,7.25,8.51,Honda,Lead,2011,60,Tay ga,100 - 175 cc,Việt Nam,1.2599999999999998
42.5,30.13,35.37,Honda,Vario,2019,20000,Tay ga,100 - 175 cc,Nước khác,5.239999999999998
29.5,27.45,32.22,Honda,Lead,2020,35500,Tay ga,100 - 175 cc,Việt Nam,4.77
32.0,10.02,11.76,Honda,Air Blade,2011,54000,Tay ga,100 - 175 cc,Thái Lan,1.7400000000000002
10.5,8.99,10.56,Honda,Air Blade,2012,35000,Tay ga,100 - 175 cc,Việt Nam,1.5700000000000003
14.8,14.57,17.1,Honda,Winner,2018,60000,Tay côn/Moto,100 - 175 cc,Việt Nam,2.530000000000001
31.5,27.45,32.22,Honda,Lead,2020,35500,Tay ga,100 - 175 cc,Việt Nam,4.77
30.0,9.31,10.92,Suzuki,Dòng khác,2013,50000,Tay côn/Moto,100 - 175 cc,Nhật Bản,1.6099999999999994
17.5,12.14,14.26,Hãng khác,Demon 150GN,2021,12531,Tay côn/Moto,100 - 175 cc,Thái Lan,2.119999999999999
39.0,22.35,26.24,Honda,Air Blade,2018,48000,Tay ga,100 - 175 cc,Việt Nam,3.889999999999997
8.5,10.01,11.75,Piaggio,Vespa,2013,31000,Tay ga,100 - 175 cc,Nước khác,1.7400000000000002
25.0,16.31,19.14,Honda,Wave,2024,5500,Xe số,100 - 175 cc,Đang cập nhật,2.830000000000002
40.499,38.21,44.86,Piaggio,Vespa,2018,20000,Tay ga,100 - 175 cc,Việt Nam,6.649999999999999
31.5,43.32,50.85,Yamaha,R,2022,12750,Tay côn/Moto,100 - 175 cc,Đang cập nhật,7.530000000000001
35.0,30.54,35.86,Hãng khác,Kawasaki,2018,52000,Tay côn/Moto,Trên 175 cc,Nhật Bản,5.32
19.5,21.1,24.77,Honda,Vision,2019,45000,Tay ga,100 - 175 cc,Việt Nam,3.669999999999998
23.5,23.78,27.91,Honda,Air Blade,2019,55000,Tay ga,100 - 175 cc,Nhật Bản,4.129999999999999
38.888888,29.93,35.13,Honda,Air Blade,2020,14000,Tay ga,100 - 175 cc,Việt Nam,5.200000000000003
6.5,4.32,5.07,SYM,Elizabeth,2015,18000,Tay ga,100 - 175 cc,Đang cập nhật,0.75
33.0,30.13,35.37,Honda,Vario,2019,400000,Tay ga,100 - 175 cc,Đang cập nhật,5.239999999999998
5.8,4.87,5.71,SYM,Elizabeth,2014,12345,Tay ga,100 - 175 cc,Việt Nam,0.8399999999999999
33.0,32.29,37.91,Honda,Air Blade,2021,32000,Tay ga,100 - 175 cc,Việt Nam,5.619999999999997
11.5,6.93,8.14,Honda,Wave,2006,23000,Xe số,100 - 175 cc,Nhật Bản,1.2100000000000009
10.0,9.73,11.42,Honda,Wave,2016,14000,Xe số,100 - 175 cc,Việt Nam,1.6899999999999995
42.0,40.04,47.0,Honda,PCX,2018,13444,Tay ga,100 - 175 cc,Việt Nam,6.960000000000001
27.0,24.09,28.28,Honda,PCX,2015,80000,Tay ga,100 - 175 cc,Việt Nam,4.190000000000001
24.0,81.44,95.6,Honda,CB,2019,60000,Tay côn/Moto,100 - 175 cc,Đang cập nhật,14.159999999999997
100.0,74.57,87.54,Honda,SH,2022,2325,Tay ga,100 - 175 cc,Việt Nam,12.970000000000013
4.7,7.96,9.34,Hãng khác,Dòng khác,2020,100000,Tay ga,Dưới 50 cc,Đài Loan,1.38
12.5,12.59,14.78,Honda,Air Blade,2010,900000,Tay ga,100 - 175 cc,Việt Nam,2.1899999999999995
19.5,20.71,24.32,Honda,Air Blade,2017,45000,Tay ga,100 - 175 cc,Việt Nam,3.6099999999999994
13.5,10.6,12.44,SYM,Galaxy,2022,10000,Xe số,Dưới 50 cc,Đang cập nhật,1.8399999999999999
9.0,10.39,12.2,Honda,Wave,2018,11111,Xe số,100 - 175 cc,Việt Nam,1.8099999999999987
55.0,43.1,50.6,Piaggio,Vespa,2020,9300,Tay ga,100 - 175 cc,Việt Nam,7.5
12.0,8.99,10.56,Honda,Air Blade,2012,52000,Tay ga,100 - 175 cc,Nhật Bản,1.5700000000000003
7.5,5.98,7.02,Yamaha,Luvias,2011,15000,Tay ga,100 - 175 cc,Hàn Quốc,1.0399999999999991
7.0,9.64,11.32,Yamaha,Sirius,2019,70000,Xe số,100 - 175 cc,Việt Nam,1.6799999999999997
3.3,6.45,7.57,Honda,Dòng khác,2009,20000,Xe số,100 - 175 cc,Đài Loan,1.12
8.5,11.95,14.03,Yamaha,Jupiter,2016,55000,Xe số,100 - 175 cc,Nhật Bản,2.08
29.8,40.04,47.0,Honda,PCX,2018,35000,Tay ga,100 - 175 cc,Nhật Bản,6.960000000000001
20.0,16.1,18.9,Yamaha,Janus,2021,17070,Tay ga,Không biết rõ,Việt Nam,2.799999999999997
13.5,10.19,11.97,Honda,Dream,1990,20000,Xe số,50 - 100 cc,Thái Lan,1.7800000000000011
14.0,15.19,17.83,Honda,Air Blade,2014,80000,Tay ga,100 - 175 cc,Nhật Bản,2.639999999999999
58.0,51.39,60.33,Piaggio,Vespa,2021,2762,Tay ga,100 - 175 cc,Việt Nam,8.939999999999998
15.3,14.15,16.61,Honda,Future,2000,12000,Xe số,100 - 175 cc,Việt Nam,2.459999999999999
26.99,26.38,30.97,Suzuki,GSX,2019,55000,Tay côn/Moto,100 - 175 cc,Đang cập nhật,4.59
45.0,34.36,40.34,Piaggio,Vespa,2017,30000,Tay ga,100 - 175 cc,Việt Nam,5.980000000000004
38.0,44.59,52.35,Honda,SH,2016,100000,Tay ga,100 - 175 cc,Nhật Bản,7.759999999999998
5.5,4.65,5.45,Yamaha,Taurus,2010,500000,Xe số,100 - 175 cc,Nhật Bản,0.7999999999999998
130.0,142.6,167.4,Honda,CB,2014,50000,Tay côn/Moto,Trên 175 cc,Nước khác,24.80000000000001
19.5,16.36,19.2,Yamaha,Grande,2017,23000,Tay ga,Trên 175 cc,Việt Nam,2.84
5.5,5.27,6.19,Piaggio,Zip,2010,19658,Tay ga,100 - 175 cc,Nước khác,0.9200000000000008
95.0,40.54,47.59,Honda,Vario,2018,1830,Tay ga,100 - 175 cc,Nước khác,7.050000000000004
57.0,36.71,43.1,Honda,Air Blade,2023,5000,Tay ga,100 - 175 cc,Việt Nam,6.390000000000001
46.0,15.9,18.67,Honda,Dream,1997,6789,Xe số,100 - 175 cc,Thái Lan,2.7700000000000014
11.0,9.74,11.44,Piaggio,Vespa,2013,25000,Tay ga,100 - 175 cc,Nước khác,1.6999999999999993
25.0,39.46,46.33,Suzuki,Sport / Xipo,2000,100000,Tay côn/Moto,100 - 175 cc,Đang cập nhật,6.869999999999997
58.5,52.52,61.65,Honda,SH Mode,2023,2800,Tay ga,100 - 175 cc,Việt Nam,9.129999999999995
9.5,6.88,8.07,Honda,Click,2008,55,Tay ga,100 - 175 cc,Việt Nam,1.1900000000000004
12.0,11.04,12.96,Piaggio,ET8,2000,27000,Tay ga,100 - 175 cc,Nước khác,1.9200000000000017
115.0,111.75,131.19,Honda,SH,2011,100000,Tay ga,100 - 175 cc,Nước khác,19.439999999999998
285.0,202.63,237.87,Suzuki,Sport / Xipo,2021,9999,Tay côn/Moto,100 - 175 cc,Đang cập nhật,35.24000000000001
7.9,8.1,9.5,Suzuki,Impulse,2014,34567,Tay ga,100 - 175 cc,Đang cập nhật,1.4000000000000004
5.0,8.66,10.17,Honda,Air Blade,2009,737486,Tay ga,100 - 175 cc,Việt Nam,1.5099999999999998
14.1,11.61,13.62,Honda,Future,2014,35,Xe số,100 - 175 cc,Việt Nam,2.01
65.0,13.65,16.03,Honda,Wave,2021,100000,Xe số,100 - 175 cc,Thái Lan,2.380000000000001
24.0,22.62,26.56,Yamaha,Exciter,2020,30000,Tay côn/Moto,100 - 175 cc,Việt Nam,3.9399999999999977
20.0,15.94,18.72,Yamaha,Exciter,2011,666666,Tay côn/Moto,100 - 175 cc,Việt Nam,2.7799999999999994
36.0,26.85,31.52,Yamaha,Dòng khác,2019,5000,Tay côn/Moto,100 - 175 cc,Việt Nam,4.669999999999998
12.8,8.81,10.34,Yamaha,Nozza,2013,25000,Tay ga,100 - 175 cc,Việt Nam,1.5299999999999994
43.5,22.14,25.99,Honda,Scoopy,2019,9000,Tay ga,100 - 175 cc,Thái Lan,3.849999999999998
48.0,38.82,45.57,Honda,SH,2015,200000,Tay ga,100 - 175 cc,Đang cập nhật,6.75
7.5,13.97,16.4,Honda,Dream,1996,99999,Xe số,50 - 100 cc,Thái Lan,2.429999999999998
58.0,44.64,52.4,Honda,SH,2006,30000,Tay ga,100 - 175 cc,Nước khác,7.759999999999998
5.2,5.18,6.08,Honda,SCR,2009,1,Tay ga,100 - 175 cc,Đang cập nhật,0.9000000000000004
71.0,62.96,73.91,Yamaha,XSR,2024,800,Tay côn/Moto,100 - 175 cc,Đang cập nhật,10.949999999999996
39.0,28.55,33.52,Piaggio,Sprint,2015,6000,Tay ga,100 - 175 cc,Đang cập nhật,4.970000000000002
49.0,26.94,31.63,Honda,Future,2008,40,Xe số,100 - 175 cc,Thái Lan,4.689999999999998
27.0,23.44,27.52,Honda,Winner X,2022,24000,Tay côn/Moto,100 - 175 cc,Việt Nam,4.079999999999998
26.5,7.87,9.24,Honda,Cub,2009,5820,Xe số,Dưới 50 cc,Nhật Bản,1.37
9.0,6.59,7.73,Piaggio,Liberty,2011,9999,Tay ga,100 - 175 cc,Việt Nam,1.1400000000000006
235.0,216.2,253.8,Hãng khác,Superlow,2020,4985,Tay côn/Moto,Trên 175 cc,Nước khác,37.60000000000002
25.0,20.16,23.67,Suzuki,Satria,2019,31334,Tay côn/Moto,100 - 175 cc,Việt Nam,3.5100000000000016
33.5,14.53,17.05,Yamaha,Exciter,2013,33333,Tay côn/Moto,100 - 175 cc,Đang cập nhật,2.5200000000000014
20.0,17.08,20.05,Honda,Winner X,2020,29000,Tay côn/Moto,100 - 175 cc,Việt Nam,2.9700000000000024
12.0,6.5,7.63,Honda,Cub,1982,39000,Xe số,50 - 100 cc,Nhật Bản,1.13
55.0,41.71,48.96,Piaggio,Sprint,2018,4000,Tay ga,100 - 175 cc,Việt Nam,7.25
72.5,75.95,89.16,Honda,SH,2024,10500,Tay ga,100 - 175 cc,Việt Nam,13.209999999999994
82.5,66.3,77.83,Honda,SH,2020,21000,Tay ga,100 - 175 cc,Việt Nam,11.530000000000001
5.2,5.44,6.38,Yamaha,Mio,2004,10000,Tay ga,100 - 175 cc,Việt Nam,0.9399999999999995
40.0,14.53,17.05,Hãng khác,BX 150,2019,90000,Tay côn/Moto,Không biết rõ,Nước khác,2.5200000000000014
55.0,15.97,18.75,Honda,Air Blade,2015,60000,Tay ga,100 - 175 cc,Việt Nam,2.7799999999999994
8.999999,6.88,8.07,Honda,Click,2008,33000,Tay ga,Không biết rõ,Nước khác,1.1900000000000004
12.0,6.77,7.94,Honda,Wave,2008,150,Xe số,50 - 100 cc,Đang cập nhật,1.1700000000000008
12.5,11.15,13.1,Hãng khác,Dòng khác,2023,2000,Xe số,Dưới 50 cc,Nhật Bản,1.9499999999999993
13.0,22.73,26.69,Honda,Wave,1999,100000,Xe số,100 - 175 cc,Thái Lan,3.960000000000001
9.8,5.62,6.6,Honda,Cub,1998,30000,Xe số,50 - 100 cc,Việt Nam,0.9799999999999995
85.0,40.54,47.59,Honda,Vario,2018,2500,Tay ga,100 - 175 cc,Nước khác,7.050000000000004
68.9,57.96,68.03,Honda,SH,2018,20000,Tay ga,100 - 175 cc,Đang cập nhật,10.07
22.999999,20.85,24.48,Honda,Future,2019,47000,Xe số,100 - 175 cc,Việt Nam,3.629999999999999
36.0,30.2,35.45,Honda,Vario,2019,20000,Tay ga,100 - 175 cc,Nước khác,5.2500000000000036
28.5,20.01,23.49,Honda,Winner,2022,16000,Tay côn/Moto,100 - 175 cc,Việt Nam,3.479999999999997
100.0,92.39,108.46,Hãng khác,Z800,2015,26000,Tay côn/Moto,Trên 175 cc,Nhật Bản,16.069999999999993
95.0,87.4,102.6,Hãng khác,GV,2024,850,Tay côn/Moto,Trên 175 cc,Đang cập nhật,15.199999999999989
5.5,4.16,4.89,Yamaha,Nouvo,2011,68000,Tay ga,100 - 175 cc,Nhật Bản,0.7299999999999995
19.5,15.73,18.46,Yamaha,Exciter,2017,61000,Tay côn/Moto,100 - 175 cc,Việt Nam,2.7300000000000004
98.0,30.13,35.37,Yamaha,Dòng khác,2016,17000,Xe số,100 - 175 cc,Thái Lan,5.239999999999998
45.0,41.94,49.23,Yamaha,Exciter,2006,40000,Xe số,100 - 175 cc,Đang cập nhật,7.289999999999999
5.7,7.21,8.46,Honda,Wave,2007,50000,Xe số,100 - 175 cc,Hàn Quốc,1.2500000000000009
11.5,10.0,11.74,Honda,Wave,2017,51000,Xe số,100 - 175 cc,Nhật Bản,1.7400000000000002
21.0,15.73,18.46,Yamaha,Exciter,2017,61000,Tay côn/Moto,100 - 175 cc,Nhật Bản,2.7300000000000004
12.5,6.88,8.07,Honda,Click,2008,30000,Tay ga,100 - 175 cc,Việt Nam,1.1900000000000004
39.0,36.06,42.33,Honda,Vario,2023,0,Tay ga,100 - 175 cc,Đang cập nhật,6.269999999999996
22.0,17.58,20.64,Suzuki,Raider,2018,26800,Tay côn/Moto,100 - 175 cc,Nước khác,3.0600000000000023
12.0,9.54,11.2,Honda,Wave,2016,64000,Xe số,100 - 175 cc,Việt Nam,1.6600000000000001
12.5,11.43,13.42,Honda,Wave,2020,18000,Xe số,Dưới 50 cc,Việt Nam,1.9900000000000002
8.5,6.19,7.26,Yamaha,Mio,2016,69999,Tay ga,100 - 175 cc,Nhật Bản,1.0699999999999994
49.0,41.61,48.85,Yamaha,Exciter,2010,15000,Xe số,100 - 175 cc,Thái Lan,7.240000000000002
55.5,44.41,52.14,Piaggio,Sprint,2019,8000,Tay ga,100 - 175 cc,Nước khác,7.730000000000004
8.2,6.94,8.14,Hãng khác,Candy S,2010,12345,Tay ga,Dưới 50 cc,Đài Loan,1.2000000000000002
23.0,32.43,38.07,Honda,CBR,2013,77000,Tay côn/Moto,100 - 175 cc,Thái Lan,5.640000000000001
40.0,19.81,23.26,Yamaha,Exciter,2019,30000,Tay côn/Moto,100 - 175 cc,Việt Nam,3.450000000000003
100.0,74.3,87.23,Honda,SH,2022,18600,Tay ga,100 - 175 cc,Nhật Bản,12.930000000000007
0.023,22.28,26.15,Hãng khác,Django,2017,20000,Tay ga,100 - 175 cc,Nước khác,3.8699999999999974
6.8,7.06,8.28,Honda,Air Blade,2007,9999,Tay ga,100 - 175 cc,Nhật Bản,1.2199999999999998
190.0,38.82,45.57,Honda,SH,2015,20000,Tay ga,100 - 175 cc,Nước khác,6.75
13.0,9.85,11.56,Honda,Air Blade,2011,610000,Tay ga,100 - 175 cc,Việt Nam,1.7100000000000009
150.0,4.6,5.4,Honda,Dòng khác,1982,32000,Xe số,Trên 175 cc,Nhật Bản,0.8000000000000007
32.0,31.97,37.53,Honda,Vario,2020,49000,Tay ga,100 - 175 cc,Nước khác,5.560000000000002
82.0,9.16,10.76,Honda,Dòng khác,2000,32000,Xe số,100 - 175 cc,Nhật Bản,1.5999999999999996
23.5,15.9,18.67,Honda,Dream,1997,20000,Xe số,50 - 100 cc,Thái Lan,2.7700000000000014
34.0,28.44,33.39,Yamaha,Exciter,2022,1234,Xe số,100 - 175 cc,Việt Nam,4.949999999999999
21.5,19.6,23.0,Yamaha,Nvx,2017,63000,Tay ga,100 - 175 cc,Việt Nam,3.3999999999999986
25.0,12.7,14.9,SYM,Attila,2024,2154,Tay ga,50 - 100 cc,Đang cập nhật,2.200000000000001
18.5,20.04,23.53,Honda,Air Blade,2016,38000,Tay ga,100 - 175 cc,Đang cập nhật,3.490000000000002
10.0,8.81,10.34,Yamaha,Nozza,2013,300000,Tay ga,50 - 100 cc,Việt Nam,1.5299999999999994
17.7,15.73,18.46,Yamaha,Exciter,2017,50000,Tay côn/Moto,100 - 175 cc,Đang cập nhật,2.7300000000000004
9.0,8.66,10.17,Honda,Air Blade,2009,100000,Tay ga,100 - 175 cc,Việt Nam,1.5099999999999998
17.54,15.73,18.46,Yamaha,Exciter,2017,50000,Tay côn/Moto,100 - 175 cc,Đang cập nhật,2.7300000000000004
20.0,17.08,20.05,Honda,Winner X,2020,34300,Tay côn/Moto,100 - 175 cc,Việt Nam,2.9700000000000024
22.5,19.6,23.0,Yamaha,Nvx,2017,12000,Tay ga,100 - 175 cc,Việt Nam,3.3999999999999986
21.0,17.08,20.05,Honda,Winner X,2020,30000,Tay côn/Moto,100 - 175 cc,Nhật Bản,2.9700000000000024
2.5,2.42,2.84,SYM,Attila,2006,37041,Tay ga,100 - 175 cc,Việt Nam,0.41999999999999993
15.0,14.3,16.79,Honda,Future,2017,74000,Xe số,100 - 175 cc,Việt Nam,2.4899999999999984
310.0,14.53,17.05,Honda,CB,2013,15000,Xe số,Trên 175 cc,Nhật Bản,2.5200000000000014
19.0,15.39,18.06,Honda,Lead,2015,50000,Tay ga,100 - 175 cc,Đang cập nhật,2.669999999999998
58.0,43.64,51.23,Yamaha,Exciter,2009,30000,Xe số,100 - 175 cc,Nhật Bản,7.589999999999996
23.5,19.6,23.0,Yamaha,Nvx,2017,63702,Tay ga,100 - 175 cc,Việt Nam,3.3999999999999986
58.888888,43.64,51.23,Yamaha,Exciter,2009,30000,Xe số,100 - 175 cc,Việt Nam,7.589999999999996
25.999999,26.08,30.62,Yamaha,Exciter,2025,11111,Tay côn/Moto,100 - 175 cc,Việt Nam,4.540000000000003
90.0,189.77,222.77,Hãng khác,Dòng khác,2020,13000,Tay côn/Moto,Trên 175 cc,Nước khác,33.0
5.5,36.49,42.84,Piaggio,Vespa,2025,9999,Tay ga,Không biết rõ,Nước khác,6.350000000000001
110.0,74.21,87.11,Honda,SH,2023,2913,Tay ga,Trên 175 cc,Đang cập nhật,12.900000000000006
12.8,9.05,10.62,SYM,Galaxy,2021,11,Xe số,100 - 175 cc,Đài Loan,1.5699999999999985
46.0,36.06,42.33,Honda,Vario,2023,17000,Tay ga,100 - 175 cc,Việt Nam,6.269999999999996
5.0,4.6,5.4,Hãng khác,Dòng khác,2021,10000,Tay côn/Moto,100 - 175 cc,Nước khác,0.8000000000000007
22.0,6.16,7.23,Hãng khác,Dòng khác,2012,100000,Tay côn/Moto,100 - 175 cc,Nước khác,1.0700000000000003
17.0,7.67,9.0,Suzuki,Dòng khác,2015,20000,Tay ga,50 - 100 cc,Nhật Bản,1.33
9.0,7.22,8.48,Honda,Click,2009,0,Tay ga,100 - 175 cc,Thái Lan,1.2600000000000007
38.8,31.97,37.53,Honda,Vario,2020,19000,Tay ga,100 - 175 cc,Đang cập nhật,5.560000000000002
23.0,21.39,25.11,Hãng khác,Rebell,2012,1000,Tay côn/Moto,100 - 175 cc,Nước khác,3.719999999999999
8.5,7.87,9.24,Honda,Lead,2012,200,Tay ga,100 - 175 cc,Đang cập nhật,1.37
28.0,22.86,26.83,Honda,Lead,2018,48000,Tay ga,100 - 175 cc,Việt Nam,3.969999999999999
40.0,41.61,48.85,Yamaha,Exciter,2010,10000,Xe số,100 - 175 cc,Việt Nam,7.240000000000002
29.99999,67.85,79.65,Honda,CBR,2019,10000,Tay côn/Moto,100 - 175 cc,Nước khác,11.800000000000011
11.5,12.27,14.4,Honda,Vision,2014,14000,Tay ga,100 - 175 cc,Việt Nam,2.130000000000001
33.0,29.06,34.11,Honda,PCX,2017,15000,Tay ga,100 - 175 cc,Việt Nam,5.050000000000001
17.8,20.16,23.67,Suzuki,Satria,2019,23000,Tay côn/Moto,100 - 175 cc,Nước khác,3.5100000000000016
165.000088,111.75,131.19,Honda,SH,2011,600000,Tay ga,100 - 175 cc,Nước khác,19.439999999999998
26.0,21.39,25.1,Honda,Sonic,2017,20000,Tay côn/Moto,100 - 175 cc,Đang cập nhật,3.710000000000001
33.5,5.72,6.72,Yamaha,Dòng khác,2010,1874,Tay côn/Moto,100 - 175 cc,Việt Nam,1.0
11.5,12.27,14.4,Honda,Vision,2014,20000,Tay ga,100 - 175 cc,Việt Nam,2.130000000000001
14.0,10.09,11.85,Piaggio,Zip,2014,12000,Tay ga,50 - 100 cc,Nước khác,1.7599999999999998
12.5,10.56,12.4,Honda,Vision,2012,57,Tay ga,100 - 175 cc,Nhật Bản,1.8399999999999999
57.0,51.39,60.33,Piaggio,Vespa,2021,4500,Tay ga,100 - 175 cc,Đang cập nhật,8.939999999999998
5.8,4.04,4.74,Yamaha,Nouvo,2010,25000,Tay ga,100 - 175 cc,Việt Nam,0.7000000000000002
20.0,13.61,15.98,Yamaha,Exciter,2014,1,Tay côn/Moto,100 - 175 cc,Việt Nam,2.370000000000001
32.0,33.65,39.5,Honda,Air Blade,2022,890,Tay ga,100 - 175 cc,Việt Nam,5.850000000000001
7.5,13.14,15.43,Honda,Blade,2008,1000,Tay ga,100 - 175 cc,Việt Nam,2.289999999999999
40.0,8.66,10.17,Honda,Air Blade,2009,70000,Tay ga,100 - 175 cc,Thái Lan,1.5099999999999998
72.5,62.14,72.95,Honda,SH,2019,37492,Tay ga,100 - 175 cc,Việt Nam,10.810000000000002
59.0,49.66,58.29,Honda,Click,2016,40000,Tay ga,100 - 175 cc,Thái Lan,8.630000000000003
55.0,44.64,52.4,Honda,SH,2006,19910,Tay ga,100 - 175 cc,Nước khác,7.759999999999998
18.5,21.96,25.78,Honda,Air Blade,2018,29000,Tay ga,100 - 175 cc,Việt Nam,3.8200000000000003
39.0,36.13,42.41,Honda,SH Mode,2018,18000,Tay ga,100 - 175 cc,Việt Nam,6.279999999999994
25.3,21.77,25.55,Honda,Vision,2020,15,Tay ga,100 - 175 cc,Việt Nam,3.780000000000001
34.0,30.59,35.91,Honda,Future,2025,1400,Xe số,100 - 175 cc,Việt Nam,5.319999999999997
10.5,11.13,13.07,Honda,Chaly,2024,5000,Xe số,50 - 100 cc,Thái Lan,1.9399999999999995
80.0,69.11,81.13,Honda,Click,2022,3200,Tay ga,100 - 175 cc,Thái Lan,12.019999999999996
8.5,7.27,8.53,Yamaha,Jupiter,2005,50000,Xe số,100 - 175 cc,Thái Lan,1.2599999999999998
180.0,165.6,194.4,Hãng khác,Street Scramber,2025,130,Tay côn/Moto,Trên 175 cc,Nước khác,28.80000000000001
9.2,7.27,8.53,Yamaha,Jupiter,2005,6868,Xe số,100 - 175 cc,Hàn Quốc,1.2599999999999998
19.0,17.48,20.52,Hãng khác,CDR,2022,5000,Tay côn/Moto,100 - 175 cc,Đài Loan,3.039999999999999
25.0,23.44,27.52,Honda,Winner X,2022,25000,Tay côn/Moto,100 - 175 cc,Việt Nam,4.079999999999998
7.0,9.95,11.68,Honda,Wave,2002,10000,Xe số,100 - 175 cc,Đang cập nhật,1.7300000000000004
35.999999,25.54,29.98,Honda,Future,2010,9999,Xe số,100 - 175 cc,Việt Nam,4.440000000000001
52.0,57.96,68.03,Honda,SH,2018,3000,Tay ga,100 - 175 cc,Việt Nam,10.07
11.5,5.12,6.01,Yamaha,Sirius,2002,333,Xe số,100 - 175 cc,Đang cập nhật,0.8899999999999997
30.0,20.16,23.67,Suzuki,Satria,2019,18,Tay côn/Moto,100 - 175 cc,Nước khác,3.5100000000000016
8.5,8.75,10.28,Honda,Chaly,1984,999999,Xe số,Dưới 50 cc,Nhật Bản,1.5299999999999994
75.8,62.14,72.95,Honda,SH,2019,17196,Tay ga,100 - 175 cc,Việt Nam,10.810000000000002
20.0,17.08,20.05,Honda,Winner X,2020,700000,Tay côn/Moto,100 - 175 cc,Việt Nam,2.9700000000000024
26.8,14.53,17.05,Yamaha,Exciter,2013,1,Xe số,50 - 100 cc,Việt Nam,2.5200000000000014
6.5,11.87,13.94,Honda,Dream,2001,65785,Xe số,100 - 175 cc,Trung Quốc,2.0700000000000003
16.5,15.19,17.83,Honda,Air Blade,2014,85000,Tay ga,100 - 175 cc,Đang cập nhật,2.639999999999999
17.0,14.11,16.56,Honda,Dream,1995,51632,Xe số,100 - 175 cc,Thái Lan,2.4499999999999993
16.0,15.73,18.46,Yamaha,Exciter,2017,90000,Tay côn/Moto,100 - 175 cc,Việt Nam,2.7300000000000004
12.0,14.53,17.05,Hãng khác,Dòng khác,2001,10000,Tay côn/Moto,100 - 175 cc,Hàn Quốc,2.5200000000000014
7.2,6.57,7.71,Piaggio,Vespa,2011,37000,Tay ga,100 - 175 cc,Nước khác,1.1399999999999997
35.0,40.54,47.59,Honda,Vario,2018,22638,Tay ga,100 - 175 cc,Nước khác,7.050000000000004
7.0,14.53,17.05,SYM,Magic,1995,39000,Xe số,50 - 100 cc,Đài Loan,2.5200000000000014
8.5,4.31,5.05,SYM,Attila,2013,1000,Tay ga,100 - 175 cc,Việt Nam,0.7400000000000002
37.3,30.2,35.45,Honda,Vario,2019,30000,Tay ga,100 - 175 cc,Đang cập nhật,5.2500000000000036
12.5,38.18,44.82,Honda,Cub,2023,2000,Xe số,Dưới 50 cc,Nhật Bản,6.640000000000001
31.3,30.2,35.45,Honda,Vario,2019,47000,Tay ga,100 - 175 cc,Đang cập nhật,5.2500000000000036
15.5,15.18,17.82,Hãng khác,K-Pipe,2024,3800,Xe số,Dưới 50 cc,Việt Nam,2.6400000000000006
29.5,26.0,30.52,Suzuki,GSX,2020,20000,Tay côn/Moto,100 - 175 cc,Đang cập nhật,4.52
1.0,36.71,43.1,Honda,Air Blade,2023,4000,Tay ga,100 - 175 cc,Việt Nam,6.390000000000001
15.8,15.48,18.18,Yamaha,Grande,2014,98000,Tay ga,100 - 175 cc,Việt Nam,2.6999999999999993
13.0,11.61,13.62,Honda,Future,2014,500000,Xe số,100 - 175 cc,Việt Nam,2.01
193.0,46.96,55.13,Honda,SH,2013,55000,Tay ga,100 - 175 cc,Đang cập nhật,8.170000000000002
7.9,7.87,9.24,Honda,Lead,2012,30000,Tay ga,100 - 175 cc,Thái Lan,1.37
27.0,31.97,37.53,Honda,Vario,2020,48000,Tay ga,100 - 175 cc,Nước khác,5.560000000000002
14.5,10.24,12.02,Honda,Wave,2005,99999,Xe số,50 - 100 cc,Việt Nam,1.7799999999999994
7.9,7.37,8.65,Honda,Wave,2013,12345,Xe số,100 - 175 cc,Nhật Bản,1.2800000000000002
26.999999,15.19,17.83,Honda,Air Blade,2014,65000,Tay ga,100 - 175 cc,Nhật Bản,2.639999999999999
18.0,9.07,10.65,Honda,PS,2007,80000,Tay ga,100 - 175 cc,Nước khác,1.58
68.0,43.97,51.62,Piaggio,Vespa,2020,22000,Tay ga,100 - 175 cc,Việt Nam,7.649999999999999
10.0,6.67,7.83,Yamaha,Jupiter,2011,900000,Xe số,100 - 175 cc,Nhật Bản,1.1600000000000001
13.5,10.79,12.67,Honda,Dream,2015,677692,Xe số,100 - 175 cc,Việt Nam,1.8800000000000008
45.0,26.21,30.77,Yamaha,PG-1,2024,5678,Xe số,100 - 175 cc,Đang cập nhật,4.559999999999999
8.5,9.06,10.64,Honda,Air Blade,2012,58,Tay ga,100 - 175 cc,Nhật Bản,1.58
4.0,8.66,10.17,Honda,Air Blade,2009,600000,Tay ga,100 - 175 cc,Nhật Bản,1.5099999999999998
18.8,15.49,18.18,Honda,Vision,2015,12345,Tay ga,100 - 175 cc,Nhật Bản,2.6899999999999995
21.0,16.55,19.43,Honda,Lead,2016,31000,Tay ga,100 - 175 cc,Việt Nam,2.879999999999999
32.0,21.77,25.55,Honda,Vision,2020,17660,Tay ga,100 - 175 cc,Đang cập nhật,3.780000000000001
35.0,29.06,34.11,Honda,PCX,2017,15000,Tay ga,100 - 175 cc,Việt Nam,5.050000000000001
13.5,13.66,16.04,Yamaha,Exciter,2012,20000,Tay côn/Moto,100 - 175 cc,Đang cập nhật,2.379999999999999
15.0,11.35,13.32,Honda,Dream,2016,25,Xe số,100 - 175 cc,Việt Nam,1.9700000000000006
3.5,22.73,26.69,Honda,Wave,1999,100000,Xe số,100 - 175 cc,Việt Nam,3.960000000000001
15.0,12.27,14.4,Honda,Vision,2014,5000,Tay ga,100 - 175 cc,Việt Nam,2.130000000000001
33.3,30.2,35.45,Honda,Vario,2019,12000,Tay ga,100 - 175 cc,Nhật Bản,5.2500000000000036
11.3,11.19,13.13,Suzuki,Raider,2015,50000,Tay côn/Moto,100 - 175 cc,Đang cập nhật,1.9400000000000013
95.0,3.68,4.32,Hãng khác,Dòng khác,2010,1720,Tay ga,100 - 175 cc,Đang cập nhật,0.6400000000000001
2.1,6.77,7.94,Honda,Wave,2008,11,Xe số,100 - 175 cc,Hàn Quốc,1.1700000000000008
38.0,9.06,10.64,Honda,Air Blade,2012,38000,Tay ga,100 - 175 cc,Thái Lan,1.58
5.6,4.37,5.13,Hãng khác,Dòng khác,2007,1234,Xe số,100 - 175 cc,Hàn Quốc,0.7599999999999998
5.3,15.94,18.72,Yamaha,Exciter,2011,30000,Tay côn/Moto,100 - 175 cc,Nhật Bản,2.7799999999999994
45.0,33.65,39.5,Honda,Air Blade,2022,39000,Tay ga,100 - 175 cc,Việt Nam,5.850000000000001
21.0,19.29,22.64,Suzuki,Satria,2018,30000,Tay côn/Moto,100 - 175 cc,Nước khác,3.3500000000000014
80.0,73.14,85.86,Honda,ADV 160,2022,6000,Tay ga,100 - 175 cc,Việt Nam,12.719999999999999
17.0,15.97,18.75,Honda,Air Blade,2015,30000,Tay ga,100 - 175 cc,Đang cập nhật,2.7799999999999994
36.5,24.11,28.3,Honda,Lead,2019,27000,Tay ga,100 - 175 cc,Việt Nam,4.190000000000001
13.5,12.64,14.84,Honda,Air Blade,2010,65000,Tay ga,100 - 175 cc,Việt Nam,2.1999999999999993
16.5,13.66,16.04,Yamaha,Exciter,2012,37000,Xe số,100 - 175 cc,Việt Nam,2.379999999999999
10.8,11.69,13.72,Honda,Wave,2019,1234,Xe số,100 - 175 cc,Việt Nam,2.030000000000001
40.0,21.8,25.6,Honda,Beat,2023,1000,Tay ga,50 - 100 cc,Việt Nam,3.8000000000000007
52.0,42.17,49.5,Honda,PCX,2019,33213,Tay ga,100 - 175 cc,Việt Nam,7.329999999999998
160.0,75.95,89.16,Honda,SH,2024,20000,Tay ga,100 - 175 cc,Nước khác,13.209999999999994
19.0,11.43,13.42,Honda,Wave,2020,10000,Xe số,100 - 175 cc,Việt Nam,1.9900000000000002
9.0,6.43,7.54,Piaggio,Zip,2015,7530,Tay ga,50 - 100 cc,Việt Nam,1.1100000000000003
15.0,11.85,13.92,Honda,Lead,2013,100000,Tay ga,100 - 175 cc,Việt Nam,2.0700000000000003
14.0,15.55,18.25,Honda,Winner,2019,999999,Tay côn/Moto,100 - 175 cc,Việt Nam,2.6999999999999993
25.0,24.1,28.29,Honda,Air Blade,2019,70000,Tay ga,100 - 175 cc,Việt Nam,4.189999999999998
12.0,9.86,11.57,Yamaha,Sirius,2020,320000,Xe số,100 - 175 cc,Nhật Bản,1.7100000000000009
5.0,7.37,8.65,Honda,Wave,2013,100000,Xe số,100 - 175 cc,Trung Quốc,1.2800000000000002
28.5,22.2,26.06,Piaggio,Vespa,2015,16000,Tay ga,100 - 175 cc,Đang cập nhật,3.8599999999999994
13.0,22.48,26.39,Hãng khác,Dòng khác,trước năm 1980,25890,Xe số,Dưới 50 cc,Nước khác,3.91
23.0,11.87,13.94,Honda,Dream,2001,60000,Xe số,50 - 100 cc,Thái Lan,2.0700000000000003
6.5,6.84,8.03,Piaggio,Liberty,2012,70000,Tay ga,100 - 175 cc,Nước khác,1.1899999999999995
2.5,3.35,3.93,Hãng khác,Dòng khác,2009,45028,Xe số,100 - 175 cc,Hàn Quốc,0.5800000000000001
36.0,29.53,34.66,Honda,Vision,2024,4200,Tay ga,100 - 175 cc,Việt Nam,5.1299999999999955
9.7,13.65,16.02,Honda,Blade,2021,9999,Xe số,100 - 175 cc,Việt Nam,2.369999999999999
21.0,13.61,15.98,Yamaha,Exciter,2014,63000,Tay côn/Moto,100 - 175 cc,Việt Nam,2.370000000000001
29.0,11.35,13.32,Honda,Dream,2016,5900,Xe số,100 - 175 cc,Việt Nam,1.9700000000000006
8.5,9.06,10.64,Honda,Air Blade,2012,500,Tay ga,100 - 175 cc,Nhật Bản,1.58
25.5,26.5,31.11,Honda,Future,2023,13000,Xe số,100 - 175 cc,Đang cập nhật,4.609999999999999
20.9,17.47,20.51,Honda,Vision,2017,111111,Tay ga,100 - 175 cc,Việt Nam,3.0400000000000027
4.6,6.0,7.05,Honda,Lead,2009,81446,Tay ga,100 - 175 cc,Nhật Bản,1.0499999999999998
34.5,31.97,37.53,Honda,Vario,2020,65000,Tay ga,100 - 175 cc,Việt Nam,5.560000000000002
3.5,4.1,4.81,SYM,Elizabeth,2011,42000,Tay ga,100 - 175 cc,Đài Loan,0.71
7.2,5.94,6.97,Honda,Wave,2010,10,Xe số,100 - 175 cc,Việt Nam,1.0299999999999994
25.0,27.84,32.68,Honda,Vision,2023,47672,Tay ga,100 - 175 cc,Việt Nam,4.84
45.0,13.96,16.39,Honda,Winner,2016,453,Tay côn/Moto,100 - 175 cc,Nhật Bản,2.4299999999999997
30.0,26.16,30.71,Yamaha,Exciter,2021,38000,Tay côn/Moto,100 - 175 cc,Việt Nam,4.550000000000001
3.0,5.94,6.97,Honda,Wave,2010,780568,Xe số,100 - 175 cc,Nhật Bản,1.0299999999999994
40.0,38.1,44.72,Honda,Air Blade,2024,2500,Tay ga,100 - 175 cc,Việt Nam,6.619999999999997
17.5,18.56,21.79,Honda,Vision,2018,35000,Tay ga,100 - 175 cc,Việt Nam,3.2300000000000004
5.22,4.31,5.05,SYM,Attila,2013,20000,Tay ga,50 - 100 cc,Nhật Bản,0.7400000000000002
19.0,41.61,48.85,Yamaha,Exciter,2010,40000,Xe số,100 - 175 cc,Việt Nam,7.240000000000002
9.8,8.65,10.15,Honda,Wave,2015,30000,Xe số,50 - 100 cc,Việt Nam,1.5
1.2,19.23,22.57,Honda,67,1981,100000,Xe số,Không biết rõ,Việt Nam,3.34
1.5,14.53,17.05,SYM,Angela,2008,9999,Xe số,100 - 175 cc,Đài Loan,2.5200000000000014
4.0,3.91,4.59,Hãng khác,Dòng khác,2005,9999,Xe số,100 - 175 cc,Hàn Quốc,0.6799999999999997
4.999999,3.73,4.38,SYM,Attila,2012,2222,Tay ga,100 - 175 cc,Đang cập nhật,0.6499999999999999
26.7,26.26,30.82,Honda,Vision,2022,5349,Tay ga,100 - 175 cc,Đang cập nhật,4.559999999999999
17.5,16.31,19.15,Honda,Winner X,2019,40000,Tay côn/Moto,100 - 175 cc,Việt Nam,2.84
18.9,17.47,20.51,Honda,Vision,2017,111111,Tay ga,100 - 175 cc,Việt Nam,3.0400000000000027
16.9,15.49,18.18,Honda,Vision,2015,111111,Tay ga,100 - 175 cc,Việt Nam,2.6899999999999995
12.0,13.96,16.39,Honda,Winner,2016,50000,Tay côn/Moto,100 - 175 cc,Việt Nam,2.4299999999999997
15.0,14.38,16.88,Piaggio,Liberty,2016,40000,Tay ga,100 - 175 cc,Việt Nam,2.4999999999999982
60.5,66.3,77.83,Honda,SH,2020,36000,Tay ga,100 - 175 cc,Việt Nam,11.530000000000001
29.5,11.78,13.83,Honda,Future,2012,7000,Xe số,100 - 175 cc,Việt Nam,2.0500000000000007
48.0,42.13,49.46,Honda,PCX,2020,28000,Tay ga,100 - 175 cc,Việt Nam,7.329999999999998
6.5,14.53,17.05,Honda,SCR,2018,20000,Tay ga,100 - 175 cc,Nhật Bản,2.5200000000000014
10.8,10.0,11.74,Honda,Wave,2017,12345,Xe số,100 - 175 cc,Nhật Bản,1.7400000000000002
26.0,23.44,27.52,Honda,Winner X,2022,14500,Tay côn/Moto,100 - 175 cc,Việt Nam,4.079999999999998
12.8,15.43,18.12,Honda,Dream,1999,50000,Xe số,50 - 100 cc,Thái Lan,2.6900000000000013
8.9,8.65,10.15,Honda,Wave,2015,12345,Xe số,100 - 175 cc,Nhật Bản,1.5
17.0,13.66,16.04,Yamaha,Exciter,2012,123456,Tay côn/Moto,100 - 175 cc,Việt Nam,2.379999999999999
65.0,74.21,87.11,Honda,SH,2023,18000,Tay ga,100 - 175 cc,Việt Nam,12.900000000000006
9.5,10.08,11.84,Honda,Dòng khác,2014,20000,Tay ga,100 - 175 cc,Việt Nam,1.7599999999999998
23.0,21.96,25.78,Honda,Air Blade,2018,25000,Tay ga,100 - 175 cc,Việt Nam,3.8200000000000003
19.5,19.81,23.26,Yamaha,Exciter,2019,40000,Tay côn/Moto,100 - 175 cc,Việt Nam,3.450000000000003
8.0,7.33,8.6,Honda,Click,2007,38000,Tay ga,100 - 175 cc,Đang cập nhật,1.2699999999999996
4.0,10.0,11.74,Honda,Wave,2017,4000,Xe số,50 - 100 cc,Nhật Bản,1.7400000000000002
31.0,24.46,28.71,Honda,Future,2011,7000,Xe số,100 - 175 cc,Nhật Bản,4.25
13.0,12.64,14.84,Honda,Air Blade,2010,98000,Tay ga,100 - 175 cc,Đang cập nhật,2.1999999999999993
57.3,62.14,72.95,Honda,SH,2019,44000,Tay ga,100 - 175 cc,Việt Nam,10.810000000000002
13.5,10.58,12.42,Hãng khác,Dòng khác,2023,110000,Xe số,Dưới 50 cc,Việt Nam,1.8399999999999999
24.5,20.8,24.42,Honda,Vision,2019,23767,Tay ga,100 - 175 cc,Việt Nam,3.620000000000001
14.8,13.65,16.03,Honda,Wave,2021,19000,Xe số,100 - 175 cc,Việt Nam,2.380000000000001
16.0,16.76,19.67,Yamaha,Exciter,2018,50000,Tay côn/Moto,100 - 175 cc,Việt Nam,2.91
65.0,55.9,65.62,Honda,SH,2017,28000,Tay ga,100 - 175 cc,Việt Nam,9.720000000000006
95.0,95.08,111.62,Honda,SH,2010,100000,Tay ga,100 - 175 cc,Nước khác,16.540000000000006
16.5,13.97,16.4,Honda,Dream,1996,20000,Xe số,50 - 100 cc,Thái Lan,2.429999999999998
89.0,63.35,74.37,Piaggio,Sprint,2024,3600,Tay ga,100 - 175 cc,Đang cập nhật,11.020000000000003
215.0,46.96,55.13,Honda,SH,2013,55000,Tay ga,100 - 175 cc,Đang cập nhật,8.170000000000002
14.3,14.31,16.8,Honda,Wave,2022,10000,Xe số,100 - 175 cc,Nhật Bản,2.49
25.0,20.8,24.42,Honda,Vision,2019,23464,Tay ga,100 - 175 cc,Việt Nam,3.620000000000001
20.0,5.61,6.59,Honda,Dòng khác,2006,15000,Xe số,100 - 175 cc,Nhật Bản,0.9799999999999995
81.0,74.3,87.23,Honda,SH,2022,25000,Tay ga,100 - 175 cc,Việt Nam,12.930000000000007
26.5,21.96,25.78,Honda,Air Blade,2018,25000,Tay ga,100 - 175 cc,Việt Nam,3.8200000000000003
5.5,6.99,8.21,Honda,Wave,2012,12345,Xe số,100 - 175 cc,Nhật Bản,1.2200000000000006
10.0,6.78,7.96,Honda,Wave,2009,99999,Xe số,100 - 175 cc,Việt Nam,1.1799999999999997
0.123456,22.2,26.06,Piaggio,Vespa,2015,22000,Tay ga,100 - 175 cc,Đang cập nhật,3.8599999999999994
38.0,41.94,49.23,Yamaha,Exciter,2006,14000,Tay côn/Moto,100 - 175 cc,Việt Nam,7.289999999999999
6.0,7.97,9.36,Honda,Wave,2014,0,Xe số,50 - 100 cc,Việt Nam,1.3899999999999997
8.5,7.37,8.65,Honda,Wave,2013,30000,Xe số,100 - 175 cc,Việt Nam,1.2800000000000002
25.3,23.04,27.05,Honda,PCX,2014,28000,Tay ga,100 - 175 cc,Nhật Bản,4.010000000000002
8.0,6.57,7.71,Piaggio,Vespa,2011,3000,Tay ga,100 - 175 cc,Việt Nam,1.1399999999999997
11.5,8.42,9.88,Hãng khác,Dòng khác,1996,0,Tay côn/Moto,Trên 175 cc,Nhật Bản,1.4600000000000009
190.0,70.02,82.2,Honda,SH,2021,14000,Tay ga,100 - 175 cc,Nước khác,12.180000000000007
10.0,6.13,7.2,Yamaha,Nouvo,2013,567890,Tay ga,100 - 175 cc,Việt Nam,1.0700000000000003
115.0,44.59,52.35,Honda,SH,2016,27000,Tay ga,Trên 175 cc,Nước khác,7.759999999999998
7.5,7.91,9.28,Yamaha,Jupiter,2013,24000,Xe số,100 - 175 cc,Việt Nam,1.3699999999999992
33.0,21.86,25.66,Honda,Future,2007,62000,Xe số,100 - 175 cc,Đang cập nhật,3.8000000000000007
15.5,15.39,18.06,Honda,Lead,2015,40000,Tay ga,100 - 175 cc,Việt Nam,2.669999999999998
2.0,3.77,4.42,Hãng khác,Dòng khác,2001,800000,Xe số,100 - 175 cc,Trung Quốc,0.6499999999999999
72.0,70.02,82.2,Honda,SH,2021,16500,Tay ga,100 - 175 cc,Việt Nam,12.180000000000007
5.5,5.89,6.92,Yamaha,Mio,2010,30000,Tay ga,50 - 100 cc,Nhật Bản,1.0300000000000002
8.5,6.48,7.61,Yamaha,Sirius,2010,47000,Xe số,100 - 175 cc,Việt Nam,1.13
21.5,21.0,24.66,Honda,Air Blade,2017,12345,Tay ga,100 - 175 cc,Nhật Bản,3.66
89.0,15.9,18.67,Honda,Dream,1997,680,Xe số,50 - 100 cc,Đang cập nhật,2.7700000000000014
40.0,35.97,42.22,Honda,Lead,2023,22000,Tay ga,100 - 175 cc,Việt Nam,6.25
8.7,7.34,8.61,Honda,Lead,2011,12345,Tay ga,100 - 175 cc,Việt Nam,1.2699999999999996
42.0,38.25,44.9,Yamaha,Exciter,2007,410000,Xe số,100 - 175 cc,Thái Lan,6.649999999999999
7.0,55.9,65.62,Honda,SH,2017,300000,Tay ga,100 - 175 cc,Nhật Bản,9.720000000000006
10.8,10.4,12.2,Honda,Wave,2018,12345,Xe số,100 - 175 cc,Nhật Bản,1.799999999999999
23.0,14.53,17.05,Hãng khác,Dòng khác,trước năm 1980,1,Tay ga,Dưới 50 cc,Nước khác,2.5200000000000014
14.8,11.74,13.78,Honda,Wave,2004,48000,Xe số,100 - 175 cc,Nhật Bản,2.039999999999999
40.0,29.9,35.1,Honda,Air Blade,2020,24000,Tay ga,100 - 175 cc,Việt Nam,5.200000000000003
10.0,9.85,11.56,Honda,Air Blade,2011,187538,Tay ga,100 - 175 cc,Việt Nam,1.7100000000000009
35.999,31.97,37.53,Honda,Vario,2020,9000,Tay ga,100 - 175 cc,Nước khác,5.560000000000002
49.0,42.13,49.46,Honda,PCX,2020,27500,Tay ga,100 - 175 cc,Đang cập nhật,7.329999999999998
13.5,14.32,16.81,Honda,Future,2001,26000,Xe số,100 - 175 cc,Nhật Bản,2.4899999999999984
8.7,7.25,8.51,Yamaha,Sirius,2012,14526,Xe số,100 - 175 cc,Nhật Bản,1.2599999999999998
13.5,11.69,13.72,Honda,Wave,2019,74000,Xe số,100 - 175 cc,Nhật Bản,2.030000000000001
54.0,38.25,44.9,Yamaha,Exciter,2007,3000,Xe số,100 - 175 cc,Thái Lan,6.649999999999999
6.0,7.57,8.89,Honda,Air Blade,2008,56024,Tay ga,100 - 175 cc,Việt Nam,1.3200000000000003
11.5,9.06,10.64,Honda,Air Blade,2012,45594,Tay ga,50 - 100 cc,Việt Nam,1.58
24.9,24.46,28.71,Honda,Future,2011,70000,Xe số,100 - 175 cc,Nhật Bản,4.25
42.0,40.73,47.82,Honda,SH,2008,9999,Tay ga,100 - 175 cc,Nước khác,7.090000000000003
25.0,24.46,28.71,Honda,Future,2011,70000,Xe số,100 - 175 cc,Nhật Bản,4.25
41.5,38.7,45.44,Honda,Lead,2024,2087,Tay ga,100 - 175 cc,Việt Nam,6.739999999999995
7.9,5.72,6.72,Suzuki,Axelo,2014,40000,Tay côn/Moto,100 - 175 cc,Việt Nam,1.0
179.0,151.8,178.2,Hãng khác,Dòng khác,2023,1600,Tay côn/Moto,Trên 175 cc,Nước khác,26.399999999999977
60.0,70.02,82.2,Honda,SH,2021,450000,Tay ga,100 - 175 cc,Việt Nam,12.180000000000007
3.5,8.8,10.33,Yamaha,Jupiter,2015,9999,Xe số,100 - 175 cc,Nhật Bản,1.5299999999999994
10.8,38.7,45.44,Honda,Lead,2024,200000,Tay ga,100 - 175 cc,Nhật Bản,6.739999999999995
1.2,2.42,2.84,SYM,Attila,2006,30000,Tay ga,100 - 175 cc,Đang cập nhật,0.41999999999999993
13.0,11.74,13.78,Honda,Wave,2004,1234,Xe số,100 - 175 cc,Việt Nam,2.039999999999999
10.8,6.99,8.21,Honda,Wave,2012,10000,Xe số,100 - 175 cc,Nhật Bản,1.2200000000000006
14.8,14.95,17.54,Yamaha,Exciter,2016,30000,Tay côn/Moto,100 - 175 cc,Đang cập nhật,2.59
33.0,32.03,37.61,Honda,Vario,2021,15,Tay ga,100 - 175 cc,Việt Nam,5.579999999999998
60.0,45.34,53.22,Piaggio,Vespa,2022,17337,Tay ga,100 - 175 cc,Đang cập nhật,7.8799999999999955
80.0,74.3,87.23,Honda,SH,2022,26000,Tay ga,100 - 175 cc,Việt Nam,12.930000000000007
3.0,4.59,5.38,Hãng khác,Dòng khác,2015,600,Tay côn/Moto,Không biết rõ,Nước khác,0.79
10.3,9.51,11.16,Honda,Blade,2017,30000,Xe số,100 - 175 cc,Nhật Bản,1.6500000000000004
15.5,15.31,17.98,Honda,Lead,2014,39000,Tay ga,100 - 175 cc,Việt Nam,2.67
2.0,3.35,3.93,Hãng khác,Dòng khác,2009,99999,Xe số,50 - 100 cc,Trung Quốc,0.5800000000000001
8.9,7.87,9.24,Honda,Lead,2012,100000,Xe số,50 - 100 cc,Việt Nam,1.37
2.9,3.91,4.59,Hãng khác,Dòng khác,2005,9999,Xe số,100 - 175 cc,Hàn Quốc,0.6799999999999997
1.9,4.04,4.74,Yamaha,Nouvo,2010,12032,Tay ga,100 - 175 cc,Nhật Bản,0.7000000000000002
72.0,36.71,43.09,Honda,SH,2014,36000,Tay ga,Trên 175 cc,Đang cập nhật,6.380000000000003
23.0,8.66,10.17,Honda,Air Blade,2009,200000,Tay ga,100 - 175 cc,Việt Nam,1.5099999999999998
13.0,7.24,8.49,Yamaha,Sirius,2013,30000,Xe số,100 - 175 cc,Nhật Bản,1.25
33.0,29.53,34.66,Honda,Vision,2024,4000,Tay ga,100 - 175 cc,Việt Nam,5.1299999999999955
25.0,14.53,17.05,Hãng khác,Dòng khác,2020,11000,Tay côn/Moto,100 - 175 cc,Việt Nam,2.5200000000000014
35.5,29.7,34.86,Honda,Future,2024,3000,Xe số,100 - 175 cc,Nhật Bản,5.16
6.0,14.53,17.05,Suzuki,Revo,2019,5000,Xe số,100 - 175 cc,Đang cập nhật,2.5200000000000014
45.5,41.69,48.94,Piaggio,Vespa,2019,16000,Tay ga,100 - 175 cc,Việt Nam,7.25
0.025,17.23,20.23,Yamaha,Janus,2022,600,Tay ga,100 - 175 cc,Việt Nam,3.0
12.0,13.66,16.04,Yamaha,Exciter,2012,1,Xe số,100 - 175 cc,Đang cập nhật,2.379999999999999
11.8,10.9,12.8,Honda,Vision,2013,30000,Tay ga,100 - 175 cc,Nhật Bản,1.9000000000000004
0.0475,47.19,55.39,Honda,Vario,2016,30000,Tay ga,100 - 175 cc,Đang cập nhật,8.200000000000003
7.5,12.15,14.27,Honda,Cub,2003,40000,Xe số,Dưới 50 cc,Nhật Bản,2.119999999999999
1.7,4.12,4.83,SYM,Attila,2014,600,Tay ga,Không biết rõ,Nước khác,0.71
250.0,38.82,45.57,Honda,SH,2015,12500,Tay ga,100 - 175 cc,Nước khác,6.75
16.0,18.56,21.79,Honda,Vision,2018,20000,Tay ga,100 - 175 cc,Việt Nam,3.2300000000000004
20.0,20.65,24.24,Honda,Sonic,2019,21000,Tay côn/Moto,100 - 175 cc,Nước khác,3.59
0.0295,28.12,33.01,Yamaha,PG-1,2025,2000,Xe số,100 - 175 cc,Nhật Bản,4.889999999999997
7.689,6.75,7.93,Yamaha,Jupiter,2014,50000,Xe số,100 - 175 cc,Nhật Bản,1.1799999999999997
8.5,14.27,16.75,Honda,Future,2002,450000,Xe số,100 - 175 cc,Việt Nam,2.4800000000000004
60.0,13.97,16.4,Honda,Dream,1996,70000,Xe số,100 - 175 cc,Thái Lan,2.429999999999998
200.0,109.65,128.72,Honda,SH,2012,50000,Tay ga,Không biết rõ,Đang cập nhật,19.069999999999993
12.3,18.56,21.79,Honda,Vision,2018,15000,Tay ga,100 - 175 cc,Việt Nam,3.2300000000000004
28.0,32.58,38.25,Honda,Vario,2022,27000,Tay ga,100 - 175 cc,Nước khác,5.670000000000002
62.0,45.34,53.22,Piaggio,Vespa,2022,17000,Tay ga,100 - 175 cc,Đang cập nhật,7.8799999999999955
10.8,10.74,12.6,Honda,Dream,2003,90000,Xe số,100 - 175 cc,Nước khác,1.8599999999999994
40.0,9.06,10.64,Honda,Air Blade,2012,390000,Tay ga,100 - 175 cc,Thái Lan,1.58
15.8,15.73,18.46,Yamaha,Exciter,2017,40000,Tay côn/Moto,100 - 175 cc,Việt Nam,2.7300000000000004
65.0,57.53,67.54,Honda,ADV 150,2019,35000,Tay ga,100 - 175 cc,Nước khác,10.010000000000005
55.0,49.66,58.29,Honda,Click,2016,42000,Tay ga,100 - 175 cc,Thái Lan,8.630000000000003
16.5,21.0,24.66,Honda,Air Blade,2017,75,Tay ga,100 - 175 cc,Việt Nam,3.66
10.3,6.24,7.33,Honda,Cub,1999,9999,Xe số,50 - 100 cc,Đang cập nhật,1.0899999999999999
9.5,6.78,7.96,Honda,Wave,2009,1234,Xe số,50 - 100 cc,Việt Nam,1.1799999999999997
90.0,95.08,111.62,Honda,SH,2010,30000,Tay ga,100 - 175 cc,Nước khác,16.540000000000006
15.5,14.49,17.01,Honda,Winner,2018,280000,Tay côn/Moto,100 - 175 cc,Việt Nam,2.5200000000000014
5.7,6.99,8.21,Honda,Wave,2012,200,Xe số,100 - 175 cc,Đang cập nhật,1.2200000000000006
25.0,26.16,30.71,Yamaha,Exciter,2021,40,Tay côn/Moto,100 - 175 cc,Việt Nam,4.550000000000001
14.5,13.65,16.02,Yamaha,Grande,2015,60000,Tay ga,100 - 175 cc,Việt Nam,2.369999999999999
6.0,4.04,4.74,Yamaha,Nouvo,2010,54000,Tay ga,100 - 175 cc,Việt Nam,0.7000000000000002
28.8,9.5,11.15,Honda,Blade,2018,200000,Tay ga,100 - 175 cc,Đang cập nhật,1.6500000000000004
6.8,14.53,17.05,Hãng khác,Max,2019,6666,Xe số,50 - 100 cc,Nhật Bản,2.5200000000000014
39.0,44.64,52.4,Honda,SH,2006,100000,Tay ga,100 - 175 cc,Đang cập nhật,7.759999999999998
5.9,7.35,8.62,Suzuki,Viva,2000,10000,Xe số,50 - 100 cc,Thái Lan,1.2699999999999996
13.0,5.31,6.23,SYM,Shark,2015,36641,Tay ga,100 - 175 cc,Đài Loan,0.9200000000000008
2.0,3.06,3.59,SYM,Attila,2009,99999,Tay ga,100 - 175 cc,Nhật Bản,0.5299999999999998
14.9,15.49,18.18,Honda,Vision,2015,250000,Tay ga,100 - 175 cc,Nhật Bản,2.6899999999999995
119.0,44.59,52.35,Honda,SH,2016,27000,Tay ga,Trên 175 cc,Nước khác,7.759999999999998
61.0,55.9,65.62,Honda,SH,2017,65000,Tay ga,100 - 175 cc,Việt Nam,9.720000000000006
14.2,13.23,15.53,Honda,Future,2004,27000,Xe số,100 - 175 cc,Nhật Bản,2.299999999999999
4.5,23.46,27.54,Suzuki,GZ,2009,9999,Tay côn/Moto,100 - 175 cc,Nhật Bản,4.079999999999998
8.2,7.98,9.37,Yamaha,Nozza,2012,30000,Tay ga,100 - 175 cc,Việt Nam,1.3899999999999988
34.5,38.82,45.57,Honda,SH,2015,38000,Tay ga,100 - 175 cc,Việt Nam,6.75
6.7,3.76,4.41,Hãng khác,Dòng khác,2000,23938,Xe số,50 - 100 cc,Hàn Quốc,0.6500000000000004
0.0052,22.72,26.68,Honda,Future,2020,10000,Xe số,50 - 100 cc,Việt Nam,3.960000000000001
17.8,14.32,16.81,Honda,Future,2001,27000,Xe số,100 - 175 cc,Nhật Bản,2.4899999999999984
24.0,28.44,33.39,Yamaha,Exciter,2022,28000,Tay côn/Moto,100 - 175 cc,Nước khác,4.949999999999999
13.5,26.94,31.63,Honda,Future,2008,99999,Xe số,100 - 175 cc,Thái Lan,4.689999999999998
40.0,45.76,53.71,Honda,Click,2017,57000,Tay ga,100 - 175 cc,Thái Lan,7.950000000000003
55.0,31.51,36.99,Hãng khác,W175,2023,952,Tay côn/Moto,Trên 175 cc,Nước khác,5.48
26.0,11.44,13.43,Honda,Blade,2019,48664,Tay ga,100 - 175 cc,Việt Nam,1.9900000000000002
8.5,3.5,4.1,SYM,Dòng khác,2009,10000,Tay ga,100 - 175 cc,Đài Loan,0.5999999999999996
23.0,24.85,29.17,Honda,Winner X,2023,27000,Tay côn/Moto,100 - 175 cc,Đang cập nhật,4.32
65.0,51.28,60.19,Honda,Vario,2017,18000,Tay ga,100 - 175 cc,Nước khác,8.909999999999997
35.0,34.36,40.34,Piaggio,Vespa,2017,27000,Tay ga,100 - 175 cc,Nước khác,5.980000000000004
9.3,7.37,8.65,Honda,Wave,2013,12345,Xe số,100 - 175 cc,Nhật Bản,1.2800000000000002
11.0,9.85,11.56,Honda,Air Blade,2011,37000,Tay ga,100 - 175 cc,Việt Nam,1.7100000000000009
15.5,6.29,7.39,Yamaha,Mio,2005,40000,Tay ga,100 - 175 cc,Thái Lan,1.0999999999999996
61.5,49.66,58.29,Honda,Click,2016,15000,Tay ga,100 - 175 cc,Thái Lan,8.630000000000003
1.0,75.95,89.16,Honda,SH,2024,1000,Tay ga,100 - 175 cc,Đang cập nhật,13.209999999999994
19.3,20.8,24.42,Honda,Vision,2019,20000,Tay ga,100 - 175 cc,Đang cập nhật,3.620000000000001
345.0,47.38,55.62,Yamaha,YAZ,2010,20000,Tay côn/Moto,100 - 175 cc,Nước khác,8.239999999999995
0.8,11.62,13.64,Yamaha,Sirius,2022,2000,Xe số,50 - 100 cc,Việt Nam,2.0200000000000014
360.0,14.53,17.05,Hãng khác,Sportster,2023,4000,Tay côn/Moto,Trên 175 cc,Nước khác,2.5200000000000014
55.0,36.71,43.09,Honda,SH,2014,63000,Tay ga,100 - 175 cc,Việt Nam,6.380000000000003
23.0,21.0,24.66,Honda,Air Blade,2017,90000,Tay ga,100 - 175 cc,Việt Nam,3.66
18.5,23.44,27.52,Honda,Winner X,2022,50000,Tay côn/Moto,100 - 175 cc,Nước khác,4.079999999999998
360.0,14.53,17.05,Hãng khác,Sportster,2023,4000,Tay côn/Moto,Trên 175 cc,Nước khác,2.5200000000000014
55.0,36.71,43.09,Honda,SH,2014,63000,Tay ga,100 - 175 cc,Việt Nam,6.380000000000003
23.0,21.0,24.66,Honda,Air Blade,2017,90000,Tay ga,100 - 175 cc,Việt Nam,3.66
18.5,23.44,27.52,Honda,Winner X,2022,50000,Tay côn/Moto,100 - 175 cc,Nước khác,4.079999999999998
360.0,14.53,17.05,Hãng khác,Sportster,2023,4000,Tay côn/Moto,Trên 175 cc,Nước khác,2.5200000000000014
55.0,36.71,43.09,Honda,SH,2014,63000,Tay ga,100 - 175 cc,Việt Nam,6.380000000000003
23.0,21.0,24.66,Honda,Air Blade,2017,90000,Tay ga,100 - 175 cc,Việt Nam,3.66
18.5,23.44,27.52,Honda,Winner X,2022,50000,Tay côn/Moto,100 - 175 cc,Nước khác,4.079999999999998
58.0,9.16,10.76,Honda,Dòng khác,2000,200000,Tay côn/Moto,100 - 175 cc,Nhật Bản,1.5999999999999996
61.5,56.58,66.42,Piaggio,Primavera,2023,10230,Tay ga,100 - 175 cc,Đang cập nhật,9.840000000000003
80.0,45.34,53.22,Piaggio,Vespa,2022,5000,Tay ga,100 - 175 cc,Đang cập nhật,7.8799999999999955
12.0,14.32,16.81,Honda,Future,2001,0,Xe số,100 - 175 cc,Việt Nam,2.4899999999999984
170.0,111.75,131.19,Honda,SH,2011,38853,Tay ga,100 - 175 cc,Nước khác,19.439999999999998
210.0,119.51,140.29,Suzuki,Sport / Xipo,1998,686868,Tay côn/Moto,100 - 175 cc,Đang cập nhật,20.779999999999987
8.3,6.5,7.63,Hãng khác,Dòng khác,2018,12000,Xe số,Dưới 50 cc,Nước khác,1.13
56.0,55.9,65.62,Honda,SH,2017,60060,Tay ga,100 - 175 cc,Việt Nam,9.720000000000006
8.3,6.64,7.79,Honda,Lead,2010,32554,Tay ga,100 - 175 cc,Nước khác,1.1500000000000004
12.3,10.03,11.77,Honda,Wave,2003,75000,Xe số,50 - 100 cc,Việt Nam,1.7400000000000002
6.5,4.96,5.83,SYM,Elizabeth,2014,64530,Tay ga,100 - 175 cc,Đài Loan,0.8700000000000001
5.8,5.78,6.78,Honda,Lead,2008,60000,Tay ga,100 - 175 cc,Việt Nam,1.0
27.0,13.61,15.98,Yamaha,Exciter,2014,1000,Xe số,100 - 175 cc,Đang cập nhật,2.370000000000001
30.0,19.24,22.59,Honda,Spacy,2003,4000,Tay ga,100 - 175 cc,Nhật Bản,3.3500000000000014
28.0,14.11,16.56,Honda,Dream,1995,32000,Xe số,50 - 100 cc,Thái Lan,2.4499999999999993
17.0,20.1,23.6,Suzuki,Raider,2020,30000,Tay côn/Moto,100 - 175 cc,Nhật Bản,3.5
65.0,57.96,68.03,Honda,SH,2018,14000,Tay ga,100 - 175 cc,Việt Nam,10.07
26.0,28.55,33.52,Piaggio,Sprint,2015,10000,Tay ga,100 - 175 cc,Việt Nam,4.970000000000002
132.0,46.96,55.13,Honda,SH,2013,123456,Tay ga,100 - 175 cc,Việt Nam,8.170000000000002
14.6,12.15,14.27,Honda,Cub,2003,53885,Xe số,Dưới 50 cc,Nhật Bản,2.119999999999999
33.0,29.53,34.66,Honda,Vision,2024,5000,Tay ga,100 - 175 cc,Việt Nam,5.1299999999999955
35.0,11.59,13.61,Honda,Dòng khác,1995,250000,Tay ga,Trên 175 cc,Nhật Bản,2.0199999999999996
8.5,8.39,9.84,Piaggio,Vespa,2012,333333,Tay ga,100 - 175 cc,Nước khác,1.4499999999999993
25.0,20.16,23.67,Suzuki,Satria,2019,45000,Tay côn/Moto,100 - 175 cc,Đang cập nhật,3.5100000000000016
5.2,4.37,5.13,Hãng khác,Dòng khác,2007,1234,Tay côn/Moto,100 - 175 cc,Nhật Bản,0.7599999999999998
145.0,75.95,89.15,Honda,CB,2019,17000,Tay côn/Moto,Trên 175 cc,Thái Lan,13.200000000000003
16.99,13.9,16.32,Honda,Future,2016,19000,Xe số,100 - 175 cc,Việt Nam,2.42
16.5,15.31,17.98,Honda,Lead,2014,65000,Tay ga,100 - 175 cc,Việt Nam,2.67
10.8,8.92,10.47,Honda,Cub,1996,326699,Xe số,50 - 100 cc,Đang cập nhật,1.5500000000000007
8.9,10.9,12.8,Honda,Vision,2013,3979,Tay ga,100 - 175 cc,Nhật Bản,1.9000000000000004
14.0,11.19,13.13,Suzuki,Raider,2015,35000,Xe số,100 - 175 cc,Việt Nam,1.9400000000000013
10.5,7.94,9.32,Yamaha,Luvias,2014,50000,Tay ga,100 - 175 cc,Việt Nam,1.38
53.0,51.28,60.19,Honda,Vario,2017,41000,Tay ga,100 - 175 cc,Nước khác,8.909999999999997
32.5,39.79,46.71,Piaggio,GTS,2012,75000,Tay ga,100 - 175 cc,Nước khác,6.920000000000002
6.0,6.81,7.99,Hãng khác,Dòng khác,2016,15000,Xe số,50 - 100 cc,Trung Quốc,1.1800000000000006
23.8,20.86,24.48,Yamaha,Mio,2023,12000,Tay ga,50 - 100 cc,Nước khác,3.620000000000001
15.6,14.53,17.05,Yamaha,Exciter,2013,86000,Tay côn/Moto,100 - 175 cc,Đang cập nhật,2.5200000000000014
4.999994,8.94,10.49,Honda,Dream,2014,100000,Xe số,Dưới 50 cc,Việt Nam,1.5500000000000007
4.0,14.53,17.05,Honda,Win,2014,1000,Tay côn/Moto,100 - 175 cc,Nhật Bản,2.5200000000000014
12.0,14.32,16.81,Honda,Future,2001,0,Xe số,100 - 175 cc,Việt Nam,2.4899999999999984
72.0,66.3,77.83,Honda,SH,2020,30000,Tay ga,100 - 175 cc,Việt Nam,11.530000000000001
18.0,15.19,17.83,Honda,Air Blade,2014,42000,Tay ga,100 - 175 cc,Việt Nam,2.639999999999999
12.5,13.75,16.14,Honda,Winner,2017,100000,Tay côn/Moto,100 - 175 cc,Việt Nam,2.3900000000000006
14.0,6.84,8.03,Piaggio,Liberty,2012,24868,Tay ga,50 - 100 cc,Nhật Bản,1.1899999999999995
100.0,95.08,111.62,Honda,SH,2010,35000,Tay ga,100 - 175 cc,Nước khác,16.540000000000006
5.0,3.68,4.32,Hãng khác,Dòng khác,2010,10000,Tay côn/Moto,100 - 175 cc,Hàn Quốc,0.6400000000000001
10.5,9.06,10.64,Honda,Air Blade,2012,16000,Tay ga,100 - 175 cc,Đang cập nhật,1.58
9.9,8.74,10.26,Honda,Citi,trước năm 1980,29,Xe số,100 - 175 cc,Đang cập nhật,1.5199999999999996
35.9,32.35,37.98,Yamaha,Nvx,2021,26000,Tay ga,100 - 175 cc,Đang cập nhật,5.6299999999999955
9.8,4.12,4.83,SYM,Attila,2014,39799,Tay ga,100 - 175 cc,Đài Loan,0.71
5.0,4.6,5.4,Hãng khác,Espero,2008,38386,Tay côn/Moto,100 - 175 cc,Việt Nam,0.8000000000000007
29.8,23.22,27.26,Suzuki,Satria,2022,20000,Tay côn/Moto,100 - 175 cc,Nước khác,4.040000000000003
7.2,7.87,9.24,Honda,Lead,2012,56789,Tay ga,100 - 175 cc,Nhật Bản,1.37
65.9,55.9,65.62,Honda,SH,2017,28000,Tay ga,100 - 175 cc,Việt Nam,9.720000000000006
10.0,13.8,16.21,Honda,Dream,2004,25378,Xe số,Trên 175 cc,Việt Nam,2.41
30.0,27.6,32.4,Honda,CD,1995,30000,Tay côn/Moto,50 - 100 cc,Việt Nam,4.799999999999997
8.2,7.5,8.8,SYM,Angela,2020,23000,Xe số,Dưới 50 cc,Đài Loan,1.3000000000000007
9.8,11.71,13.75,Hãng khác,Like Fi,2020,20000,Tay ga,Dưới 50 cc,Đài Loan,2.039999999999999
40.5,35.5,41.67,Piaggio,Sprint,2017,500000,Tay ga,100 - 175 cc,Nước khác,6.170000000000002
29.0,23.44,27.52,Honda,Winner X,2022,10000,Tay côn/Moto,100 - 175 cc,Việt Nam,4.079999999999998
25.5,23.92,28.08,Piaggio,GTS,2014,43000,Tay ga,100 - 175 cc,Việt Nam,4.159999999999997
14.5,9.37,11.0,Honda,Cub,1995,23688,Xe số,Dưới 50 cc,Việt Nam,1.6300000000000008
4.5,4.69,5.51,Hãng khác,Espero,2012,39999,Tay côn/Moto,100 - 175 cc,Việt Nam,0.8199999999999994
18.0,42.32,49.68,Honda,CD,1998,20,Xe số,Dưới 50 cc,Nhật Bản,7.359999999999999
19.999999,17.58,20.64,Suzuki,Raider,2018,60000,Tay côn/Moto,100 - 175 cc,Việt Nam,3.0600000000000023
16.5,14.49,17.01,Honda,Winner,2018,20000,Tay côn/Moto,100 - 175 cc,Việt Nam,2.5200000000000014
115.0,99.24,116.5,Honda,CB,2022,20222,Tay côn/Moto,Trên 175 cc,Đang cập nhật,17.260000000000005
16.9,8.51,9.99,Honda,Dylan,2004,26000,Tay ga,100 - 175 cc,Nước khác,1.4800000000000004
27.8,22.26,26.14,Honda,MSX 125,2022,26000,Tay côn/Moto,100 - 175 cc,Nhật Bản,3.879999999999999
16.5,11.44,13.43,Honda,Blade,2019,1803,Xe số,100 - 175 cc,Việt Nam,1.9900000000000002
40.0,29.9,35.1,Honda,Air Blade,2020,20,Tay ga,100 - 175 cc,Việt Nam,5.200000000000003
22.0,17.63,20.69,Honda,Winner X,2021,8000,Tay côn/Moto,100 - 175 cc,Nhật Bản,3.0600000000000023
3.9,2.46,2.89,Yamaha,Nouvo,2005,869003,Tay ga,100 - 175 cc,Đang cập nhật,0.43000000000000016
10.5,6.76,7.94,Honda,Wave,2011,80000,Xe số,100 - 175 cc,Việt Nam,1.1800000000000006
88.0,75.95,89.16,Honda,SH,2024,2000,Tay ga,100 - 175 cc,Việt Nam,13.209999999999994
7.7,7.37,8.65,Honda,Wave,2013,50000,Tay ga,100 - 175 cc,Đang cập nhật,1.2800000000000002
23.0,22.73,26.69,Honda,Wave,1999,0,Xe số,100 - 175 cc,Thái Lan,3.960000000000001
32.0,32.03,37.61,Honda,Vario,2021,26748,Tay ga,100 - 175 cc,Nước khác,5.579999999999998
8.8,6.88,8.07,Honda,Click,2008,2888,Tay ga,100 - 175 cc,Nhật Bản,1.1900000000000004
35.0,31.97,37.53,Honda,Vario,2020,44000,Tay ga,100 - 175 cc,Nước khác,5.560000000000002
31.8,27.65,32.46,Yamaha,TFX,2018,28000,Tay côn/Moto,100 - 175 cc,Nhật Bản,4.810000000000002
5.0,10.66,12.52,Honda,Dòng khác,2010,100000,Tay ga,100 - 175 cc,Nhật Bản,1.8599999999999994
28.0,14.11,16.56,Honda,Dream,1995,32000,Xe số,50 - 100 cc,Thái Lan,2.4499999999999993
8.7,8.5,9.98,SYM,Star,2019,38000,Tay côn/Moto,100 - 175 cc,Nhật Bản,1.4800000000000004
19.0,14.32,16.81,Honda,Future,2001,535227,Xe số,100 - 175 cc,Thái Lan,2.4899999999999984
7.5,6.64,7.79,Honda,Lead,2010,335555,Tay ga,100 - 175 cc,Nước khác,1.1500000000000004
14.0,15.55,18.25,Honda,Winner,2019,17890,Tay côn/Moto,100 - 175 cc,Việt Nam,2.6999999999999993
27.8,27.17,31.9,Honda,MSX 125,2023,22000,Tay côn/Moto,100 - 175 cc,Nhật Bản,4.729999999999997
12.0,6.37,7.48,Yamaha,Sirius,2011,50000,Xe số,100 - 175 cc,Việt Nam,1.1100000000000003
12.0,9.06,10.64,Honda,Air Blade,2012,77000,Tay ga,100 - 175 cc,Việt Nam,1.58
27.5,23.92,28.08,Piaggio,GTS,2014,42000,Tay ga,100 - 175 cc,Việt Nam,4.159999999999997
8.5,7.91,9.28,Yamaha,Jupiter,2013,100000,Xe số,100 - 175 cc,Nhật Bản,1.3699999999999992
23.0,16.31,19.15,Honda,Winner X,2019,55,Tay côn/Moto,100 - 175 cc,Đang cập nhật,2.84
10.5,11.44,13.43,Honda,Blade,2019,123456,Xe số,100 - 175 cc,Việt Nam,1.9900000000000002
20.0,20.04,23.53,Honda,Air Blade,2016,68614,Tay ga,100 - 175 cc,Việt Nam,3.490000000000002
4.0,6.84,8.03,Hãng khác,Dòng khác,2018,39999,Xe số,100 - 175 cc,Hàn Quốc,1.1899999999999995
30.0,23.25,27.29,Yamaha,Nvx,2019,0,Tay ga,100 - 175 cc,Đang cập nhật,4.039999999999999
6.0,7.53,8.84,Honda,Click,2010,7493,Tay ga,100 - 175 cc,Việt Nam,1.3099999999999996
5.0,4.19,4.92,SYM,Elizabeth,2012,80000,Tay ga,100 - 175 cc,Đài Loan,0.7299999999999995
7.2,4.16,4.89,Yamaha,Nouvo,2011,67000,Tay ga,100 - 175 cc,Việt Nam,0.7299999999999995
5.3,7.02,8.24,Honda,Cub,1981,6000,Xe số,Dưới 50 cc,Nhật Bản,1.2200000000000006
18.0,6.77,7.94,Honda,Wave,2008,50000,Xe số,Không biết rõ,Nhật Bản,1.1700000000000008
78.0,74.3,87.23,Honda,SH,2022,7600,Tay ga,100 - 175 cc,Đang cập nhật,12.930000000000007
7.399,2.91,3.42,SYM,Attila,2008,51517,Tay ga,100 - 175 cc,Đài Loan,0.5099999999999998
80.0,104.42,122.58,Hãng khác,Ninja,2022,20000,Tay côn/Moto,Trên 175 cc,Đang cập nhật,18.159999999999997
10.5,8.31,9.76,Honda,Blade,2012,800000,Tay ga,100 - 175 cc,Việt Nam,1.4499999999999993
115.0,99.24,116.5,Honda,CB,2022,20222,Tay côn/Moto,Trên 175 cc,Đang cập nhật,17.260000000000005
3.333333,29.53,34.66,Honda,Vision,2024,100000,Tay ga,50 - 100 cc,Việt Nam,5.1299999999999955
38.9,40.54,47.59,Honda,Vario,2018,80000,Tay ga,100 - 175 cc,Nước khác,7.050000000000004
60.0,43.97,51.62,Piaggio,Vespa,2020,20000,Tay ga,100 - 175 cc,Việt Nam,7.649999999999999
9.0,9.51,11.16,Honda,Blade,2017,40000,Xe số,100 - 175 cc,Nước khác,1.6500000000000004
18.0,19.62,23.03,Yamaha,Nvx,2018,31500,Tay côn/Moto,100 - 175 cc,Nhật Bản,3.41
10.0,9.05,10.62,SYM,Galaxy,2021,814225,Xe số,Dưới 50 cc,Việt Nam,1.5699999999999985
149.99,137.99,161.99,Hãng khác,390,2023,455,Tay côn/Moto,Trên 175 cc,Đang cập nhật,24.0
5.5,3.11,3.65,SYM,Attila,2010,60000,Tay ga,100 - 175 cc,Việt Nam,0.54
8.5,6.75,7.93,Yamaha,Jupiter,2014,50000,Xe số,100 - 175 cc,Việt Nam,1.1799999999999997
5.8,6.63,7.78,Honda,Dream,2009,1,Xe số,100 - 175 cc,Trung Quốc,1.1500000000000004
15.0,7.62,8.94,Yamaha,Nouvo,2015,30000,Tay ga,100 - 175 cc,Việt Nam,1.3199999999999994
6.0,7.53,8.84,Honda,Click,2010,32000,Tay ga,50 - 100 cc,Nhật Bản,1.3099999999999996
4.5,4.83,5.67,Honda,Win,2010,30000,Xe số,100 - 175 cc,Hàn Quốc,0.8399999999999999
11.5,10.56,12.4,Honda,Vision,2012,40000,Tay ga,100 - 175 cc,Việt Nam,1.8399999999999999
45.0,44.64,52.4,Honda,SH,2006,50000,Tay ga,100 - 175 cc,Nước khác,7.759999999999998
37.0,14.53,17.05,Hãng khác,Duke 200,2022,31000,Xe số,Trên 175 cc,Đang cập nhật,2.5200000000000014
35.9,31.97,37.53,Honda,Vario,2020,27500,Tay ga,100 - 175 cc,Nước khác,5.560000000000002
5.5,4.04,4.74,Yamaha,Nouvo,2010,9999,Tay ga,100 - 175 cc,Nhật Bản,0.7000000000000002
10.5,7.57,8.89,Honda,Air Blade,2008,10000,Tay ga,100 - 175 cc,Thái Lan,1.3200000000000003
4.5,6.93,8.14,Yamaha,Sirius,2015,50000,Xe số,50 - 100 cc,Nhật Bản,1.2100000000000009
52.0,46.0,54.0,Honda,ADV 150,2016,32903,Tay ga,100 - 175 cc,Việt Nam,8.0
155.0,75.95,89.16,Honda,SH,2024,1500,Tay ga,Trên 175 cc,Việt Nam,13.209999999999994
35.0,13.23,15.53,Honda,Future,2004,10500,Xe số,100 - 175 cc,Việt Nam,2.299999999999999
12.0,8.92,10.47,Honda,Cub,1996,53700,Xe số,50 - 100 cc,Nhật Bản,1.5500000000000007
182.0,109.65,128.72,Honda,SH,2012,56000,Tay ga,100 - 175 cc,Nước khác,19.069999999999993
12.8,10.86,12.75,Honda,Dream,2023,3000,Xe số,100 - 175 cc,Thái Lan,1.8900000000000006
6.5,8.14,9.55,Yamaha,Jupiter,2002,20000,Xe số,100 - 175 cc,Việt Nam,1.4100000000000001
33.0,31.01,36.4,Honda,SH Mode,2016,56789,Tay ga,100 - 175 cc,Thái Lan,5.389999999999997
12.0,5.47,6.43,Yamaha,Nozza,2016,37000,Tay ga,100 - 175 cc,Đang cập nhật,0.96
18.9,9.87,11.59,Honda,Dream,2000,0,Xe số,50 - 100 cc,Đang cập nhật,1.7200000000000006
0.0,62.14,72.95,Honda,SH,2019,50000,Tay ga,100 - 175 cc,Đang cập nhật,10.810000000000002
50.0,55.9,65.62,Honda,SH,2017,3000,Tay ga,100 - 175 cc,Đang cập nhật,9.720000000000006
7.0,7.92,9.3,Hãng khác,Dòng khác,2020,320000,Xe số,Dưới 50 cc,Hàn Quốc,1.3800000000000008
235.0,210.99,247.68,Honda,Shadow,2008,180000,Tay côn/Moto,Trên 175 cc,Đang cập nhật,36.69
14.0,15.97,18.75,Honda,Air Blade,2015,2580,Tay ga,100 - 175 cc,Nhật Bản,2.7799999999999994
5.2,3.11,3.65,SYM,Attila,2010,500000,Tay ga,100 - 175 cc,Việt Nam,0.54
20.0,15.19,17.83,Honda,Air Blade,2014,90000,Tay ga,100 - 175 cc,Việt Nam,2.639999999999999
11.5,9.85,11.56,Honda,Air Blade,2011,70000,Tay ga,100 - 175 cc,Việt Nam,1.7100000000000009
20.0,16.22,19.05,Yamaha,FZ,2014,53000,Tay côn/Moto,100 - 175 cc,Nước khác,2.830000000000002
50.0,45.76,53.71,Honda,Click,2017,60000,Tay ga,100 - 175 cc,Thái Lan,7.950000000000003
59.0,51.39,60.33,Piaggio,Vespa,2021,5000,Tay ga,100 - 175 cc,Đang cập nhật,8.939999999999998
12.5,11.78,13.83,Honda,Future,2012,70000,Xe số,100 - 175 cc,Việt Nam,2.0500000000000007
16.0,14.72,17.28,Honda,Chaly,2011,10000,Tay ga,Dưới 50 cc,Đang cập nhật,2.5600000000000005
72.0,51.39,60.33,Piaggio,Vespa,2021,31000,Tay ga,100 - 175 cc,Đang cập nhật,8.939999999999998
37.0,36.71,43.1,Honda,Air Blade,2023,32000,Tay ga,100 - 175 cc,Việt Nam,6.390000000000001
69.99,11.97,14.05,Hãng khác,Dòng khác,2023,2000,Tay ga,100 - 175 cc,Đang cập nhật,2.08
16.0,15.55,18.25,Honda,Winner,2019,40000,Tay côn/Moto,100 - 175 cc,Việt Nam,2.6999999999999993
21.0,11.44,13.43,Honda,Blade,2019,23000,Tay ga,100 - 175 cc,Việt Nam,1.9900000000000002
93.0,11.08,13.01,Honda,Cub,2019,9500,Xe số,100 - 175 cc,Đang cập nhật,1.9299999999999997
9.0,3.5,4.1,SYM,Dòng khác,2009,30000,Tay ga,100 - 175 cc,Nước khác,0.5999999999999996
95.0,74.3,87.23,Honda,SH,2022,30000,Tay ga,100 - 175 cc,Việt Nam,12.930000000000007
3.2,3.4,3.99,SYM,Attila,2011,500000,Tay ga,100 - 175 cc,Việt Nam,0.5900000000000003
7.6,3.68,4.32,Hãng khác,Dòng khác,2010,0,Tay ga,100 - 175 cc,Việt Nam,0.6400000000000001
29.9,17.29,20.3,Yamaha,FZ,2016,12000,Tay côn/Moto,100 - 175 cc,Thái Lan,3.0100000000000016
51.0,12.64,14.84,Honda,Air Blade,2010,72000,Tay ga,100 - 175 cc,Thái Lan,2.1999999999999993
13.0,11.19,13.14,Yamaha,Acruzo,2016,25000,Tay ga,100 - 175 cc,Việt Nam,1.950000000000001
69.0,9.87,11.59,Honda,Dream,2000,39000,Xe số,50 - 100 cc,Thái Lan,1.7200000000000006
35.0,24.46,28.71,Honda,Future,2011,490000,Xe số,100 - 175 cc,Đang cập nhật,4.25
40.0,39.17,45.99,Honda,CBR,2022,17000,Tay côn/Moto,100 - 175 cc,Đang cập nhật,6.82
8.2,6.84,8.03,Piaggio,Liberty,2012,35000,Tay ga,100 - 175 cc,Nước khác,1.1899999999999995
80.0,85.17,99.98,Honda,CB,2018,30000,Tay côn/Moto,Trên 175 cc,Nhật Bản,14.810000000000002
83.0,11.08,13.01,Honda,Cub,2019,6000,Xe số,100 - 175 cc,Đang cập nhật,1.9299999999999997
18.5,15.19,17.83,Honda,Air Blade,2014,68000,Tay ga,100 - 175 cc,Việt Nam,2.639999999999999
23.0,20.8,24.42,Honda,Vision,2019,34997,Tay ga,100 - 175 cc,Việt Nam,3.620000000000001
32.0,32.36,37.99,Honda,Air Blade,2021,40000,Tay ga,100 - 175 cc,Việt Nam,5.630000000000003
22.0,14.49,17.01,Honda,Winner,2018,100000,Tay côn/Moto,100 - 175 cc,Việt Nam,2.5200000000000014
190.0,14.53,17.05,Suzuki,GSX,2015,18000,Tay côn/Moto,Trên 175 cc,Nhật Bản,2.5200000000000014
22.0,19.81,23.26,Yamaha,Exciter,2019,40000,Tay côn/Moto,100 - 175 cc,Đang cập nhật,3.450000000000003
45.0,7.92,9.3,Hãng khác,Dòng khác,2020,8000,Tay ga,100 - 175 cc,Nước khác,1.3800000000000008
17.5,15.19,17.83,Honda,Air Blade,2014,750000,Tay ga,100 - 175 cc,Việt Nam,2.639999999999999
55.0,41.94,49.23,Yamaha,Exciter,2006,64000,Xe số,100 - 175 cc,Thái Lan,7.289999999999999
90.0,74.3,87.23,Honda,SH,2022,21250,Xe số,100 - 175 cc,Việt Nam,12.930000000000007
18.5,24.85,29.17,Piaggio,Vespa,2016,30000,Tay ga,100 - 175 cc,Việt Nam,4.32
4.2,3.38,3.97,Suzuki,Smash,2004,90000,Xe số,100 - 175 cc,Việt Nam,0.5900000000000003
10.5,9.86,11.57,Yamaha,Sirius,2020,50,Xe số,100 - 175 cc,Nhật Bản,1.7100000000000009
18.0,15.74,18.48,Honda,MSX 125,2015,20000,Tay côn/Moto,100 - 175 cc,Thái Lan,2.74
30.0,11.35,13.32,Honda,Cub,1993,35000,Xe số,50 - 100 cc,Nhật Bản,1.9700000000000006
17.0,14.95,17.54,Yamaha,Exciter,2016,100000,Tay côn/Moto,100 - 175 cc,Nhật Bản,2.59
179.0,14.53,17.05,Hãng khác,Dòng khác,2023,9500,Tay côn/Moto,Trên 175 cc,Đang cập nhật,2.5200000000000014
25.0,9.23,10.84,Honda,Dream,2002,59000,Xe số,100 - 175 cc,Việt Nam,1.6099999999999994
23.0,21.16,24.84,Hãng khác,BX 125,2022,6000,Tay côn/Moto,100 - 175 cc,Nước khác,3.6799999999999997
55.0,42.17,49.5,Honda,PCX,2019,30000,Tay ga,100 - 175 cc,Việt Nam,7.329999999999998
7.5,9.74,11.44,Piaggio,Vespa,2013,15000,Tay ga,100 - 175 cc,Đang cập nhật,1.6999999999999993
12.8,8.65,10.15,Honda,Wave,2015,0,Xe số,100 - 175 cc,Nước khác,1.5
21.0,17.08,20.05,Honda,Winner X,2020,28000,Tay côn/Moto,100 - 175 cc,Việt Nam,2.9700000000000024
16.0,19.01,22.31,Suzuki,Dòng khác,2018,28000,Tay ga,100 - 175 cc,Nhật Bản,3.299999999999997
35.0,34.36,40.34,Piaggio,Vespa,2017,12000,Tay ga,100 - 175 cc,Việt Nam,5.980000000000004
44.0,14.53,17.05,Yamaha,NM-X,2016,14000,Tay ga,100 - 175 cc,Nhật Bản,2.5200000000000014
19.8,11.21,13.16,Hãng khác,Dòng khác,1981,5827,Xe số,Dưới 50 cc,Nhật Bản,1.9499999999999993
30.0,30.45,35.75,Yamaha,R,2021,6800,Tay côn/Moto,100 - 175 cc,Đang cập nhật,5.300000000000001
25.0,24.11,28.3,Honda,Lead,2019,20000,Tay ga,100 - 175 cc,Nhật Bản,4.190000000000001
7.0,7.92,9.3,Hãng khác,Dòng khác,2020,200000,Xe số,Dưới 50 cc,Việt Nam,1.3800000000000008
15.6,11.69,13.72,Honda,Wave,2019,20000,Xe số,100 - 175 cc,Việt Nam,2.030000000000001
14.0,15.17,17.81,Yamaha,Exciter,2015,100,Xe số,Trên 175 cc,Việt Nam,2.639999999999999
28.0,23.37,27.43,Suzuki,GSX,2018,23000,Tay côn/Moto,100 - 175 cc,Việt Nam,4.059999999999999
96.0,72.21,84.77,Piaggio,Vespa,2024,2800,Tay ga,100 - 175 cc,Việt Nam,12.560000000000002
239.999999,223.1,261.9,Honda,Shadow,2009,26000,Tay côn/Moto,Trên 175 cc,Nước khác,38.79999999999998
48.5,38.25,44.9,Yamaha,Exciter,2007,2511,Tay côn/Moto,100 - 175 cc,Thái Lan,6.649999999999999
13.0,7.1,8.34,Honda,Wave,2006,2123,Xe số,100 - 175 cc,Đang cập nhật,1.2400000000000002
24.0,14.53,17.05,Suzuki,Dòng khác,2001,50,Tay côn/Moto,Trên 175 cc,Nhật Bản,2.5200000000000014
7.5,5.12,6.01,Yamaha,Sirius,2002,39399,Xe số,100 - 175 cc,Thái Lan,0.8899999999999997
22.0,11.1,13.03,Honda,Cub,1994,10000,Xe số,Dưới 50 cc,Nhật Bản,1.9299999999999997
11.5,12.64,14.84,Honda,Air Blade,2010,46000,Tay ga,100 - 175 cc,Việt Nam,2.1999999999999993
18.0,20.4,23.95,Honda,Dòng khác,2018,4900,Xe số,50 - 100 cc,Nhật Bản,3.5500000000000007
5.999999,6.13,7.2,Yamaha,Nouvo,2013,19999,Tay ga,Trên 175 cc,Việt Nam,1.0700000000000003
21.0,19.81,23.26,Yamaha,Exciter,2019,20000,Tay côn/Moto,100 - 175 cc,Đang cập nhật,3.450000000000003
68.0,41.72,48.97,Yamaha,Exciter,2008,100000,Xe số,100 - 175 cc,Việt Nam,7.25
10.0,10.9,12.8,Honda,Vision,2013,26199,Tay ga,100 - 175 cc,Việt Nam,1.9000000000000004
22.0,13.99,16.42,Honda,Cub,1992,70000,Xe số,50 - 100 cc,Nhật Bản,2.4300000000000015
6.0,5.98,7.02,Yamaha,Luvias,2009,67847,Tay ga,100 - 175 cc,Nhật Bản,1.0399999999999991
886.0,815.12,956.88,Hãng khác,Touring,2019,40000,Tay côn/Moto,Trên 175 cc,Nước khác,141.76
39.0,31.01,36.4,Honda,SH Mode,2016,100,Tay ga,100 - 175 cc,Việt Nam,5.389999999999997
10.0,9.2,10.8,SYM,Bonus,2011,486,Tay côn/Moto,100 - 175 cc,Đài Loan,1.6000000000000014
9.5,4.18,4.91,Hãng khác,Dòng khác,2004,15000,Xe số,100 - 175 cc,Trung Quốc,0.7300000000000004
35.0,31.14,36.55,Yamaha,R,2019,800,Tay côn/Moto,100 - 175 cc,Nước khác,5.409999999999997
83.5,76.82,90.18,Hãng khác,Rebellian,2009,50000,Tay côn/Moto,100 - 175 cc,Nước khác,13.360000000000014
21.0,15.97,18.75,Honda,Air Blade,2015,70700,Tay ga,100 - 175 cc,Việt Nam,2.7799999999999994
15.0,15.17,17.81,Yamaha,Exciter,2015,120000,Tay côn/Moto,100 - 175 cc,Việt Nam,2.639999999999999
6.0,5.52,6.48,Hãng khác,Jockey Fi,2010,102000,Tay ga,100 - 175 cc,Đài Loan,0.9600000000000009
5.0,4.16,4.89,Yamaha,Nouvo,2011,35000,Tay ga,100 - 175 cc,Việt Nam,0.7299999999999995
16.0,4.3,5.05,Honda,Dòng khác,1986,50,Xe số,50 - 100 cc,Đang cập nhật,0.75
36.5,26.52,31.14,Honda,Future,2009,24000,Xe số,100 - 175 cc,Đang cập nhật,4.620000000000001
13.5,15.19,17.83,Honda,Air Blade,2014,50000,Tay ga,100 - 175 cc,Việt Nam,2.639999999999999
41.0,22.2,26.06,Piaggio,Vespa,2015,20000,Tay ga,100 - 175 cc,Đang cập nhật,3.8599999999999994
4.5,4.14,4.86,Honda,Win,trước năm 1980,36000,Tay côn/Moto,100 - 175 cc,Trung Quốc,0.7200000000000006
19.5,11.18,13.12,SYM,Attila,2020,10000,Tay ga,100 - 175 cc,Việt Nam,1.9399999999999995
19.5,9.54,11.2,Yamaha,Sirius,2019,56789,Xe số,100 - 175 cc,Đang cập nhật,1.6600000000000001
7.5,7.1,8.34,Honda,Wave,2006,7900,Xe số,50 - 100 cc,Nhật Bản,1.2400000000000002
35.0,26.16,30.71,Yamaha,Exciter,2021,60000,Tay côn/Moto,100 - 175 cc,Nhật Bản,4.550000000000001
12.0,8.72,10.23,Honda,67,1991,100000,Tay côn/Moto,50 - 100 cc,Việt Nam,1.5099999999999998
53.0,36.71,43.1,Honda,Air Blade,2023,15000,Tay ga,100 - 175 cc,Việt Nam,6.390000000000001
30.0,13.23,15.53,Honda,Future,2004,30000,Xe số,100 - 175 cc,Nhật Bản,2.299999999999999
83.0,109.65,128.72,Honda,SH,2012,200000,Tay ga,100 - 175 cc,Đang cập nhật,19.069999999999993
6.9,6.99,8.21,Honda,Wave,2012,37000,Xe số,100 - 175 cc,Nhật Bản,1.2200000000000006
18.0,18.24,21.42,Honda,Future,2018,40000,Xe số,100 - 175 cc,Nhật Bản,3.1800000000000033
14.0,11.68,13.71,Yamaha,Acruzo,2015,70000,Tay ga,100 - 175 cc,Nhật Bản,2.030000000000001
35.0,17.41,20.44,Honda,Dream,1998,62715,Xe số,50 - 100 cc,Nhật Bản,3.030000000000001
30.0,17.23,20.23,Piaggio,Vespa,2014,22000,Tay ga,100 - 175 cc,Việt Nam,3.0
8.5,6.02,7.06,Yamaha,Sirius,2007,250000,Xe số,100 - 175 cc,Việt Nam,1.04
16.0,13.97,16.4,Honda,Dream,1996,10000,Xe số,100 - 175 cc,Nhật Bản,2.429999999999998
7.2,7.25,8.51,Yamaha,Sirius,2012,50000,Xe số,100 - 175 cc,Nhật Bản,1.2599999999999998
32.0,24.85,29.17,Piaggio,Vespa,2016,60,Tay ga,100 - 175 cc,Đang cập nhật,4.32
12.0,9.06,10.64,Honda,Air Blade,2012,40000,Tay ga,100 - 175 cc,Việt Nam,1.58
17.0,18.31,21.49,Honda,Winner,2021,44000,Tay côn/Moto,100 - 175 cc,Đang cập nhật,3.1799999999999997
9.0,5.28,6.2,Piaggio,Vespa,2010,57000,Tay ga,100 - 175 cc,Nước khác,0.9199999999999999
118.0,111.75,131.19,Honda,SH,2011,27000,Tay ga,100 - 175 cc,Đang cập nhật,19.439999999999998
100.0,22.48,26.39,Hãng khác,Dòng khác,trước năm 1980,12,Tay côn/Moto,100 - 175 cc,Nước khác,3.91
42.0,44.64,52.4,Honda,SH,2006,29000,Tay ga,100 - 175 cc,Nước khác,7.759999999999998
400.0,368.0,432.0,Hãng khác,R nine T,2020,4000,Tay côn/Moto,Không biết rõ,Nước khác,64.0
19.8,14.49,17.01,Honda,Winner,2018,24000,Tay côn/Moto,100 - 175 cc,Việt Nam,2.5200000000000014
3.8,9.76,11.45,Honda,Dòng khác,2005,1000,Xe số,100 - 175 cc,Nước khác,1.6899999999999995
35.0,36.06,42.33,Honda,Vario,2023,43000,Tay ga,100 - 175 cc,Nước khác,6.269999999999996
53.0,41.61,48.85,Yamaha,Exciter,2010,9999,Tay côn/Moto,100 - 175 cc,Việt Nam,7.240000000000002
68.0,62.14,72.95,Honda,SH,2019,19000,Tay ga,100 - 175 cc,Việt Nam,10.810000000000002
34.0,28.44,33.39,Yamaha,Exciter,2022,35000,Tay côn/Moto,100 - 175 cc,Việt Nam,4.949999999999999
8.0,7.27,8.53,Piaggio,Liberty,2013,60000,Tay ga,100 - 175 cc,Việt Nam,1.2599999999999998
12.0,12.27,14.4,Honda,Vision,2014,31000,Tay ga,100 - 175 cc,Việt Nam,2.130000000000001
70.0,14.31,16.8,Honda,Wave,2022,30000,Xe số,100 - 175 cc,Việt Nam,2.49
19.0,18.68,21.93,Honda,PS,2008,80000,Tay ga,100 - 175 cc,Nước khác,3.25
15.5,16.83,19.75,Honda,Vision,2016,25,Xe số,50 - 100 cc,Nhật Bản,2.9200000000000017
28.0,23.37,27.43,Suzuki,GSX,2018,85000,Tay côn/Moto,100 - 175 cc,Việt Nam,4.059999999999999
4.8,3.5,4.11,Suzuki,Hayate,2011,30000,Tay ga,100 - 175 cc,Nhật Bản,0.6100000000000003
8.0,6.35,7.45,Honda,Win,2015,1000,Tay côn/Moto,100 - 175 cc,Việt Nam,1.1000000000000005
9.5,5.34,6.26,SYM,Venus,2014,39999,Tay ga,100 - 175 cc,Đài Loan,0.9199999999999999
16.0,13.65,16.03,Honda,Wave,2021,60000,Xe số,100 - 175 cc,Nhật Bản,2.380000000000001
38.0,38.82,45.57,Honda,SH,2015,41000,Tay ga,100 - 175 cc,Việt Nam,6.75
9.9,6.78,7.96,Honda,Wave,2009,1,Xe số,50 - 100 cc,Nhật Bản,1.1799999999999997
75.0,62.96,73.91,Yamaha,XSR,2024,862,Tay côn/Moto,100 - 175 cc,Nhật Bản,10.949999999999996
18.0,16.92,19.86,Yamaha,FZ,2015,40000,Tay côn/Moto,100 - 175 cc,Nhật Bản,2.9399999999999977
31.5,14.95,17.54,Yamaha,Exciter,2016,60000,Tay côn/Moto,100 - 175 cc,Việt Nam,2.59
31.0,29.9,35.1,Honda,Air Blade,2020,20000,Tay ga,100 - 175 cc,Việt Nam,5.200000000000003
6.0,5.45,6.4,Honda,Cub,2010,9999,Xe số,50 - 100 cc,Việt Nam,0.9500000000000002
95.2,77.73,91.25,Honda,Rebel,2019,2650,Tay côn/Moto,Trên 175 cc,Thái Lan,13.519999999999996
14.5,15.17,17.81,Yamaha,Exciter,2015,56789,Tay côn/Moto,100 - 175 cc,Nhật Bản,2.639999999999999
8.0,3.15,3.69,Yamaha,Nouvo,2008,10000,Tay ga,100 - 175 cc,Việt Nam,0.54
18.0,13.6,15.96,Honda,Air Blade,2013,36000,Tay ga,100 - 175 cc,Nhật Bản,2.360000000000001
68.0,62.14,72.95,Honda,SH,2019,19000,Tay ga,100 - 175 cc,Việt Nam,10.810000000000002
46.0,36.06,42.33,Honda,Vario,2023,17000,Tay ga,100 - 175 cc,Đang cập nhật,6.269999999999996
80.0,109.65,128.72,Honda,SH,2012,40000,Tay ga,100 - 175 cc,Việt Nam,19.069999999999993
33.0,14.53,17.05,Hãng khác,Dòng khác,2017,13000,Tay côn/Moto,Trên 175 cc,Thái Lan,2.5200000000000014
26.5,23.44,27.52,Honda,Winner X,2022,130000,Tay côn/Moto,100 - 175 cc,Việt Nam,4.079999999999998
14.0,14.53,17.05,Hãng khác,Rebell,2009,500000,Tay côn/Moto,50 - 100 cc,Đài Loan,2.5200000000000014
3.9,5.29,6.21,Suzuki,Dòng khác,2004,35,Xe số,50 - 100 cc,Nhật Bản,0.9199999999999999
20.5,16.31,19.15,Honda,Winner X,2019,29000,Tay côn/Moto,100 - 175 cc,Việt Nam,2.84
16.0,5.47,6.43,Yamaha,Nozza,2016,400000,Tay ga,100 - 175 cc,Việt Nam,0.96
66.0,59.13,69.42,Piaggio,Vespa,2023,4000,Tay ga,100 - 175 cc,Đang cập nhật,10.29
16.0,14.53,17.05,Yamaha,Exciter,2013,30000,Tay côn/Moto,100 - 175 cc,Đang cập nhật,2.5200000000000014
19.0,16.94,19.89,Honda,PCX,2010,130000,Tay ga,100 - 175 cc,Đang cập nhật,2.9499999999999993
24.8,24.85,29.17,Honda,Winner X,2023,80000,Tay côn/Moto,100 - 175 cc,Nhật Bản,4.32
68.0,59.13,69.42,Piaggio,Vespa,2023,4000,Tay ga,100 - 175 cc,Việt Nam,10.29
47.0,60.06,70.5,Piaggio,GTS,2019,64000,Tay ga,100 - 175 cc,Việt Nam,10.439999999999998
9.5,8.55,10.04,Honda,Cub,1997,300000,Xe số,Dưới 50 cc,Nhật Bản,1.4899999999999984
20.0,11.1,13.03,Honda,Cub,1994,10000,Xe số,Dưới 50 cc,Nhật Bản,1.9299999999999997
18.0,16.31,19.15,Honda,Winner X,2019,25000,Tay côn/Moto,100 - 175 cc,Việt Nam,2.84
19.0,13.61,15.98,Yamaha,Exciter,2014,40000,Tay côn/Moto,100 - 175 cc,Việt Nam,2.370000000000001
4.2,4.59,5.38,SYM,Dòng khác,2010,123456,Xe số,100 - 175 cc,Đài Loan,0.79
39.0,36.71,43.1,Honda,Air Blade,2023,12000,Tay ga,100 - 175 cc,Việt Nam,6.390000000000001
16.8,8.01,9.41,Honda,Dylan,2005,35000,Tay ga,100 - 175 cc,Nước khác,1.4000000000000004
31.0,24.85,29.17,Honda,Winner X,2023,14500,Tay côn/Moto,100 - 175 cc,Đang cập nhật,4.32
75.0,74.3,87.23,Honda,SH,2022,3000,Tay ga,100 - 175 cc,Việt Nam,12.930000000000007
20.5,13.75,16.14,Honda,Winner,2017,20000,Tay côn/Moto,Trên 175 cc,Việt Nam,2.3900000000000006
13.5,6.37,7.48,Yamaha,Sirius,2011,10000,Xe số,100 - 175 cc,Nhật Bản,1.1100000000000003
11.0,9.51,11.16,Honda,Blade,2017,40000,Xe số,100 - 175 cc,Đang cập nhật,1.6500000000000004
27.0,19.95,23.42,Yamaha,Janus,2024,400,Tay ga,100 - 175 cc,Việt Nam,3.4700000000000024
22.5,15.97,18.75,Honda,Air Blade,2015,20000,Tay ga,100 - 175 cc,Nước khác,2.7799999999999994
32.0,29.44,34.56,Honda,Rebel,1994,1000,Tay côn/Moto,Trên 175 cc,Nhật Bản,5.120000000000001
45.0,9.46,11.11,Honda,Cub,2018,5379,Xe số,50 - 100 cc,Nhật Bản,1.6499999999999986
25.5,28.55,33.52,Piaggio,Sprint,2015,20000,Tay ga,100 - 175 cc,Nước khác,4.970000000000002
15.5,14.31,16.8,Honda,Wave,2022,30000,Xe số,100 - 175 cc,Việt Nam,2.49
8.6,5.94,6.97,Honda,Wave,2010,89000,Xe số,100 - 175 cc,Nhật Bản,1.0299999999999994
8.0,9.85,11.56,Honda,Air Blade,2011,900000,Tay ga,100 - 175 cc,Nhật Bản,1.7100000000000009
9.0,9.06,10.64,Honda,Air Blade,2012,50000,Tay ga,100 - 175 cc,Nhật Bản,1.58
37.0,34.82,40.88,Hãng khác,W175,2019,17000,Xe số,Trên 175 cc,Đang cập nhật,6.060000000000002
62.0,45.34,53.22,Piaggio,Vespa,2022,90000,Tay ga,100 - 175 cc,Việt Nam,7.8799999999999955
19.0,16.01,18.79,Honda,PCX,2011,40000,Tay ga,100 - 175 cc,Đang cập nhật,2.7799999999999976
14.5,9.06,10.64,Honda,Air Blade,2012,28000,Tay ga,50 - 100 cc,Đang cập nhật,1.58
1.5,6.23,7.31,Yamaha,Jupiter,2010,258000,Xe số,100 - 175 cc,Việt Nam,1.0799999999999992
4.3,3.96,4.64,SYM,Dòng khác,2003,10000,Xe số,50 - 100 cc,Đài Loan,0.6799999999999997
19.0,20.4,23.95,Honda,Dòng khác,2018,120000,Tay ga,Dưới 50 cc,Nhật Bản,3.5500000000000007
15.5,9.95,11.68,Honda,Wave,2002,68000,Xe số,100 - 175 cc,Nhật Bản,1.7300000000000004
24.8,6.08,7.14,Yamaha,Mio,2020,0,Tay ga,100 - 175 cc,Nước khác,1.0599999999999996
32.5,32.36,37.99,Honda,Air Blade,2021,26700,Tay ga,100 - 175 cc,Đang cập nhật,5.630000000000003
27.0,23.22,27.26,Suzuki,Satria,2022,28182,Tay côn/Moto,100 - 175 cc,Việt Nam,4.040000000000003
41.0,35.85,42.08,Honda,Vario,2024,1000,Tay ga,100 - 175 cc,Thái Lan,6.229999999999997
7.0,6.0,7.05,Honda,Lead,2009,47000,Tay ga,100 - 175 cc,Việt Nam,1.0499999999999998
15.0,7.57,8.89,Honda,Air Blade,2008,30000,Tay ga,100 - 175 cc,Thái Lan,1.3200000000000003
8.0,7.36,8.64,Hãng khác,Pepe,2015,10000,Tay ga,Dưới 50 cc,Đang cập nhật,1.2800000000000002
11.5,41.61,48.85,Yamaha,Exciter,2010,9999,Xe số,100 - 175 cc,Việt Nam,7.240000000000002
3.5,2.72,3.2,SYM,Attila,2005,24583,Tay ga,100 - 175 cc,Đài Loan,0.48
28.5,29.53,34.66,Honda,Vision,2024,30000,Tay ga,100 - 175 cc,Đang cập nhật,5.1299999999999955
25.9,15.17,17.81,Yamaha,Exciter,2015,80000,Tay côn/Moto,100 - 175 cc,Việt Nam,2.639999999999999
42.0,41.61,48.85,Yamaha,Exciter,2010,20000,Tay côn/Moto,100 - 175 cc,Việt Nam,7.240000000000002
35.0,32.2,37.8,Hãng khác,BN 302,2017,10000,Tay côn/Moto,Trên 175 cc,Đang cập nhật,5.599999999999994
150.0,55.9,65.62,Honda,SH,2017,20000,Tay ga,Trên 175 cc,Nước khác,9.720000000000006
8.5,21.96,25.78,Honda,Air Blade,2018,100000,Tay ga,100 - 175 cc,Việt Nam,3.8200000000000003
70.0,66.96,78.61,Honda,SH,2009,53000,Tay ga,100 - 175 cc,Nước khác,11.650000000000006
31.0,33.65,39.5,Honda,Air Blade,2022,220000,Tay ga,100 - 175 cc,Nhật Bản,5.850000000000001
17.8,15.49,18.18,Honda,Vision,2015,0,Tay ga,100 - 175 cc,Nước khác,2.6899999999999995
27.0,40.54,47.59,Honda,Vario,2018,400000,Tay ga,100 - 175 cc,Nước khác,7.050000000000004
45.0,44.59,52.35,Honda,SH,2016,10000,Tay ga,100 - 175 cc,Đang cập nhật,7.759999999999998
15.0,11.69,13.72,Honda,Wave,2019,300000,Xe số,50 - 100 cc,Việt Nam,2.030000000000001
55.0,44.59,52.35,Honda,SH,2016,33000,Tay ga,100 - 175 cc,Việt Nam,7.759999999999998
34.0,32.36,37.99,Honda,Air Blade,2021,22000,Tay ga,100 - 175 cc,Việt Nam,5.630000000000003
14.0,13.61,15.98,Yamaha,Exciter,2014,91837,Tay côn/Moto,100 - 175 cc,Việt Nam,2.370000000000001
32.0,17.23,20.23,Piaggio,Vespa,2014,123456,Tay ga,100 - 175 cc,Đang cập nhật,3.0
30.0,14.31,16.8,Honda,Wave,2022,5000,Xe số,50 - 100 cc,Nhật Bản,2.49
58.0,57.96,68.03,Honda,SH,2018,27000,Tay ga,100 - 175 cc,Việt Nam,10.07
3.7,5.94,6.97,Honda,Wave,2010,7777,Xe số,50 - 100 cc,Hàn Quốc,1.0299999999999994
3.7,4.37,5.13,SYM,Dòng khác,2012,100000,Tay ga,100 - 175 cc,Việt Nam,0.7599999999999998
62.0,53.71,63.05,Honda,SH Mode,2024,16000,Tay ga,100 - 175 cc,Nhật Bản,9.339999999999996
10.0,13.66,16.04,Yamaha,Exciter,2012,87707,Tay côn/Moto,100 - 175 cc,Việt Nam,2.379999999999999
2.0,1.84,2.16,Honda,CD,2020,45,Tay côn/Moto,Dưới 50 cc,Nhật Bản,0.32000000000000006
9.1,10.03,11.77,Honda,Wave,2003,10000,Xe số,100 - 175 cc,Thái Lan,1.7400000000000002
9.5,7.06,8.28,Honda,Air Blade,2007,2500,Tay ga,100 - 175 cc,Việt Nam,1.2199999999999998
12.0,12.64,14.84,Honda,Air Blade,2010,15000,Tay ga,50 - 100 cc,Việt Nam,2.1999999999999993
78.0,70.02,82.2,Honda,SH,2021,19000,Tay ga,100 - 175 cc,Đang cập nhật,12.180000000000007
26.0,20.65,24.24,Honda,Sonic,2019,12345,Tay côn/Moto,100 - 175 cc,Nước khác,3.59
15.0,7.55,8.86,Yamaha,Sirius,2014,24646,Xe số,100 - 175 cc,Việt Nam,1.3099999999999996
27.0,19.85,23.3,Honda,Sonic,2018,19,Xe số,100 - 175 cc,Nước khác,3.4499999999999993
17.5,14.49,17.01,Honda,Winner,2018,1,Tay côn/Moto,100 - 175 cc,Nhật Bản,2.5200000000000014
20.0,17.63,20.69,Honda,Winner X,2021,600000,Tay côn/Moto,100 - 175 cc,Đang cập nhật,3.0600000000000023
17.5,14.49,17.01,Honda,Winner,2018,1,Tay côn/Moto,100 - 175 cc,Việt Nam,2.5200000000000014
25.0,24.1,28.29,Honda,Air Blade,2019,55000,Tay ga,100 - 175 cc,Đang cập nhật,4.189999999999998
31.5,22.73,26.69,Honda,Wave,1999,19000,Xe số,100 - 175 cc,Đang cập nhật,3.960000000000001
6.5,6.9,8.1,Piaggio,LX,2011,100000,Tay ga,100 - 175 cc,Việt Nam,1.1999999999999993
22.222222,20.86,24.48,Yamaha,Mio,2023,7000,Tay ga,100 - 175 cc,Nước khác,3.620000000000001
12.0,10.56,12.4,Honda,Vision,2012,44000,Tay ga,50 - 100 cc,Đang cập nhật,1.8399999999999999
9.0,8.28,9.72,Suzuki,Viva,2019,50000,Xe số,100 - 175 cc,Việt Nam,1.4400000000000013
18.0,14.53,17.05,Hãng khác,Rebell,2024,10000,Tay côn/Moto,Trên 175 cc,Nước khác,2.5200000000000014
3.8,3.06,3.59,SYM,Attila,2009,666,Tay ga,100 - 175 cc,Nhật Bản,0.5299999999999998
195.0,179.4,210.6,Hãng khác,Street Triple,2017,22000,Tay côn/Moto,Trên 175 cc,Đang cập nhật,31.19999999999999
25.0,22.72,26.67,Honda,Sonic,2021,20000,Tay côn/Moto,100 - 175 cc,Nhật Bản,3.950000000000003
88.7,70.02,82.2,Honda,SH,2021,30000,Tay ga,100 - 175 cc,Đang cập nhật,12.180000000000007
14.0,10.9,12.8,Honda,Vision,2013,75000,Tay ga,100 - 175 cc,Việt Nam,1.9000000000000004
9.0,9.06,10.64,Honda,Air Blade,2012,655512,Tay ga,100 - 175 cc,Việt Nam,1.58
5.0,5.1,5.99,Yamaha,Mio,2009,20000,Tay ga,100 - 175 cc,Việt Nam,0.8900000000000006
12.0,6.78,7.96,Honda,Wave,2009,29000,Xe số,50 - 100 cc,Đang cập nhật,1.1799999999999997
9.5,9.54,11.2,Honda,Wave,2016,60000,Xe số,100 - 175 cc,Việt Nam,1.6600000000000001
16.0,6.3,7.39,Yamaha,Sirius,2009,50000,Xe số,100 - 175 cc,Việt Nam,1.0899999999999999
13.0,10.05,11.8,Yamaha,Dòng khác,2014,123456,Tay côn/Moto,100 - 175 cc,Việt Nam,1.75
58.0,5.72,6.72,Yamaha,Dòng khác,2010,24380,Tay côn/Moto,100 - 175 cc,Việt Nam,1.0
39.9,34.82,40.88,Hãng khác,W175,2019,25000,Tay côn/Moto,Trên 175 cc,Nước khác,6.060000000000002
45.0,8.55,10.04,Honda,Cub,1997,10000,Xe số,50 - 100 cc,Nhật Bản,1.4899999999999984
8.5,7.1,8.34,Yamaha,Jupiter,2009,500000,Xe số,100 - 175 cc,Đang cập nhật,1.2400000000000002
15.0,9.95,11.68,Honda,Wave,2002,68000,Xe số,100 - 175 cc,Đang cập nhật,1.7300000000000004
32.0,24.85,29.17,Piaggio,Vespa,2016,27000,Tay ga,100 - 175 cc,Đang cập nhật,4.32
6.0,6.08,7.14,Yamaha,Mio,2020,854885,Tay ga,100 - 175 cc,Việt Nam,1.0599999999999996
4.0,3.5,4.11,Suzuki,Hayate,2011,55000,Tay ga,100 - 175 cc,Nhật Bản,0.6100000000000003
23.9,24.85,29.17,Piaggio,Vespa,2016,30000,Tay ga,100 - 175 cc,Việt Nam,4.32
41.0,35.17,41.29,Yamaha,Nvx,2023,17000,Tay ga,100 - 175 cc,Việt Nam,6.119999999999997
10.5,24.85,29.17,Piaggio,Vespa,2016,39000,Tay ga,100 - 175 cc,Việt Nam,4.32
19.0,16.31,19.15,Honda,Winner X,2019,25000,Tay côn/Moto,100 - 175 cc,Việt Nam,2.84
16.0,11.85,13.92,Honda,Lead,2013,51000,Tay ga,100 - 175 cc,Nhật Bản,2.0700000000000003
54.0,44.59,52.35,Honda,SH,2016,310000,Tay ga,100 - 175 cc,Việt Nam,7.759999999999998
13.5,9.54,11.2,Yamaha,Sirius,2019,50,Xe số,100 - 175 cc,Việt Nam,1.6600000000000001
7.0,10.55,12.38,Hãng khác,Dòng khác,2022,25000,Xe số,Dưới 50 cc,Nước khác,1.83
52.0,33.65,39.5,Honda,Air Blade,2022,11000,Tay ga,100 - 175 cc,Việt Nam,5.850000000000001
85.0,109.65,128.72,Honda,SH,2012,15000,Tay ga,100 - 175 cc,Nhật Bản,19.069999999999993
7.8,7.82,9.18,Hãng khác,Dòng khác,2017,20000,Xe số,Dưới 50 cc,Việt Nam,1.3599999999999994
30.0,11.59,13.61,Honda,Dòng khác,1995,100000,Tay ga,Trên 175 cc,Nhật Bản,2.0199999999999996
42.99,44.59,52.35,Honda,SH,2016,20000,Tay ga,100 - 175 cc,Việt Nam,7.759999999999998
10.5,5.22,6.13,Honda,Blade,2007,23000,Tay ga,100 - 175 cc,Việt Nam,0.9100000000000001
11.5,14.38,16.88,Piaggio,Liberty,2016,45000,Tay ga,100 - 175 cc,Việt Nam,2.4999999999999982
7.8,6.83,8.02,SYM,Galaxy,2019,60000,Xe số,Dưới 50 cc,Đài Loan,1.1899999999999995
6.0,7.27,8.54,Honda,Cub,2017,6000,Xe số,Dưới 50 cc,Đài Loan,1.2699999999999996
7.8,6.92,8.12,Suzuki,Impulse,2016,40,Tay ga,100 - 175 cc,Nhật Bản,1.1999999999999993
10.5,14.53,17.05,Suzuki,Raider,2011,1234,Tay côn/Moto,100 - 175 cc,Nhật Bản,2.5200000000000014
8.3,10.24,12.02,Honda,Wave,2005,1234,Xe số,50 - 100 cc,Nhật Bản,1.7799999999999994
23.5,17.58,20.64,Suzuki,Raider,2018,34000,Tay côn/Moto,100 - 175 cc,Nhật Bản,3.0600000000000023
11.0,9.5,11.15,Honda,Blade,2018,40000,Xe số,100 - 175 cc,Việt Nam,1.6500000000000004
25.0,17.97,21.09,Honda,Dòng khác,2017,54302,Tay ga,100 - 175 cc,Việt Nam,3.120000000000001
9.9,8.65,10.15,Honda,Wave,2015,123456,Xe số,100 - 175 cc,Việt Nam,1.5
6.5,7.97,9.36,Honda,Wave,2014,250000,Xe số,50 - 100 cc,Hàn Quốc,1.3899999999999997
7.99,6.13,7.2,Yamaha,Nouvo,2013,270000,Tay ga,50 - 100 cc,Thái Lan,1.0700000000000003
24.6,12.15,14.27,Honda,Cub,2003,696900,Xe số,50 - 100 cc,Nhật Bản,2.119999999999999
40.0,36.71,43.1,Honda,Air Blade,2023,9860,Tay ga,100 - 175 cc,Việt Nam,6.390000000000001
46.5,36.06,42.33,Honda,Vario,2023,4300,Tay ga,100 - 175 cc,Nước khác,6.269999999999996
12.0,12.53,14.71,Honda,Dylan,2007,1000,Tay ga,100 - 175 cc,Đang cập nhật,2.1800000000000015
8.5,6.99,8.21,Honda,Wave,2012,888888,Xe số,100 - 175 cc,Việt Nam,1.2200000000000006
23.0,17.29,20.3,Yamaha,FZ,2016,38000,Tay côn/Moto,100 - 175 cc,Đang cập nhật,3.0100000000000016
9.5,8.66,10.17,Piaggio,LX,2012,1000,Tay ga,100 - 175 cc,Việt Nam,1.5099999999999998
1.6,15.55,18.25,Honda,Winner,2019,30000,Tay côn/Moto,100 - 175 cc,Việt Nam,2.6999999999999993
1.7,15.73,18.46,Yamaha,Exciter,2017,68944,Tay côn/Moto,100 - 175 cc,Việt Nam,2.7300000000000004
39.0,26.38,30.97,Suzuki,GSX,2019,17000,Tay côn/Moto,100 - 175 cc,Đang cập nhật,4.59
18.555555,22.73,26.69,Honda,Wave,1999,56789,Xe số,100 - 175 cc,Thái Lan,3.960000000000001
32.5,27.84,32.68,Honda,Vision,2023,13500,Tay ga,100 - 175 cc,Nhật Bản,4.84
13.5,15.94,18.72,Yamaha,Exciter,2011,9999,Tay côn/Moto,100 - 175 cc,Việt Nam,2.7799999999999994
35.0,17.23,20.23,Piaggio,Vespa,2014,16000,Tay ga,100 - 175 cc,Việt Nam,3.0
32.5,29.39,34.5,Honda,Vision,2025,2,Tay ga,100 - 175 cc,Việt Nam,5.109999999999999
48.0,11.87,13.94,Honda,Dream,2001,250,Xe số,50 - 100 cc,Thái Lan,2.0700000000000003
12.8,6.3,7.39,Yamaha,Sirius,2009,35000,Xe số,100 - 175 cc,Nhật Bản,1.0899999999999999
20.5,17.47,20.51,Honda,Vision,2017,35000,Tay ga,100 - 175 cc,Việt Nam,3.0400000000000027
12.0,9.06,10.64,Honda,Air Blade,2012,50000,Tay ga,100 - 175 cc,Việt Nam,1.58
15.5,13.84,16.25,Yamaha,Janus,2018,40000,Tay ga,100 - 175 cc,Nhật Bản,2.41
9.999999,6.82,8.01,Suzuki,Viva,2013,55555,Xe số,100 - 175 cc,Thái Lan,1.1899999999999995
19.5,33.66,39.52,Honda,Dòng khác,2019,0,Tay côn/Moto,100 - 175 cc,Đang cập nhật,5.8600000000000065
59.0,55.9,65.62,Honda,SH,2017,50000,Tay ga,100 - 175 cc,Nhật Bản,9.720000000000006
15.8,15.41,18.09,Yamaha,Grande,2016,100000,Tay ga,100 - 175 cc,Nhật Bản,2.6799999999999997
25.0,15.97,18.75,Honda,Air Blade,2015,6800,Tay ga,100 - 175 cc,Việt Nam,2.7799999999999994
6.9,5.04,5.92,Yamaha,Nouvo,2012,55000,Tay ga,100 - 175 cc,Nhật Bản,0.8799999999999999
15.0,14.15,16.61,Honda,Future,2000,10000,Xe số,50 - 100 cc,Nhật Bản,2.459999999999999
700.0,14.53,17.05,Hãng khác,R nine T,2023,12000,Tay côn/Moto,Trên 175 cc,Nước khác,2.5200000000000014
14.5,14.95,17.54,Yamaha,Exciter,2016,30000,Tay côn/Moto,100 - 175 cc,Việt Nam,2.59
2.5,2.75,3.23,Hãng khác,Max,2010,45806,Xe số,100 - 175 cc,Nhật Bản,0.48
6.0,14.53,17.05,Hãng khác,Dòng khác,2019,11111,Xe số,Dưới 50 cc,Trung Quốc,2.5200000000000014
44.0,38.1,44.72,Honda,Air Blade,2024,3000,Tay ga,100 - 175 cc,Đang cập nhật,6.619999999999997
30.0,8.66,10.17,Honda,Air Blade,2009,38000,Tay ga,100 - 175 cc,Thái Lan,1.5099999999999998
10.5,10.6,12.44,Piaggio,LX,2013,21494,Tay ga,100 - 175 cc,Nước khác,1.8399999999999999
41.0,23.06,27.06,Yamaha,FZ,2018,50000,Tay côn/Moto,Trên 175 cc,Nước khác,4.0
6.2,6.77,7.94,Honda,Wave,2008,1111,Xe số,100 - 175 cc,Việt Nam,1.1700000000000008
6.5,5.94,6.97,Honda,Wave,2010,34567,Xe số,100 - 175 cc,Việt Nam,1.0299999999999994
6.7,8.08,9.48,Honda,Dream,2008,12333,Xe số,50 - 100 cc,Việt Nam,1.4000000000000004
3.3,6.77,7.94,Honda,Wave,2008,10000,Xe số,50 - 100 cc,Trung Quốc,1.1700000000000008
16.5,18.68,21.93,Honda,PS,2008,50000,Tay ga,100 - 175 cc,Việt Nam,3.25
10.8,10.6,12.44,Piaggio,LX,2013,8000,Tay ga,100 - 175 cc,Việt Nam,1.8399999999999999
3.8,18.04,21.18,Honda,Dream,2012,30000,Xe số,100 - 175 cc,Trung Quốc,3.1400000000000006
43.0,73.6,86.4,Honda,CD,2023,123456,Tay côn/Moto,50 - 100 cc,Đang cập nhật,12.800000000000011
55.0,11.87,13.94,Honda,Dream,2001,250,Xe số,50 - 100 cc,Thái Lan,2.0700000000000003
15.0,16.76,19.67,Yamaha,Exciter,2018,60000,Tay côn/Moto,100 - 175 cc,Nhật Bản,2.91
24.0,19.81,23.26,Yamaha,Exciter,2019,54000,Xe số,100 - 175 cc,Nhật Bản,3.450000000000003
1.75,3.06,3.59,SYM,Attila,2009,10,Tay ga,100 - 175 cc,Việt Nam,0.5299999999999998
29.5,19.59,22.99,Piaggio,Liberty,2018,18000,Tay ga,100 - 175 cc,Nước khác,3.3999999999999986
37.0,32.36,37.99,Honda,Air Blade,2021,23000,Tay ga,100 - 175 cc,Đang cập nhật,5.630000000000003
8.0,8.65,10.15,Honda,Wave,2015,37000,Xe số,100 - 175 cc,Nhật Bản,1.5
8.0,8.65,10.15,Honda,Wave,2015,37000,Xe số,100 - 175 cc,Nhật Bản,1.5
8.0,8.65,10.15,Honda,Wave,2015,37000,Xe số,100 - 175 cc,Nhật Bản,1.5
15.0,15.17,17.81,Yamaha,Exciter,2015,58000,Tay côn/Moto,100 - 175 cc,Việt Nam,2.639999999999999
9.0,8.66,10.17,Honda,Air Blade,2009,10000,Tay ga,100 - 175 cc,Đang cập nhật,1.5099999999999998
9.0,8.66,10.17,Honda,Air Blade,2009,10000,Tay ga,100 - 175 cc,Đang cập nhật,1.5099999999999998
4.99,6.77,7.94,Honda,Wave,2008,60000,Xe số,100 - 175 cc,Trung Quốc,1.1700000000000008
31.0,23.09,27.11,Yamaha,FZ,2019,40000,Tay côn/Moto,100 - 175 cc,Đang cập nhật,4.02
7.3,6.5,7.63,Hãng khác,Dòng khác,2018,10000,Xe số,50 - 100 cc,Đài Loan,1.13
10.0,9.43,11.07,SYM,Elite,2018,30000,Tay ga,Dưới 50 cc,Đài Loan,1.6400000000000006
15.0,13.96,16.39,Honda,Winner,2016,2000,Tay côn/Moto,100 - 175 cc,Nhật Bản,2.4299999999999997
6.9,7.62,8.94,Yamaha,Nouvo,2015,123456,Tay ga,100 - 175 cc,Việt Nam,1.3199999999999994
68.0,55.9,65.62,Honda,SH,2017,30000,Tay ga,100 - 175 cc,Việt Nam,9.720000000000006
6.8,9.12,10.71,Hãng khác,Dòng khác,2019,12000,Tay ga,Dưới 50 cc,Việt Nam,1.5900000000000016
28.0,26.52,31.14,Honda,Future,2009,35000,Xe số,100 - 175 cc,Việt Nam,4.620000000000001
11.5,15.94,18.72,Yamaha,Exciter,2011,60,Xe số,100 - 175 cc,Việt Nam,2.7799999999999994
0.0042,7.91,9.28,Yamaha,Jupiter,2013,30000,Xe số,100 - 175 cc,Nhật Bản,1.3699999999999992
7.5,7.9,9.27,Yamaha,Sirius,2016,100000,Xe số,50 - 100 cc,Việt Nam,1.3699999999999992
17.0,15.94,18.72,Yamaha,Exciter,2011,0,Xe số,100 - 175 cc,Đang cập nhật,2.7799999999999994
0.01,6.84,8.03,Piaggio,Vespa,2009,100000,Tay ga,100 - 175 cc,Nước khác,1.1899999999999995
18.0,15.55,18.25,Honda,Winner,2019,32000,Tay côn/Moto,100 - 175 cc,Việt Nam,2.6999999999999993
30.0,15.33,17.99,Honda,Spacy,1997,90000,Tay ga,Không biết rõ,Đang cập nhật,2.6599999999999984
3.5,6.81,7.99,Hãng khác,Dòng khác,2016,100,Xe số,50 - 100 cc,Trung Quốc,1.1800000000000006
32.0,30.2,35.45,Honda,Vario,2019,10000,Tay ga,100 - 175 cc,Nước khác,5.2500000000000036
8.5,6.76,7.94,Honda,Wave,2011,0,Xe số,100 - 175 cc,Đang cập nhật,1.1800000000000006
22.0,9.94,11.67,Hãng khác,Dòng khác,2025,184,Xe số,Dưới 50 cc,Đài Loan,1.7300000000000004
2.9,2.42,2.84,SYM,Attila,2006,14000,Tay ga,100 - 175 cc,Nước khác,0.41999999999999993
226.0,109.65,128.72,Honda,SH,2012,17000,Tay ga,100 - 175 cc,Nước khác,19.069999999999993
20.0,14.25,16.73,Suzuki,Raider,2017,46000,Tay côn/Moto,100 - 175 cc,Nhật Bản,2.4800000000000004
12.5,6.99,8.21,Honda,Wave,2012,0,Xe số,100 - 175 cc,Nhật Bản,1.2200000000000006
6.5,7.24,8.49,Yamaha,Sirius,2013,38,Xe số,100 - 175 cc,Nhật Bản,1.25
14.5,14.31,16.8,Honda,Wave,2022,19000,Xe số,100 - 175 cc,Việt Nam,2.49
11.5,15.73,18.46,Yamaha,Exciter,2017,20000,Tay côn/Moto,100 - 175 cc,Việt Nam,2.7300000000000004
9.0,7.1,8.34,Yamaha,Jupiter,2009,70000,Xe số,50 - 100 cc,Việt Nam,1.2400000000000002
93.5,92.39,108.46,Hãng khác,Z800,2015,25000,Tay côn/Moto,Trên 175 cc,Việt Nam,16.069999999999993
41.0,55.9,65.62,Honda,SH,2017,220000,Tay ga,100 - 175 cc,Việt Nam,9.720000000000006
4.3,5.68,6.67,Honda,Dream,2010,30000,Xe số,100 - 175 cc,Trung Quốc,0.9900000000000002
25.9,19.87,23.33,Piaggio,Medley,2016,69000,Tay ga,100 - 175 cc,Đang cập nhật,3.4599999999999973
11.8,13.84,16.25,Yamaha,Janus,2018,9999,Tay ga,100 - 175 cc,Việt Nam,2.41
6.8,6.88,8.08,Yamaha,Jupiter,2008,26,Xe số,100 - 175 cc,Thái Lan,1.2000000000000002
21.5,21.39,25.1,Honda,Sonic,2017,39000,Tay côn/Moto,100 - 175 cc,Nhật Bản,3.710000000000001
4.5,3.68,4.32,Yamaha,Nouvo,2009,36000,Tay ga,100 - 175 cc,Nhật Bản,0.6400000000000001
14.0,11.2,13.15,Yamaha,Jupiter,2018,81201,Xe số,100 - 175 cc,Đang cập nhật,1.950000000000001
10.9,11.69,13.72,Honda,Wave,2019,18000,Xe số,100 - 175 cc,Việt Nam,2.030000000000001
3.6,3.68,4.32,Yamaha,Nouvo,2009,99999,Tay ga,100 - 175 cc,Việt Nam,0.6400000000000001
38.0,29.9,35.1,Honda,Air Blade,2020,65000,Tay ga,100 - 175 cc,Việt Nam,5.200000000000003
12.9,13.6,15.96,Honda,Air Blade,2013,80,Tay ga,100 - 175 cc,Đang cập nhật,2.360000000000001
23.5,10.24,12.02,Honda,Wave,2005,9,Xe số,100 - 175 cc,Đang cập nhật,1.7799999999999994
115.0,70.02,82.2,Honda,SH,2021,11000,Tay ga,Trên 175 cc,Đang cập nhật,12.180000000000007
3.5,3.11,3.65,SYM,Attila,2010,99,Tay ga,100 - 175 cc,Hàn Quốc,0.54
5.0,5.04,5.92,Yamaha,Nouvo,2012,12345,Tay ga,100 - 175 cc,Đang cập nhật,0.8799999999999999
52.0,55.9,65.62,Honda,SH,2017,700000,Tay ga,100 - 175 cc,Việt Nam,9.720000000000006
81.0,92.39,108.46,Hãng khác,Z800,2015,28000,Tay côn/Moto,Trên 175 cc,Nhật Bản,16.069999999999993
17.5,17.58,20.64,Suzuki,Raider,2018,30000,Tay côn/Moto,100 - 175 cc,Việt Nam,3.0600000000000023
6.0,7.53,8.84,Honda,Click,2010,42140,Tay ga,100 - 175 cc,Đang cập nhật,1.3099999999999996
7.9,6.77,7.94,Honda,Wave,2008,3000,Xe số,100 - 175 cc,Việt Nam,1.1700000000000008
280.0,243.8,286.2,Hãng khác,R nine T,2019,5000,Tay côn/Moto,Trên 175 cc,Nước khác,42.39999999999998
11.0,9.86,11.57,Yamaha,Sirius,2020,27000,Xe số,100 - 175 cc,Đang cập nhật,1.7100000000000009
8.0,6.84,8.03,Piaggio,Liberty,2012,46000,Tay ga,100 - 175 cc,Việt Nam,1.1899999999999995
11.0,37.2,43.67,Honda,Dòng khác,1997,5000,Tay ga,Dưới 50 cc,Nhật Bản,6.469999999999999
22.0,16.92,19.86,Yamaha,FZ,2015,22000,Tay côn/Moto,100 - 175 cc,Nước khác,2.9399999999999977
8.0,8.65,10.15,Honda,Wave,2015,10000,Xe số,100 - 175 cc,Việt Nam,1.5
17.0,17.47,20.51,Honda,Vision,2017,60000,Tay ga,100 - 175 cc,Việt Nam,3.0400000000000027
45.0,45.21,53.07,Suzuki,GZ,2018,400000,Tay côn/Moto,100 - 175 cc,Nhật Bản,7.859999999999999
3.5,5.23,6.14,Yamaha,Nouvo,2014,90000,Tay ga,100 - 175 cc,Đang cập nhật,0.9099999999999993
7.9,7.1,8.34,Honda,Wave,2006,23159,Xe số,50 - 100 cc,Nhật Bản,1.2400000000000002
6.2,4.43,5.21,SYM,Elegant,2012,54321,Xe số,100 - 175 cc,Đang cập nhật,0.7800000000000002
5.999999,6.13,7.2,Yamaha,Nouvo,2013,9999,Tay ga,100 - 175 cc,Việt Nam,1.0700000000000003
60.0,69.11,81.13,Honda,Click,2022,16000,Tay ga,100 - 175 cc,Thái Lan,12.019999999999996
14.0,8.65,10.15,Honda,Wave,2015,43,Xe số,100 - 175 cc,Việt Nam,1.5
14.0,8.65,10.15,Honda,Wave,2015,43,Xe số,100 - 175 cc,Việt Nam,1.5
4.7,6.23,7.31,Yamaha,Jupiter,2010,30000,Xe số,100 - 175 cc,Nhật Bản,1.0799999999999992
23.0,25.95,30.46,Honda,Sonic,2022,40024,Tay côn/Moto,100 - 175 cc,Việt Nam,4.510000000000002
3.8,5.35,6.29,Suzuki,Dòng khác,2005,50000,Xe số,50 - 100 cc,Nhật Bản,0.9400000000000004
22.0,43.1,50.59,Yamaha,Dòng khác,2023,20000,Tay ga,100 - 175 cc,Nước khác,7.490000000000002
9.5,6.48,7.61,Yamaha,Sirius,2010,40000,Xe số,100 - 175 cc,Việt Nam,1.13
9.5,81.67,95.87,Honda,Dòng khác,2011,26000,Xe số,100 - 175 cc,Việt Nam,14.200000000000003
48.0,41.69,48.94,Piaggio,Vespa,2019,27000,Tay ga,100 - 175 cc,Việt Nam,7.25
6.3,9.16,10.76,Honda,Dòng khác,2000,50000,Tay côn/Moto,Trên 175 cc,Nhật Bản,1.5999999999999996
5.3,6.67,7.83,Yamaha,Jupiter,2011,30000,Xe số,100 - 175 cc,Nhật Bản,1.1600000000000001
6.0,4.14,4.86,Hãng khác,Dòng khác,1999,100000,Tay ga,100 - 175 cc,Việt Nam,0.7200000000000006
13.0,11.69,13.72,Honda,Wave,2019,13333,Xe số,100 - 175 cc,Việt Nam,2.030000000000001
12.5,14.49,17.01,Honda,Winner,2018,57,Xe số,100 - 175 cc,Việt Nam,2.5200000000000014
0.2,15.19,17.83,Honda,Air Blade,2014,0,Tay ga,100 - 175 cc,Việt Nam,2.639999999999999
27.5,25.22,29.61,Honda,Future,2022,30000,Xe số,100 - 175 cc,Nhật Bản,4.390000000000001
3.7,3.51,4.12,Hãng khác,Dòng khác,2002,1234,Xe số,100 - 175 cc,Đài Loan,0.6100000000000003
160.0,74.3,87.23,Honda,SH,2022,900,Tay ga,Trên 175 cc,Đang cập nhật,12.930000000000007
4.5,3.68,4.32,Yamaha,Nouvo,2009,35000,Tay ga,100 - 175 cc,Nhật Bản,0.6400000000000001
12.5,13.07,15.34,Yamaha,Janus,2017,8661,Tay ga,100 - 175 cc,Nhật Bản,2.2699999999999996
7.0,7.57,8.89,Honda,Air Blade,2008,30000,Tay ga,100 - 175 cc,Nhật Bản,1.3200000000000003
4.2,4.14,4.86,Piaggio,Zip,2008,10000,Tay ga,50 - 100 cc,Nước khác,0.7200000000000006
7.5,7.69,9.02,Honda,Blade,2015,45000,Xe số,100 - 175 cc,Việt Nam,1.3299999999999992
15.0,13.6,15.96,Honda,Air Blade,2013,10000,Tay ga,100 - 175 cc,Việt Nam,2.360000000000001
9.5,7.87,9.24,Honda,Lead,2012,48000,Tay ga,100 - 175 cc,Nhật Bản,1.37
4.7,9.87,11.59,Honda,Dream,2000,2,Xe số,100 - 175 cc,Trung Quốc,1.7200000000000006
11.0,10.77,12.65,Yamaha,Janus,2016,500000,Tay ga,100 - 175 cc,Việt Nam,1.8800000000000008
7.5,7.17,8.41,Honda,Cub,2007,70,Xe số,Dưới 50 cc,Hàn Quốc,1.2400000000000002
7.0,28.44,33.39,Yamaha,Exciter,2022,45000,Xe số,Dưới 50 cc,Việt Nam,4.949999999999999
39.999999,10.0,11.74,Honda,Wave,2017,3000,Xe số,50 - 100 cc,Việt Nam,1.7400000000000002
2.8,18.04,21.18,Honda,Dream,2012,30000,Xe số,100 - 175 cc,Trung Quốc,3.1400000000000006
20.8,23.37,27.43,Suzuki,GSX,2018,40,Tay côn/Moto,100 - 175 cc,Đang cập nhật,4.059999999999999
64.0,51.39,60.33,Piaggio,Vespa,2021,170000,Tay ga,100 - 175 cc,Nước khác,8.939999999999998
94.0,74.21,87.11,Honda,SH,2023,8000,Tay ga,100 - 175 cc,Việt Nam,12.900000000000006
10.0,21.86,25.66,Honda,Future,2007,50,Xe số,100 - 175 cc,Đang cập nhật,3.8000000000000007
95.0,75.95,89.16,Honda,SH,2024,29879,Tay ga,100 - 175 cc,Việt Nam,13.209999999999994
3.5,7.55,8.86,Yamaha,Sirius,2014,300000,Xe số,100 - 175 cc,Nhật Bản,1.3099999999999996
83.0,70.02,82.2,Honda,SH,2021,15000,Tay ga,100 - 175 cc,Việt Nam,12.180000000000007
6.8,5.94,6.97,Honda,Wave,2010,46000,Xe số,100 - 175 cc,Hàn Quốc,1.0299999999999994
22.0,16.92,19.86,Yamaha,FZ,2015,23000,Tay côn/Moto,100 - 175 cc,Đang cập nhật,2.9399999999999977
15.0,16.83,19.75,Honda,Vision,2016,111111,Tay ga,100 - 175 cc,Việt Nam,2.9200000000000017
39.8,51.28,60.19,Honda,Vario,2017,25000,Tay ga,100 - 175 cc,Thái Lan,8.909999999999997
12.6,12.27,14.4,Honda,Vision,2014,16000,Tay ga,100 - 175 cc,Nhật Bản,2.130000000000001
6.5,6.77,7.94,Honda,Wave,2008,99999,Xe số,50 - 100 cc,Nhật Bản,1.1700000000000008
20.0,38.25,44.9,Yamaha,Exciter,2007,100000,Xe số,100 - 175 cc,Thái Lan,6.649999999999999
6.0,6.81,7.99,Hãng khác,Dòng khác,2016,1000,Tay ga,100 - 175 cc,Nhật Bản,1.1800000000000006
6.3,9.85,11.56,Honda,Air Blade,2011,30000,Tay ga,100 - 175 cc,Việt Nam,1.7100000000000009
38.0,14.53,17.05,Honda,Future,2019,14000,Xe số,100 - 175 cc,Đang cập nhật,2.5200000000000014
8.5,6.57,7.71,Piaggio,Vespa,2011,17900,Tay ga,100 - 175 cc,Nước khác,1.1399999999999997
9.0,10.55,12.38,Hãng khác,Dòng khác,2022,6000,Tay côn/Moto,50 - 100 cc,Việt Nam,1.83
10.0,11.75,13.8,Yamaha,FZ,2013,60000,Tay côn/Moto,100 - 175 cc,Việt Nam,2.0500000000000007
23.5,23.04,27.05,Honda,PCX,2014,21000,Tay ga,100 - 175 cc,Việt Nam,4.010000000000002
206.0,32.43,38.07,Honda,CBR,2013,26999,Tay côn/Moto,Trên 175 cc,Nhật Bản,5.640000000000001
20.0,13.65,16.02,Yamaha,Grande,2015,106,Tay ga,Không biết rõ,Việt Nam,2.369999999999999
49.5,51.28,60.19,Honda,Vario,2017,100000,Tay ga,100 - 175 cc,Nước khác,8.909999999999997
110.0,95.08,111.62,Honda,SH,2010,40000,Tay ga,100 - 175 cc,Việt Nam,16.540000000000006
42.0,61.59,72.3,Honda,PCX,2022,1880,Tay ga,100 - 175 cc,Nước khác,10.709999999999994
35.0,35.47,41.64,Suzuki,GZ,2013,16000,Tay côn/Moto,100 - 175 cc,Đang cập nhật,6.170000000000002
6.0,14.53,17.05,Honda,Air Blade,2000,9999,Tay ga,100 - 175 cc,Nhật Bản,2.5200000000000014
72.8,64.28,75.46,Piaggio,GTS,2020,8000,Tay ga,100 - 175 cc,Nước khác,11.179999999999993
2.0,2.91,3.42,SYM,Attila,2008,258000,Tay ga,100 - 175 cc,Việt Nam,0.5099999999999998
12.9,13.6,15.96,Honda,Air Blade,2013,127000,Tay ga,100 - 175 cc,Việt Nam,2.360000000000001
8.0,14.53,17.05,SYM,Shark,2018,25000,Tay ga,100 - 175 cc,Việt Nam,2.5200000000000014
18.0,11.74,13.78,Honda,Wave,2004,20000,Xe số,100 - 175 cc,Nhật Bản,2.039999999999999
28.8,26.21,30.77,Yamaha,PG-1,2024,8700,Xe số,100 - 175 cc,Việt Nam,4.559999999999999
10.0,5.28,6.2,Piaggio,Vespa,2010,22000,Tay ga,100 - 175 cc,Nước khác,0.9199999999999999
19.0,58.28,68.41,Suzuki,Sport / Xipo,1999,20000,Xe số,100 - 175 cc,Việt Nam,10.129999999999995
9.0,5.94,6.97,Honda,Wave,2010,30000,Xe số,50 - 100 cc,Đang cập nhật,1.0299999999999994
80.0,62.14,72.95,Honda,SH,2019,33000,Tay ga,100 - 175 cc,Việt Nam,10.810000000000002
16.0,6.85,8.04,Honda,Dòng khác,2004,70000,Tay ga,Trên 175 cc,Nhật Bản,1.1899999999999995
0.0068,7.21,8.47,Yamaha,Jupiter,2007,300000,Xe số,100 - 175 cc,Nhật Bản,1.2600000000000007
6.8,7.21,8.47,Yamaha,Jupiter,2007,30000,Xe số,100 - 175 cc,Nhật Bản,1.2600000000000007
8.0,5.94,6.97,Honda,Wave,2010,82000,Xe số,100 - 175 cc,Việt Nam,1.0299999999999994
7.5,7.21,8.47,Yamaha,Jupiter,2007,30000,Xe số,100 - 175 cc,Nhật Bản,1.2600000000000007
13.0,13.75,16.14,Honda,Winner,2017,34000,Tay côn/Moto,100 - 175 cc,Đang cập nhật,2.3900000000000006
69.9,66.3,77.83,Honda,SH,2020,50000,Tay ga,100 - 175 cc,Nhật Bản,11.530000000000001
45.0,51.03,59.9,Hãng khác,Z300,2016,67000,Tay côn/Moto,Trên 175 cc,Đang cập nhật,8.869999999999997
22.0,19.81,23.26,Yamaha,Exciter,2019,300000,Tay côn/Moto,100 - 175 cc,Việt Nam,3.450000000000003
30.0,24.1,28.29,Honda,Air Blade,2019,28000,Tay ga,100 - 175 cc,Đang cập nhật,4.189999999999998
8.3,6.77,7.94,Honda,Wave,2008,9999,Xe số,100 - 175 cc,Việt Nam,1.1700000000000008
55.0,52.32,61.42,Piaggio,Sprint,2020,10000,Tay ga,100 - 175 cc,Đang cập nhật,9.100000000000001
25.0,19.81,23.26,Yamaha,Exciter,2019,26204,Tay côn/Moto,100 - 175 cc,Nước khác,3.450000000000003
35.5,35.85,42.08,Honda,Vario,2024,11000,Tay ga,100 - 175 cc,Thái Lan,6.229999999999997
17.5,18.56,21.79,Honda,Vision,2018,30000,Tay ga,100 - 175 cc,Nhật Bản,3.2300000000000004
20.0,19.86,23.32,Piaggio,Liberty,2020,2000,Tay ga,100 - 175 cc,Nước khác,3.460000000000001
6.5,6.3,7.39,Yamaha,Sirius,2009,100001,Xe số,100 - 175 cc,Đang cập nhật,1.0899999999999999
19.7,20.04,23.53,Honda,Air Blade,2016,69,Tay ga,100 - 175 cc,Việt Nam,3.490000000000002
2.0,3.68,4.32,Yamaha,Nouvo,2009,9999,Tay ga,100 - 175 cc,Việt Nam,0.6400000000000001
30.6,25.22,29.61,Honda,Future,2022,5300,Xe số,100 - 175 cc,Việt Nam,4.390000000000001
25.5,21.0,24.66,Honda,Air Blade,2017,35000,Tay ga,100 - 175 cc,Việt Nam,3.66
7.8,7.9,9.27,Yamaha,Sirius,2016,66430,Xe số,100 - 175 cc,Việt Nam,1.3699999999999992
6.0,5.28,6.2,Piaggio,Vespa,2010,29113,Tay ga,100 - 175 cc,Việt Nam,0.9199999999999999
0.0073,5.89,6.92,Yamaha,Mio,2010,6789,Tay ga,100 - 175 cc,Việt Nam,1.0300000000000002
55.0,14.53,17.05,Yamaha,Yass,2021,100000,Xe số,100 - 175 cc,Nhật Bản,2.5200000000000014
7.0,9.74,11.44,Piaggio,Vespa,2013,20110,Tay ga,100 - 175 cc,Việt Nam,1.6999999999999993
160.0,74.3,87.23,Honda,SH,2022,1000,Tay ga,Trên 175 cc,Thái Lan,12.930000000000007
7.0,8.92,10.48,SYM,Venus,2016,48000,Tay ga,100 - 175 cc,Nước khác,1.5600000000000005
10.0,6.77,7.94,Honda,Wave,2008,75000,Xe số,100 - 175 cc,Việt Nam,1.1700000000000008
4.2,4.18,4.91,Hãng khác,Dòng khác,2004,100000,Xe số,100 - 175 cc,Trung Quốc,0.7300000000000004
15.0,10.62,12.47,Hãng khác,Espero,2024,4575,Tay ga,Dưới 50 cc,Việt Nam,1.8500000000000014
1.5,5.94,6.97,Honda,Wave,2010,34849,Xe số,Không biết rõ,Trung Quốc,1.0299999999999994
24.8,20.8,24.42,Honda,Vision,2019,12500,Tay ga,100 - 175 cc,Việt Nam,3.620000000000001
11.9,8.55,10.04,Honda,Cub,1997,18650,Xe số,Dưới 50 cc,Đang cập nhật,1.4899999999999984
33.0,31.01,36.4,Honda,SH Mode,2016,64000,Tay ga,100 - 175 cc,Đang cập nhật,5.389999999999997
30.0,27.17,31.89,Honda,Lead,2020,17000,Tay ga,100 - 175 cc,Nhật Bản,4.719999999999999
39.8,41.61,48.85,Yamaha,Exciter,2010,40000,Xe số,100 - 175 cc,Thái Lan,7.240000000000002
37.9,40.54,47.59,Honda,Vario,2018,25000,Tay ga,100 - 175 cc,Thái Lan,7.050000000000004
26.0,25.22,29.61,Honda,Future,2022,25000,Xe số,100 - 175 cc,Nhật Bản,4.390000000000001
5.5,5.1,5.99,Yamaha,Mio,2009,34567,Tay ga,100 - 175 cc,Việt Nam,0.8900000000000006
17.8,17.47,20.51,Honda,Vision,2017,29000,Tay ga,100 - 175 cc,Việt Nam,3.0400000000000027
15.0,24.1,28.29,Honda,Air Blade,2019,20000,Tay ga,100 - 175 cc,Việt Nam,4.189999999999998
8.6,5.94,6.97,Honda,Wave,2010,100000,Xe số,100 - 175 cc,Nhật Bản,1.0299999999999994
4.0,5.94,6.97,Honda,Wave,2010,100000,Xe số,100 - 175 cc,Việt Nam,1.0299999999999994
3.9,7.62,8.94,Yamaha,Nouvo,2015,190000,Tay ga,100 - 175 cc,Nhật Bản,1.3199999999999994
17.0,4.59,5.38,Hãng khác,Dòng khác,2015,20000,Tay côn/Moto,100 - 175 cc,Nước khác,0.79
8.5,4.21,4.94,Suzuki,Hayate,2012,99999,Tay ga,100 - 175 cc,Đang cập nhật,0.7300000000000004
15.0,14.53,17.05,Honda,Future,2000,10000,Xe số,50 - 100 cc,Nhật Bản,2.5200000000000014
7.5,5.33,6.25,Honda,@,2006,999966,Xe số,50 - 100 cc,Đang cập nhật,0.9199999999999999
63.0,61.37,72.04,Yamaha,XSR,2023,6000,Tay côn/Moto,100 - 175 cc,Nước khác,10.670000000000009
6.0,7.24,8.49,Yamaha,Sirius,2013,70000,Xe số,100 - 175 cc,Nhật Bản,1.25
5.5,6.2,7.28,Honda,Cub,2000,40000,Xe số,50 - 100 cc,Nhật Bản,1.08
7.0,9.06,10.64,Honda,Air Blade,2012,40000,Tay ga,50 - 100 cc,Việt Nam,1.58
22.5,20.87,24.5,Yamaha,Freego,2022,24000,Tay ga,100 - 175 cc,Việt Nam,3.629999999999999
22.0,13.66,16.04,Yamaha,Exciter,2012,10000,Tay côn/Moto,Trên 175 cc,Việt Nam,2.379999999999999
3.9,6.5,7.63,Yamaha,Nouvo,2017,190000,Tay ga,100 - 175 cc,Nhật Bản,1.13
1.5,3.92,4.6,Hãng khác,Dòng khác,2006,9999,Xe số,100 - 175 cc,Trung Quốc,0.6799999999999997
7.8,5.94,6.97,Honda,Wave,2010,33333,Xe số,100 - 175 cc,Việt Nam,1.0299999999999994
8.8,10.4,12.2,Honda,Wave,2018,50000,Xe số,100 - 175 cc,Nhật Bản,1.799999999999999
12.0,14.38,16.88,Piaggio,Liberty,2016,46000,Tay ga,100 - 175 cc,Việt Nam,2.4999999999999982
12.8,13.47,15.81,Yamaha,Sirius,2023,29000,Xe số,100 - 175 cc,Nhật Bản,2.34
10.7,8.97,10.53,Yamaha,Nozza,2015,59,Tay ga,100 - 175 cc,Việt Nam,1.5599999999999987
68.0,59.13,69.42,Piaggio,Vespa,2023,18000,Tay ga,100 - 175 cc,Việt Nam,10.29
29.5,27.17,31.89,Honda,Lead,2020,17000,Tay ga,100 - 175 cc,Nhật Bản,4.719999999999999
13.5,10.4,12.2,Honda,Wave,2018,47000,Xe số,100 - 175 cc,Nhật Bản,1.799999999999999
86.0,77.17,90.59,Honda,SH,2025,100,Tay ga,100 - 175 cc,Việt Nam,13.420000000000002
16.5,16.55,19.43,Honda,Lead,2016,999,Tay ga,100 - 175 cc,Nhật Bản,2.879999999999999
18.0,18.56,21.79,Honda,Vision,2018,64500,Tay ga,100 - 175 cc,Đang cập nhật,3.2300000000000004
17.8,13.8,16.21,Honda,Dream,2004,0,Xe số,50 - 100 cc,Việt Nam,2.41
18.0,9.85,11.56,Honda,Air Blade,2011,400000,Tay ga,50 - 100 cc,Việt Nam,1.7100000000000009
6.5,6.99,8.21,Honda,Wave,2012,10000,Xe số,100 - 175 cc,Hàn Quốc,1.2200000000000006
16.5,11.43,13.42,Honda,Wave,2020,0,Xe số,100 - 175 cc,Việt Nam,1.9900000000000002
8.0,7.34,8.61,Honda,Lead,2011,75500,Tay ga,100 - 175 cc,Việt Nam,1.2699999999999996
35.0,55.9,65.62,Honda,SH,2017,100000,Tay ga,100 - 175 cc,Việt Nam,9.720000000000006
7.5,11.35,13.32,Honda,Cub,1993,40000,Xe số,50 - 100 cc,Nhật Bản,1.9700000000000006
31.0,32.36,37.99,Honda,Air Blade,2021,77777,Tay ga,100 - 175 cc,Nhật Bản,5.630000000000003
20.0,23.04,27.05,Honda,PCX,2014,50000,Tay ga,100 - 175 cc,Đang cập nhật,4.010000000000002
1.7,5.94,6.97,Honda,Wave,2010,20000,Xe số,50 - 100 cc,Trung Quốc,1.0299999999999994
6.3,7.24,8.49,Yamaha,Sirius,2013,15,Xe số,50 - 100 cc,Nhật Bản,1.25
55.0,55.9,65.62,Honda,SH,2017,122345,Tay ga,100 - 175 cc,Việt Nam,9.720000000000006
25.0,23.37,27.43,Suzuki,GSX,2018,33393,Tay côn/Moto,100 - 175 cc,Việt Nam,4.059999999999999
14.5,9.95,11.68,Honda,Wave,2002,16500,Xe số,50 - 100 cc,Nhật Bản,1.7300000000000004
7.0,33.66,39.52,Honda,Dòng khác,2019,4000,Xe số,50 - 100 cc,Việt Nam,5.8600000000000065
15.5,15.97,18.75,Honda,Air Blade,2015,100000,Tay ga,100 - 175 cc,Việt Nam,2.7799999999999994
37.0,32.36,37.99,Honda,Air Blade,2021,40900,Tay ga,100 - 175 cc,Việt Nam,5.630000000000003
13.5,13.07,15.34,Yamaha,Janus,2017,8642,Tay ga,100 - 175 cc,Nhật Bản,2.2699999999999996
33.0,26.31,30.89,Yamaha,YB125,2019,10000,Xe số,100 - 175 cc,Nước khác,4.580000000000002
9.5,8.39,9.84,Piaggio,Vespa,2012,0,Tay ga,100 - 175 cc,Nước khác,1.4499999999999993
2.9,3.24,3.8,SYM,Attila,2025,0,Tay ga,100 - 175 cc,Nhật Bản,0.5599999999999996
3.0,4.04,4.74,Yamaha,Nouvo,2010,42000,Tay ga,100 - 175 cc,Nhật Bản,0.7000000000000002
160.0,95.08,111.62,Honda,SH,2010,18000,Tay ga,100 - 175 cc,Việt Nam,16.540000000000006
46.0,41.69,48.94,Piaggio,Vespa,2019,28000,Tay ga,100 - 175 cc,Việt Nam,7.25
5.3,5.89,6.92,Yamaha,Mio,2010,68888,Tay ga,100 - 175 cc,Nhật Bản,1.0300000000000002
16.9,16.83,19.75,Honda,Vision,2016,25000,Tay ga,100 - 175 cc,Việt Nam,2.9200000000000017
21.0,21.0,24.66,Honda,Air Blade,2017,46000,Tay ga,100 - 175 cc,Việt Nam,3.66
20.0,21.77,25.55,Honda,Vision,2020,47000,Xe số,100 - 175 cc,Nước khác,3.780000000000001
10.032,6.25,7.33,Honda,Dylan,2002,87888,Tay ga,100 - 175 cc,Nhật Bản,1.08
26.5,24.11,28.3,Honda,Lead,2019,50000,Tay ga,100 - 175 cc,Việt Nam,4.190000000000001
5.5,3.92,4.6,Piaggio,Zip,2011,20000,Tay ga,100 - 175 cc,Đang cập nhật,0.6799999999999997
9.5,7.53,8.84,Honda,Click,2010,14825,Tay ga,100 - 175 cc,Việt Nam,1.3099999999999996
24.0,58.28,68.41,Suzuki,Sport / Xipo,1999,20000,Xe số,100 - 175 cc,Việt Nam,10.129999999999995
18.6,17.08,20.05,Honda,Winner X,2020,20000,Xe số,100 - 175 cc,Việt Nam,2.9700000000000024
9.0,9.51,11.16,Honda,Blade,2017,50000,Xe số,100 - 175 cc,Việt Nam,1.6500000000000004
9.9,7.87,9.24,Honda,Lead,2012,900000,Tay ga,100 - 175 cc,Việt Nam,1.37
23.5,14.53,17.05,Yamaha,Exciter,2013,125588,Tay côn/Moto,100 - 175 cc,Việt Nam,2.5200000000000014
31.0,31.14,36.55,Yamaha,R,2019,19000,Tay côn/Moto,100 - 175 cc,Nước khác,5.409999999999997
16.8,5.41,6.35,Yamaha,Mio,2006,3000,Tay ga,100 - 175 cc,Nhật Bản,0.9399999999999995
23.5,24.5,28.77,Honda,Vision,2021,20000,Tay ga,100 - 175 cc,Việt Nam,4.27
18.5,16.76,19.67,Yamaha,Exciter,2018,44000,Tay côn/Moto,100 - 175 cc,Việt Nam,2.91
4.0,57.96,68.03,Honda,SH,2018,111,Tay ga,100 - 175 cc,Thái Lan,10.07
19.0,21.0,24.66,Honda,Air Blade,2017,400000,Tay ga,100 - 175 cc,Việt Nam,3.66
37.0,32.36,37.99,Honda,Air Blade,2021,23000,Tay ga,100 - 175 cc,Đang cập nhật,5.630000000000003
11.0,13.66,16.04,Yamaha,Exciter,2012,383838,Tay côn/Moto,100 - 175 cc,Đang cập nhật,2.379999999999999
29.5,26.85,31.52,Yamaha,Dòng khác,2019,1000,Tay côn/Moto,100 - 175 cc,Nhật Bản,4.669999999999998
4.5,9.76,11.45,Honda,Dòng khác,2005,999999,Xe số,Dưới 50 cc,Đang cập nhật,1.6899999999999995
22.5,14.53,17.05,Yamaha,Exciter,2013,20000,Xe số,100 - 175 cc,Đang cập nhật,2.5200000000000014
9.0,6.37,7.48,Yamaha,Sirius,2011,48000,Xe số,100 - 175 cc,Việt Nam,1.1100000000000003
12.0,5.47,6.43,Yamaha,Nozza,2016,20300,Tay ga,100 - 175 cc,Việt Nam,0.96
66.0,41.61,48.85,Yamaha,Exciter,2010,2500,Xe số,100 - 175 cc,Việt Nam,7.240000000000002
2.0,3.11,3.65,SYM,Attila,2010,2000,Tay ga,100 - 175 cc,Nhật Bản,0.54
12.5,11.43,13.42,Honda,Wave,2020,25600,Xe số,100 - 175 cc,Việt Nam,1.9900000000000002
21.0,21.77,25.55,Honda,Vision,2020,44000,Tay ga,100 - 175 cc,Việt Nam,3.780000000000001
33.0,53.36,62.64,Hãng khác,Legend 200,2023,136000,Tay côn/Moto,Trên 175 cc,Thái Lan,9.280000000000001
13.0,13.66,16.04,Yamaha,Exciter,2012,555555,Tay côn/Moto,100 - 175 cc,Đang cập nhật,2.379999999999999
7.0,6.78,7.96,Honda,Wave,2009,77000,Xe số,100 - 175 cc,Việt Nam,1.1799999999999997
10.3,5.94,6.97,Honda,Wave,2010,9000,Xe số,50 - 100 cc,Việt Nam,1.0299999999999994
26.5,25.22,29.61,Honda,Future,2022,0,Xe số,100 - 175 cc,Việt Nam,4.390000000000001
22.0,15.95,18.72,Honda,Wave,2024,12000,Xe số,100 - 175 cc,Nhật Bản,2.7699999999999996
8.5,6.02,7.06,Yamaha,Sirius,2007,161282,Xe số,50 - 100 cc,Đang cập nhật,1.04
13.0,11.43,13.42,Honda,Wave,2020,25500,Xe số,100 - 175 cc,Việt Nam,1.9900000000000002
18.0,13.61,15.98,Yamaha,Exciter,2014,50000,Tay côn/Moto,100 - 175 cc,Việt Nam,2.370000000000001
29.0,26.85,31.52,Yamaha,Dòng khác,2019,4038,Tay côn/Moto,100 - 175 cc,Việt Nam,4.669999999999998
7.0,8.64,10.15,Honda,Blade,2016,64000,Xe số,100 - 175 cc,Đang cập nhật,1.5099999999999998
3.5,3.73,4.38,SYM,Attila,2012,30000,Tay ga,100 - 175 cc,Việt Nam,0.6499999999999999
6.8,6.54,7.68,SYM,Shark,2011,68379,Tay ga,100 - 175 cc,Việt Nam,1.1399999999999997
6.0,15.73,18.46,Yamaha,Exciter,2017,10000,Xe số,Dưới 50 cc,Đang cập nhật,2.7300000000000004
9.5,5.08,5.97,Honda,Cub,1990,45678,Xe số,Dưới 50 cc,Nhật Bản,0.8899999999999997
6.8,14.41,16.91,Yamaha,Sirius,2025,0,Xe số,100 - 175 cc,Nhật Bản,2.5
8.9,16.15,18.96,Honda,Dòng khác,2015,590000,Xe số,100 - 175 cc,Việt Nam,2.8100000000000023
82.0,109.65,128.72,Honda,SH,2012,35000,Tay ga,100 - 175 cc,Nước khác,19.069999999999993
10.5,10.0,11.74,Honda,Wave,2017,15000,Xe số,100 - 175 cc,Nhật Bản,1.7400000000000002
12.0,12.64,14.84,Honda,Air Blade,2010,61526,Tay ga,100 - 175 cc,Việt Nam,2.1999999999999993
18.5,15.73,18.46,Yamaha,Exciter,2017,0,Tay côn/Moto,100 - 175 cc,Việt Nam,2.7300000000000004
40.0,14.53,17.05,Hãng khác,Legend Gentleman 200,2023,2,Tay côn/Moto,100 - 175 cc,Thái Lan,2.5200000000000014
6.5,3.68,4.32,Hãng khác,Dòng khác,2010,32,Xe số,Dưới 50 cc,Việt Nam,0.6400000000000001
7.3,17.23,20.23,Piaggio,Vespa,2014,20000,Tay ga,100 - 175 cc,Nước khác,3.0
8.0,7.21,8.46,Honda,Wave,2007,15000,Xe số,100 - 175 cc,Đang cập nhật,1.2500000000000009
8.5,6.99,8.21,Honda,Wave,2012,88000,Xe số,100 - 175 cc,Việt Nam,1.2200000000000006
17.5,16.55,19.43,Honda,Lead,2016,16000,Tay ga,100 - 175 cc,Đang cập nhật,2.879999999999999
18.0,15.95,18.72,Honda,Wave,2024,12000,Xe số,100 - 175 cc,Việt Nam,2.7699999999999996
11.5,11.2,13.15,Yamaha,Jupiter,2018,123456,Xe số,100 - 175 cc,Nhật Bản,1.950000000000001
14.0,15.17,17.81,Yamaha,Exciter,2015,35000,Tay côn/Moto,100 - 175 cc,Việt Nam,2.639999999999999
22.0,58.28,68.41,Suzuki,Sport / Xipo,1999,27000,Xe số,100 - 175 cc,Việt Nam,10.129999999999995
15.0,13.75,16.14,Honda,Winner,2017,110000,Tay côn/Moto,100 - 175 cc,Việt Nam,2.3900000000000006
23.0,20.65,24.24,Honda,Sonic,2019,27000,Tay côn/Moto,100 - 175 cc,Nước khác,3.59
4.0,9.8,11.51,SYM,Dòng khác,2019,17000,Xe số,50 - 100 cc,Việt Nam,1.709999999999999
12.0,9.54,11.2,Yamaha,Sirius,2019,36000,Xe số,100 - 175 cc,Nhật Bản,1.6600000000000001
7.5,5.1,5.99,Yamaha,Mio,2009,24863,Tay ga,100 - 175 cc,Nhật Bản,0.8900000000000006
9.8,36.71,43.1,Honda,Air Blade,2023,5678,Tay ga,100 - 175 cc,Nhật Bản,6.390000000000001
62.0,45.34,53.22,Piaggio,Vespa,2022,6454,Tay ga,Không biết rõ,Nước khác,7.8799999999999955
2.2,4.37,5.13,Hãng khác,Dòng khác,2007,100000,Xe số,100 - 175 cc,Trung Quốc,0.7599999999999998
25.0,22.72,26.67,Honda,Sonic,2021,38000,Tay côn/Moto,100 - 175 cc,Nước khác,3.950000000000003
25.0,22.72,26.67,Honda,Sonic,2021,380000,Tay côn/Moto,100 - 175 cc,Nước khác,3.950000000000003
85.0,74.3,87.23,Honda,SH,2022,10224,Tay ga,100 - 175 cc,Đang cập nhật,12.930000000000007
5.0,3.37,3.96,SYM,Dòng khác,2008,54678,Xe số,100 - 175 cc,Việt Nam,0.5899999999999999
8.0,7.57,8.89,Honda,Air Blade,2008,35000,Tay ga,50 - 100 cc,Việt Nam,1.3200000000000003
43.5,36.06,42.33,Honda,Vario,2023,11000,Tay ga,100 - 175 cc,Việt Nam,6.269999999999996
13.0,13.23,15.53,Honda,Future,2004,120000,Xe số,100 - 175 cc,Nhật Bản,2.299999999999999
50.0,52.52,61.65,Honda,SH Mode,2023,5000,Tay ga,100 - 175 cc,Việt Nam,9.129999999999995
12.0,15.73,18.46,Yamaha,Exciter,2017,350000,Tay côn/Moto,100 - 175 cc,Nhật Bản,2.7300000000000004
14.0,16.31,19.15,Honda,Winner X,2019,40000,Tay côn/Moto,100 - 175 cc,Việt Nam,2.84
1.7,3.11,3.65,SYM,Attila,2010,6000,Tay ga,100 - 175 cc,Đài Loan,0.54
11.0,6.99,8.21,Honda,Wave,2012,2000,Xe số,100 - 175 cc,Việt Nam,1.2200000000000006
3.9,3.96,4.65,SYM,Elizabeth,2010,40000,Tay ga,100 - 175 cc,Đài Loan,0.6900000000000004
8.5,9.85,11.56,Honda,Air Blade,2011,37855,Tay ga,100 - 175 cc,Thái Lan,1.7100000000000009
3.5,3.28,3.85,Suzuki,Hayate,2008,30000,Tay ga,100 - 175 cc,Nhật Bản,0.5700000000000003
4.2,7.19,8.44,Honda,Dòng khác,2002,40000,Xe số,50 - 100 cc,Trung Quốc,1.2499999999999991
20.0,16.31,19.15,Honda,Winner X,2019,25000,Tay côn/Moto,100 - 175 cc,Đang cập nhật,2.84
11.0,9.54,11.2,Yamaha,Sirius,2019,34500,Xe số,100 - 175 cc,Việt Nam,1.6600000000000001
105.0,4.6,5.4,Honda,Dòng khác,1982,9999,Tay côn/Moto,Trên 175 cc,Nhật Bản,0.8000000000000007
5.0,4.59,5.38,Hãng khác,Dòng khác,2015,2528,Xe số,100 - 175 cc,Trung Quốc,0.79
15.5,17.41,20.44,Honda,Dream,1998,20000,Xe số,50 - 100 cc,Nhật Bản,3.030000000000001
24.0,23.25,27.29,Yamaha,Nvx,2019,20000,Tay ga,100 - 175 cc,Việt Nam,4.039999999999999
14.8,41.61,48.85,Yamaha,Exciter,2010,123456,Xe số,100 - 175 cc,Việt Nam,7.240000000000002
20.3,20.65,24.24,Honda,Sonic,2019,20000,Tay côn/Moto,100 - 175 cc,Nước khác,3.59
7.0,6.76,7.94,Honda,Wave,2011,423568,Xe số,50 - 100 cc,Đang cập nhật,1.1800000000000006
57.0,57.07,67.0,Yamaha,XSR,2022,30000,Tay côn/Moto,100 - 175 cc,Nước khác,9.93
38.8,35.85,42.08,Honda,Vario,2024,11,Tay ga,100 - 175 cc,Thái Lan,6.229999999999997
90.0,57.96,68.03,Honda,SH,2018,26818,Tay ga,100 - 175 cc,Việt Nam,10.07
36.0,40.54,47.59,Honda,Vario,2018,39000,Tay ga,100 - 175 cc,Thái Lan,7.050000000000004
48.5,41.69,48.94,Piaggio,Vespa,2019,43000,Tay ga,100 - 175 cc,Việt Nam,7.25
5.0,6.3,7.4,SYM,Galaxy,2018,55000,Tay côn/Moto,100 - 175 cc,Đang cập nhật,1.1000000000000005
7.89,7.9,9.27,Yamaha,Sirius,2016,66191,Xe số,100 - 175 cc,Việt Nam,1.3699999999999992
10.0,16.76,19.67,Yamaha,Exciter,2018,120000,Tay côn/Moto,100 - 175 cc,Việt Nam,2.91
35.0,38.82,45.57,Honda,SH,2015,66000,Tay ga,100 - 175 cc,Việt Nam,6.75
35.5,21.96,25.78,Honda,Air Blade,2018,38000,Tay ga,100 - 175 cc,Việt Nam,3.8200000000000003
44.0,36.61,42.98,Piaggio,Vespa,2018,32000,Tay ga,100 - 175 cc,Việt Nam,6.369999999999997
40.0,34.36,40.34,Piaggio,Vespa,2017,50000,Tay ga,100 - 175 cc,Việt Nam,5.980000000000004
34.5,30.2,35.45,Honda,Vario,2019,29000,Tay ga,100 - 175 cc,Đang cập nhật,5.2500000000000036
49.0,41.61,48.85,Yamaha,Exciter,2010,30000,Tay côn/Moto,100 - 175 cc,Nhật Bản,7.240000000000002
5.0,13.61,15.98,Yamaha,Exciter,2014,77777,Tay côn/Moto,100 - 175 cc,Việt Nam,2.370000000000001
17.0,17.47,20.51,Honda,Vision,2017,25536,Tay ga,100 - 175 cc,Việt Nam,3.0400000000000027
25.0,15.95,18.72,Honda,Wave,2024,29000,Xe số,100 - 175 cc,Đang cập nhật,2.7699999999999996
12.5,15.19,17.83,Honda,Air Blade,2014,100000,Tay ga,100 - 175 cc,Việt Nam,2.639999999999999
72.0,69.0,81.0,Hãng khác,SR GT 200,2022,10000,Tay ga,100 - 175 cc,Đang cập nhật,12.0
11.0,10.4,12.2,Honda,Wave,2018,50000,Xe số,100 - 175 cc,Nhật Bản,1.799999999999999
26.5,26.21,30.77,Yamaha,PG-1,2024,8000,Tay côn/Moto,100 - 175 cc,Nhật Bản,4.559999999999999
35.0,14.53,17.05,Honda,Rebel,1987,210000,Tay côn/Moto,Trên 175 cc,Nhật Bản,2.5200000000000014
15.0,15.55,18.25,Honda,Winner,2019,86000,Tay côn/Moto,100 - 175 cc,Việt Nam,2.6999999999999993
17.5,14.49,17.01,Honda,Winner,2018,27000,Tay côn/Moto,100 - 175 cc,Nhật Bản,2.5200000000000014
10.0,13.66,16.04,Yamaha,Exciter,2012,12345,Tay côn/Moto,100 - 175 cc,Nước khác,2.379999999999999
11.0,14.53,17.05,Yamaha,Exciter,2013,100000,Tay côn/Moto,100 - 175 cc,Việt Nam,2.5200000000000014
6.0,7.25,8.51,Suzuki,Axelo,2017,0,Xe số,Trên 175 cc,Nhật Bản,1.2599999999999998
11.0,9.06,10.64,Honda,Air Blade,2012,35,Tay ga,100 - 175 cc,Việt Nam,1.58
8.0,9.51,11.16,Honda,Blade,2017,44444,Xe số,100 - 175 cc,Việt Nam,1.6500000000000004
25.5,24.85,29.17,Honda,Winner X,2023,16200,Tay côn/Moto,Trên 175 cc,Nhật Bản,4.32
12.5,10.9,12.8,Honda,Vision,2013,20000,Tay ga,100 - 175 cc,Việt Nam,1.9000000000000004
20.0,23.44,27.52,Honda,Winner X,2022,22000,Tay côn/Moto,100 - 175 cc,Đang cập nhật,4.079999999999998
11.0,14.53,17.05,Honda,MSX 125,2012,275000,Tay ga,50 - 100 cc,Việt Nam,2.5200000000000014
4.5,7.02,8.24,Honda,Cub,1981,12345,Xe số,Dưới 50 cc,Nhật Bản,1.2200000000000006
3.3,6.76,7.94,Honda,Wave,2011,123456,Xe số,100 - 175 cc,Việt Nam,1.1800000000000006
19.2,17.23,20.23,Yamaha,Janus,2022,180000,Tay ga,100 - 175 cc,Việt Nam,3.0
4.7,4.65,5.45,Hãng khác,Dòng khác,2014,123456,Xe số,100 - 175 cc,Hàn Quốc,0.7999999999999998
8.0,6.48,7.61,Yamaha,Sirius,2010,999999,Xe số,100 - 175 cc,Đang cập nhật,1.13
9.8,8.92,10.47,Honda,Cub,1996,999,Xe số,Dưới 50 cc,Việt Nam,1.5500000000000007
5.2,5.23,6.14,Yamaha,Nouvo,2014,10000,Tay ga,100 - 175 cc,Việt Nam,0.9099999999999993
7.9,6.84,8.03,Piaggio,Liberty,2012,30000,Tay ga,100 - 175 cc,Nước khác,1.1899999999999995
15.5,9.85,11.56,Honda,Air Blade,2011,29000,Tay ga,100 - 175 cc,Việt Nam,1.7100000000000009
6.7,7.57,8.89,Honda,Air Blade,2008,123456,Tay ga,100 - 175 cc,Việt Nam,1.3200000000000003
1.0,7.87,9.24,Honda,Cub,2009,100000,Xe số,50 - 100 cc,Nhật Bản,1.37
12.0,11.97,14.05,Hãng khác,Dòng khác,2023,10000,Tay ga,Dưới 50 cc,Đang cập nhật,2.08
5.5,6.78,7.96,Honda,Wave,2009,55000,Xe số,100 - 175 cc,Nhật Bản,1.1799999999999997
18.0,20.04,23.53,Honda,Air Blade,2016,120000,Tay ga,100 - 175 cc,Nhật Bản,3.490000000000002
9.0,6.13,7.2,Yamaha,Nouvo,2013,89000,Tay ga,100 - 175 cc,Việt Nam,1.0700000000000003
80.0,14.53,17.05,Hãng khác,Dòng khác,1986,5474,Tay côn/Moto,Không biết rõ,Nhật Bản,2.5200000000000014
13.5,15.97,18.75,Honda,Air Blade,2015,123456,Tay ga,100 - 175 cc,Việt Nam,2.7799999999999994
4.6,5.89,6.92,Yamaha,Mio,2010,123456,Tay ga,100 - 175 cc,Việt Nam,1.0300000000000002
6.7,6.77,7.94,Honda,Wave,2008,0,Xe số,100 - 175 cc,Nhật Bản,1.1700000000000008
11.5,10.9,12.8,Honda,Vision,2013,10000,Tay ga,50 - 100 cc,Nhật Bản,1.9000000000000004
8.0,26.52,31.14,Honda,Future,2009,74000,Xe số,100 - 175 cc,Việt Nam,4.620000000000001
230.0,119.51,140.29,Suzuki,Sport / Xipo,1998,0,Tay côn/Moto,100 - 175 cc,Đang cập nhật,20.779999999999987
10.5,7.62,8.94,Yamaha,Nouvo,2015,9000,Tay ga,100 - 175 cc,Nhật Bản,1.3199999999999994
13.5,14.49,17.01,Honda,Winner,2018,3500,Tay côn/Moto,100 - 175 cc,Việt Nam,2.5200000000000014
30.0,32.03,37.61,Honda,Vario,2021,16000,Tay ga,100 - 175 cc,Nước khác,5.579999999999998
10.7,10.4,12.2,Honda,Wave,2018,50000,Xe số,100 - 175 cc,Việt Nam,1.799999999999999
33.5,36.71,43.1,Honda,Air Blade,2023,16000,Tay ga,100 - 175 cc,Việt Nam,6.390000000000001
23.0,21.96,25.78,Honda,Air Blade,2018,65000,Tay ga,100 - 175 cc,Đang cập nhật,3.8200000000000003
89.0,14.53,17.05,Hãng khác,Z1000,2012,123456,Tay côn/Moto,Trên 175 cc,Nhật Bản,2.5200000000000014
3.2,18.09,21.23,Honda,Wave,2000,86532,Xe số,50 - 100 cc,Việt Nam,3.1400000000000006
8.6,1.23,1.44,Hãng khác,Dòng khác,2000,30000,Tay côn/Moto,100 - 175 cc,Nhật Bản,0.20999999999999996
6.9,6.75,7.93,Yamaha,Jupiter,2014,0,Xe số,100 - 175 cc,Nhật Bản,1.1799999999999997
2.5,5.94,6.97,Honda,Wave,2010,6000,Xe số,100 - 175 cc,Trung Quốc,1.0299999999999994
6.8,13.97,16.4,Honda,Dream,1996,12345,Xe số,50 - 100 cc,Đang cập nhật,2.429999999999998
11.2,8.66,10.17,Honda,Air Blade,2009,9999,Tay ga,100 - 175 cc,Nhật Bản,1.5099999999999998
15.7,14.31,16.8,Honda,Wave,2022,12150,Xe số,100 - 175 cc,Đang cập nhật,2.49
650.0,46.96,55.13,Honda,SH,2013,5555,Tay ga,100 - 175 cc,Đang cập nhật,8.170000000000002
3.5,4.37,5.13,Hãng khác,Dòng khác,2007,40000,Xe số,100 - 175 cc,Trung Quốc,0.7599999999999998
2.7,5.94,6.97,Honda,Wave,2010,60000,Xe số,100 - 175 cc,Trung Quốc,1.0299999999999994
45.0,41.69,48.94,Piaggio,Vespa,2019,20000,Tay ga,100 - 175 cc,Việt Nam,7.25
20.0,20.65,24.24,Honda,Sonic,2019,30000,Tay côn/Moto,100 - 175 cc,Nước khác,3.59
6.5,6.13,7.2,Yamaha,Nouvo,2013,99999,Tay ga,100 - 175 cc,Đang cập nhật,1.0700000000000003
13.0,13.84,16.25,Yamaha,Janus,2018,32000,Tay ga,100 - 175 cc,Việt Nam,2.41
6.6,8.66,10.17,Honda,Air Blade,2009,123456,Tay ga,100 - 175 cc,Việt Nam,1.5099999999999998
9.8,11.74,13.78,Honda,Wave,2004,100000,Xe số,50 - 100 cc,Việt Nam,2.039999999999999
28.0,24.85,29.17,Honda,Winner X,2023,15,Tay côn/Moto,100 - 175 cc,Đang cập nhật,4.32
47.0,36.61,42.98,Piaggio,Vespa,2018,8500,Tay ga,100 - 175 cc,Nước khác,6.369999999999997
10.3,10.29,12.08,Yamaha,Sirius,2021,21000,Xe số,100 - 175 cc,Đang cập nhật,1.790000000000001
2.6,3.51,4.12,Suzuki,Hayate,2009,800000,Tay ga,100 - 175 cc,Nhật Bản,0.6100000000000003
10.5,7.06,8.28,Honda,Air Blade,2007,770000,Tay ga,100 - 175 cc,Việt Nam,1.2199999999999998
8.7,21.0,24.66,Honda,Air Blade,2017,590000,Xe số,100 - 175 cc,Việt Nam,3.66
37.0,36.13,42.41,Honda,SH Mode,2018,3700,Tay ga,100 - 175 cc,Đang cập nhật,6.279999999999994
12.0,9.45,11.1,Yamaha,Luvias,2016,60000,Tay ga,100 - 175 cc,Việt Nam,1.6500000000000004
15.0,8.66,10.17,Honda,Air Blade,2009,35000,Tay ga,100 - 175 cc,Việt Nam,1.5099999999999998
10.5,12.64,14.84,Honda,Air Blade,2010,100000,Tay ga,100 - 175 cc,Việt Nam,2.1999999999999993
7.3,7.97,9.36,Honda,Wave,2014,60000,Xe số,100 - 175 cc,Việt Nam,1.3899999999999997
44.9,34.82,40.88,Hãng khác,W175,2019,4329,Tay côn/Moto,Trên 175 cc,Đang cập nhật,6.060000000000002
13.5,15.19,17.83,Honda,Air Blade,2014,1234,Tay ga,100 - 175 cc,Nhật Bản,2.639999999999999
15.5,15.19,17.83,Honda,Air Blade,2014,180000,Tay ga,100 - 175 cc,Việt Nam,2.639999999999999
2.2,4.59,5.38,Hãng khác,Dòng khác,2015,2000,Xe số,50 - 100 cc,Trung Quốc,0.79
35.0,141.0,165.52,Yamaha,Dòng khác,2024,0,Tay côn/Moto,Trên 175 cc,Đang cập nhật,24.52000000000001
27.0,8.71,10.22,Honda,Dòng khác,2009,40000,Tay côn/Moto,Trên 175 cc,Nhật Bản,1.5099999999999998
33.0,62.93,73.87,Yamaha,YAZ,2019,21000,Tay côn/Moto,100 - 175 cc,Nước khác,10.940000000000005
4.6,10.24,12.02,Honda,Wave,2005,250000,Xe số,50 - 100 cc,Đài Loan,1.7799999999999994
7.0,22.62,26.56,Yamaha,Exciter,2020,0,Xe số,50 - 100 cc,Trung Quốc,3.9399999999999977
40.0,39.17,45.99,Honda,CBR,2022,2450,Tay côn/Moto,100 - 175 cc,Nước khác,6.82
10.7,15.19,17.83,Honda,Air Blade,2014,48000,Tay ga,100 - 175 cc,Nhật Bản,2.639999999999999
11.5,8.63,10.13,Suzuki,Raider,2016,400000,Tay côn/Moto,100 - 175 cc,Việt Nam,1.5
1.2,4.31,5.05,SYM,Attila,2013,6000,Tay ga,100 - 175 cc,Đài Loan,0.7400000000000002
28.8,19.81,23.26,Yamaha,Exciter,2019,260000,Tay côn/Moto,100 - 175 cc,Việt Nam,3.450000000000003
48.0,24.18,28.39,Honda,SH,2005,40000,Tay ga,100 - 175 cc,Đang cập nhật,4.210000000000001
7.0,9.49,11.14,Honda,Spacy,2006,1000,Tay ga,100 - 175 cc,Nhật Bản,1.6500000000000004
28.0,25.54,29.98,Honda,Future,2010,90000,Xe số,100 - 175 cc,Việt Nam,4.440000000000001
9.0,8.28,9.72,Yamaha,Sirius,2017,58000,Xe số,100 - 175 cc,Nhật Bản,1.4400000000000013
16.0,15.97,18.75,Honda,Air Blade,2015,100000,Tay ga,100 - 175 cc,Việt Nam,2.7799999999999994
13.5,13.66,16.04,Yamaha,Exciter,2012,20000,Tay côn/Moto,100 - 175 cc,Việt Nam,2.379999999999999
38.0,74.3,87.23,Honda,SH,2022,123456,Tay ga,100 - 175 cc,Việt Nam,12.930000000000007
22.5,19.23,22.57,Hãng khác,Z125,2016,160000,Tay côn/Moto,100 - 175 cc,Đang cập nhật,3.34
40.0,36.13,42.41,Honda,SH Mode,2018,80000,Tay ga,100 - 175 cc,Việt Nam,6.279999999999994
6.0,6.3,7.39,Yamaha,Sirius,2009,50000,Xe số,50 - 100 cc,Nhật Bản,1.0899999999999999
1.5,6.93,8.14,Yamaha,Sirius,2015,48000,Xe số,50 - 100 cc,Trung Quốc,1.2100000000000009
200.0,14.53,17.05,Hãng khác,Hypermotard,2024,38000,Tay côn/Moto,Trên 175 cc,Đang cập nhật,2.5200000000000014
188.0,172.31,202.28,Hãng khác,Z1000,2016,30000,Tay côn/Moto,Trên 175 cc,Đang cập nhật,29.97
26.5,21.0,24.66,Honda,Air Blade,2017,123459,Tay ga,100 - 175 cc,Đang cập nhật,3.66
27.5,24.1,28.29,Honda,Air Blade,2019,29000,Tay ga,100 - 175 cc,Đang cập nhật,4.189999999999998
2.5,4.14,4.86,Honda,SCR,2006,40000,Tay ga,100 - 175 cc,Nhật Bản,0.7200000000000006
6.5,7.57,8.89,Honda,Air Blade,2008,6000,Tay ga,100 - 175 cc,Nhật Bản,1.3200000000000003
8.0,9.06,10.64,Honda,Air Blade,2012,100000,Tay ga,100 - 175 cc,Việt Nam,1.58
6.0,6.77,7.94,Honda,Wave,2008,20000,Xe số,50 - 100 cc,Nhật Bản,1.1700000000000008
12.5,9.54,11.2,Honda,Wave,2016,98000,Xe số,100 - 175 cc,Việt Nam,1.6600000000000001
58.0,38.82,45.57,Honda,SH,2015,18000,Tay ga,100 - 175 cc,Việt Nam,6.75
7.0,11.94,14.02,Honda,Dòng khác,2001,12851,Xe số,50 - 100 cc,Trung Quốc,2.08
6.5,5.72,6.72,Piaggio,Vespa,2008,10000,Tay ga,100 - 175 cc,Đang cập nhật,1.0
125.0,115.38,135.44,Hãng khác,Scrambler,2016,44000,Tay côn/Moto,Trên 175 cc,Đang cập nhật,20.060000000000002
11.3,10.4,12.2,Honda,Wave,2018,50000,Xe số,100 - 175 cc,Việt Nam,1.799999999999999
42.0,38.1,44.72,Honda,Air Blade,2024,1600,Tay ga,100 - 175 cc,Việt Nam,6.619999999999997
68.2,57.96,68.03,Honda,SH,2018,50000,Tay ga,100 - 175 cc,Nhật Bản,10.07
34.0,14.53,17.05,Hãng khác,Duke 200,2020,330000,Tay côn/Moto,Trên 175 cc,Nước khác,2.5200000000000014
15.0,11.59,13.61,Honda,Dòng khác,1995,20000,Xe số,100 - 175 cc,Nước khác,2.0199999999999996
7.5,6.16,7.23,Hãng khác,Dòng khác,2012,30000,Tay côn/Moto,100 - 175 cc,Nước khác,1.0700000000000003
17.5,12.53,14.71,Honda,Dylan,2007,35000,Tay ga,100 - 175 cc,Nhật Bản,2.1800000000000015
5.3,6.13,7.2,Yamaha,Nouvo,2013,57000,Tay ga,100 - 175 cc,Nhật Bản,1.0700000000000003
5.2,19.71,23.13,Yamaha,Mio,2024,90000,Tay ga,100 - 175 cc,Nhật Bản,3.419999999999998
16.5,15.73,18.46,Yamaha,Exciter,2017,92000,Tay côn/Moto,100 - 175 cc,Việt Nam,2.7300000000000004
6.8,6.48,7.61,Yamaha,Sirius,2010,10000,Xe số,100 - 175 cc,Nhật Bản,1.13
6.5,6.88,8.07,Honda,Click,2008,123456,Tay ga,100 - 175 cc,Việt Nam,1.1900000000000004
1.5,3.01,3.54,Yamaha,Nouvo,2006,10000,Tay ga,100 - 175 cc,Việt Nam,0.5300000000000002
5.7,4.99,5.86,Yamaha,Taurus,2009,70000,Xe số,100 - 175 cc,Việt Nam,0.8700000000000001
5.7,4.99,5.86,Yamaha,Taurus,2009,60000,Xe số,100 - 175 cc,Đang cập nhật,0.8700000000000001
30.5,28.44,33.39,Yamaha,Exciter,2022,36,Tay côn/Moto,100 - 175 cc,Việt Nam,4.949999999999999
13.5,15.9,18.67,Honda,Dream,1997,10000,Xe số,100 - 175 cc,Nhật Bản,2.7700000000000014
12.5,9.51,11.16,Honda,Blade,2017,40000,Xe số,100 - 175 cc,Việt Nam,1.6500000000000004
77.0,70.02,82.2,Honda,SH,2021,18000,Tay ga,100 - 175 cc,Đang cập nhật,12.180000000000007
23.0,19.94,23.41,Yamaha,Janus,2023,12000,Tay ga,100 - 175 cc,Việt Nam,3.469999999999999
250.0,39.46,46.33,Suzuki,Sport / Xipo,2000,36000,Xe số,100 - 175 cc,Nhật Bản,6.869999999999997
19.5,18.56,21.79,Honda,Vision,2018,19000,Tay ga,100 - 175 cc,Việt Nam,3.2300000000000004
8.4,6.93,8.14,Yamaha,Sirius,2015,164530,Xe số,100 - 175 cc,Đang cập nhật,1.2100000000000009
10.2,7.27,8.53,Piaggio,Liberty,2013,54000,Tay ga,100 - 175 cc,Đang cập nhật,1.2599999999999998
13.0,13.65,16.03,Honda,Wave,2021,18000,Xe số,100 - 175 cc,Việt Nam,2.380000000000001
14.0,14.31,16.8,Honda,Wave,2022,15000,Xe số,100 - 175 cc,Đang cập nhật,2.49
68.0,62.96,73.91,Yamaha,XSR,2024,5300,Tay côn/Moto,100 - 175 cc,Nước khác,10.949999999999996
6.8,11.87,13.94,Honda,Dream,2001,200000,Xe số,50 - 100 cc,Nước khác,2.0700000000000003
20.0,21.96,25.78,Honda,Air Blade,2018,55000,Tay ga,100 - 175 cc,Việt Nam,3.8200000000000003
15.0,3.96,4.64,SYM,Elizabeth,2016,40000,Tay ga,100 - 175 cc,Đài Loan,0.6799999999999997
23.0,22.62,26.56,Yamaha,Exciter,2020,18000,Tay côn/Moto,100 - 175 cc,Việt Nam,3.9399999999999977
3.2,6.74,7.91,Honda,Citi,2001,20000,Xe số,50 - 100 cc,Nhật Bản,1.17
10.0,10.77,12.65,Yamaha,Janus,2016,45000,Tay ga,100 - 175 cc,Việt Nam,1.8800000000000008
4.8,3.77,4.42,Hãng khác,Dòng khác,2001,30000,Xe số,50 - 100 cc,Trung Quốc,0.6499999999999999
4.7,5.12,6.01,Yamaha,Jupiter,2003,200000,Xe số,100 - 175 cc,Việt Nam,0.8899999999999997
26.0,26.85,31.52,Yamaha,Dòng khác,2019,23000,Tay côn/Moto,100 - 175 cc,Đang cập nhật,4.669999999999998
14.5,13.6,15.96,Honda,Air Blade,2013,1230,Tay ga,100 - 175 cc,Nhật Bản,2.360000000000001
8.0,10.74,12.6,Honda,Dream,2003,100000,Xe số,50 - 100 cc,Việt Nam,1.8599999999999994
8.5,14.15,16.61,Honda,Future,2000,0,Xe số,100 - 175 cc,Việt Nam,2.459999999999999
13.5,13.9,16.32,Honda,Future,2016,20000,Xe số,100 - 175 cc,Nhật Bản,2.42
36.5,31.97,37.53,Honda,Vario,2020,28000,Tay ga,100 - 175 cc,Nước khác,5.560000000000002
21.0,21.96,25.78,Honda,Air Blade,2018,150000,Tay ga,100 - 175 cc,Đang cập nhật,3.8200000000000003
12.0,6.5,7.63,Yamaha,Nouvo,2017,46000,Tay ga,100 - 175 cc,Việt Nam,1.13
4.0,6.23,7.31,Yamaha,Jupiter,2010,50000,Xe số,100 - 175 cc,Đang cập nhật,1.0799999999999992
3.6,3.76,4.41,Hãng khác,Dòng khác,2000,40000,Xe số,100 - 175 cc,Trung Quốc,0.6500000000000004
9.3,9.06,10.64,Honda,Air Blade,2012,0,Tay ga,100 - 175 cc,Nhật Bản,1.58
16.0,16.43,19.29,Honda,Winner,2020,50000,Tay côn/Moto,100 - 175 cc,Việt Nam,2.8599999999999994
2.0,9.94,11.67,Hãng khác,Dòng khác,2025,600000,Xe số,50 - 100 cc,Đài Loan,1.7300000000000004
17.5,16.87,19.8,Honda,PCX,2012,100,Tay ga,100 - 175 cc,Nhật Bản,2.9299999999999997
70.0,45.34,53.22,Piaggio,Vespa,2022,5600,Tay ga,100 - 175 cc,Việt Nam,7.8799999999999955
13.5,9.86,11.57,Yamaha,Sirius,2020,100000,Xe số,100 - 175 cc,Việt Nam,1.7100000000000009
0.00025,140.94,165.46,Honda,CB,2023,1230,Tay côn/Moto,Trên 175 cc,Đang cập nhật,24.52000000000001
85.0,77.17,90.59,Honda,SH,2025,1,Tay ga,100 - 175 cc,Việt Nam,13.420000000000002
5.9,8.66,10.17,Honda,Air Blade,2009,12356,Tay ga,100 - 175 cc,Việt Nam,1.5099999999999998
4.9,4.21,4.94,Suzuki,Hayate,2012,0,Tay ga,100 - 175 cc,Nhật Bản,0.7300000000000004
37.0,29.9,35.1,Honda,Air Blade,2020,8000,Tay ga,100 - 175 cc,Việt Nam,5.200000000000003
3.0,5.94,6.97,Honda,Wave,2010,0,Xe số,100 - 175 cc,Việt Nam,1.0299999999999994
12.5,9.85,11.56,Honda,Air Blade,2011,168000,Tay ga,100 - 175 cc,Việt Nam,1.7100000000000009
36.0,29.9,35.1,Honda,Air Blade,2020,8000,Tay ga,100 - 175 cc,Việt Nam,5.200000000000003
21.0,11.74,13.78,Honda,Wave,2004,56789,Xe số,100 - 175 cc,Nhật Bản,2.039999999999999
1.95,8.35,9.8,Yamaha,Nouvo,2016,50,Tay ga,100 - 175 cc,Việt Nam,1.450000000000001
41.0,36.61,42.98,Piaggio,Vespa,2018,42000,Tay ga,100 - 175 cc,Việt Nam,6.369999999999997
205.0,109.65,128.72,Honda,SH,2012,35000,Tay ga,100 - 175 cc,Việt Nam,19.069999999999993
60.0,56.43,66.25,Yamaha,XSR,2020,34000,Tay côn/Moto,100 - 175 cc,Nước khác,9.82
115.0,70.02,82.2,Honda,SH,2021,11000,Tay ga,Trên 175 cc,Đang cập nhật,12.180000000000007
7.0,7.16,8.41,Suzuki,Axelo,2015,61000,Tay côn/Moto,100 - 175 cc,Đang cập nhật,1.25
30.0,32.66,38.34,Suzuki,Satria,2024,3000,Tay côn/Moto,100 - 175 cc,Việt Nam,5.680000000000007
4.5,7.08,8.32,Suzuki,Xbike,2011,8000,Xe số,100 - 175 cc,Nhật Bản,1.2400000000000002
26.0,24.11,28.3,Honda,Lead,2019,13320,Tay ga,100 - 175 cc,Việt Nam,4.190000000000001
16.8,15.43,18.12,Honda,Dream,1999,1000,Xe số,100 - 175 cc,Hàn Quốc,2.6900000000000013
8.5,7.1,8.34,Yamaha,Jupiter,2009,56000,Xe số,100 - 175 cc,Việt Nam,1.2400000000000002
8.0,38.18,44.82,Honda,Cub,2023,16383,Xe số,Dưới 50 cc,Đang cập nhật,6.640000000000001
3.5,5.04,5.92,Yamaha,Nouvo,2012,50,Tay ga,100 - 175 cc,Việt Nam,0.8799999999999999
4.8,4.16,4.89,Yamaha,Nouvo,2011,56789,Tay ga,100 - 175 cc,Nhật Bản,0.7299999999999995
15.8,9.85,11.56,Honda,Air Blade,2011,54000,Tay ga,50 - 100 cc,Việt Nam,1.7100000000000009
10.0,13.66,16.04,Yamaha,Exciter,2012,34000,Tay côn/Moto,100 - 175 cc,Đang cập nhật,2.379999999999999
10.5,13.66,16.04,Yamaha,Exciter,2012,34000,Tay côn/Moto,100 - 175 cc,Đang cập nhật,2.379999999999999
9.8,8.76,10.28,Honda,Cub,1986,99999,Xe số,Dưới 50 cc,Nhật Bản,1.5199999999999996
23.0,20.1,23.6,Suzuki,Raider,2020,10000,Tay côn/Moto,100 - 175 cc,Nước khác,3.5
16.8,20.04,23.53,Honda,Air Blade,2016,15000,Tay ga,100 - 175 cc,Việt Nam,3.490000000000002
26.5,24.85,29.17,Honda,Winner X,2023,9000,Tay côn/Moto,100 - 175 cc,Đang cập nhật,4.32
3.0,5.04,5.92,Yamaha,Nouvo,2012,100000,Tay ga,50 - 100 cc,Việt Nam,0.8799999999999999
17.5,15.31,17.98,Honda,Lead,2014,67950,Tay ga,100 - 175 cc,Việt Nam,2.67
6.0,7.87,9.24,Honda,Lead,2012,90000,Tay ga,100 - 175 cc,Việt Nam,1.37
6.8,19.12,22.45,Yamaha,Mio,2025,0,Tay ga,100 - 175 cc,Nước khác,3.3299999999999983
28.0,26.38,30.97,Suzuki,GSX,2019,6900,Tay côn/Moto,100 - 175 cc,Nước khác,4.59
52.0,26.52,31.14,Honda,Future,2009,84000,Xe số,100 - 175 cc,Việt Nam,4.620000000000001
8.0,8.93,10.49,Yamaha,Sirius,2018,0,Xe số,100 - 175 cc,Việt Nam,1.5600000000000005
13.5,13.75,16.14,Honda,Winner,2017,99999,Tay côn/Moto,100 - 175 cc,Việt Nam,2.3900000000000006
7.8,11.35,13.32,Honda,Cub,1993,40000,Xe số,50 - 100 cc,Nhật Bản,1.9700000000000006
39.0,26.08,30.62,Yamaha,Exciter,2025,2500,Tay côn/Moto,100 - 175 cc,Việt Nam,4.540000000000003
8.3,9.74,11.44,Piaggio,Liberty,2014,30000,Tay ga,100 - 175 cc,Nước khác,1.6999999999999993
37.0,29.51,34.64,Yamaha,Exciter,2024,1233,Tay côn/Moto,100 - 175 cc,Đang cập nhật,5.129999999999999
10.0,7.69,9.02,Honda,Blade,2015,44000,Xe số,100 - 175 cc,Nhật Bản,1.3299999999999992
3.8,14.53,17.05,Honda,ADV 150,2025,123456,Xe số,100 - 175 cc,Nước khác,2.5200000000000014
13.5,14.95,17.54,Yamaha,Exciter,2016,235345,Tay côn/Moto,100 - 175 cc,Nhật Bản,2.59
4.5,8.93,10.49,Yamaha,Sirius,2018,19825,Xe số,50 - 100 cc,Việt Nam,1.5600000000000005
0.08,40.64,47.7,Yamaha,Dòng khác,2018,24000,Tay côn/Moto,Trên 175 cc,Nhật Bản,7.060000000000002
4.3,6.78,7.96,Honda,Wave,2009,10000,Xe số,50 - 100 cc,Việt Nam,1.1799999999999997
9.3,9.06,10.64,Honda,Air Blade,2012,20000,Tay ga,Trên 175 cc,Nước khác,1.58
5.5,3.4,3.99,SYM,Attila,2011,10000,Tay ga,50 - 100 cc,Đài Loan,0.5900000000000003
4.5,3.11,3.65,SYM,Attila,2010,100000,Tay ga,100 - 175 cc,Nhật Bản,0.54
17.9,17.23,20.23,Piaggio,Vespa,2014,350000,Tay ga,100 - 175 cc,Việt Nam,3.0
4.5,6.99,8.21,Honda,Wave,2012,25000,Tay ga,50 - 100 cc,Nhật Bản,1.2200000000000006
26.0,6.31,7.41,Honda,Cub,trước năm 1980,10000,Xe số,Dưới 50 cc,Nhật Bản,1.1000000000000005
91.0,87.93,103.23,Piaggio,GTS,2021,9600,Tay ga,Trên 175 cc,Đang cập nhật,15.299999999999997
9.6,7.1,8.34,Honda,Wave,2006,65224,Xe số,100 - 175 cc,Nhật Bản,1.2400000000000002
16.3,15.97,18.75,Honda,Air Blade,2015,28000,Tay ga,100 - 175 cc,Nhật Bản,2.7799999999999994
10.0,7.55,8.86,Yamaha,Sirius,2014,39999,Xe số,100 - 175 cc,Việt Nam,1.3099999999999996
12.5,14.53,17.05,Hãng khác,Dòng khác,trước năm 1980,15000,Xe số,Dưới 50 cc,Nước khác,2.5200000000000014
10.5,6.76,7.94,Honda,Wave,2011,50000,Xe số,100 - 175 cc,Nhật Bản,1.1800000000000006
8.3,7.21,8.46,Honda,Wave,2007,30000,Xe số,100 - 175 cc,Nhật Bản,1.2500000000000009
11.3,10.56,12.4,Honda,Vision,2012,0,Tay ga,100 - 175 cc,Việt Nam,1.8399999999999999
22.99,21.77,25.55,Honda,Vision,2020,18000,Tay ga,100 - 175 cc,Việt Nam,3.780000000000001
6.6,3.34,3.92,Yamaha,Nouvo,2019,5000,Tay ga,100 - 175 cc,Nhật Bản,0.5800000000000001
13.0,15.17,17.81,Yamaha,Exciter,2015,9000,Tay côn/Moto,100 - 175 cc,Việt Nam,2.639999999999999
9.9,6.93,8.14,Yamaha,Sirius,2015,400000,Xe số,100 - 175 cc,Việt Nam,1.2100000000000009
15.9,12.98,15.24,Honda,Future,2015,50000,Xe số,100 - 175 cc,Việt Nam,2.26
6.5,6.99,8.21,Honda,Wave,2012,1000,Xe số,100 - 175 cc,Việt Nam,1.2200000000000006
2.7,7.21,8.46,Honda,Wave,2007,0,Xe số,50 - 100 cc,Việt Nam,1.2500000000000009
22.444,41.61,48.85,Yamaha,Exciter,2010,80000,Tay côn/Moto,100 - 175 cc,Nhật Bản,7.240000000000002
29.0,31.97,37.53,Honda,Vario,2020,24000,Tay ga,100 - 175 cc,Việt Nam,5.560000000000002
4.2,9.87,11.59,Honda,Dream,2000,23456,Xe số,50 - 100 cc,Nước khác,1.7200000000000006
12.0,14.21,16.68,Yamaha,Janus,2019,20000,Tay ga,100 - 175 cc,Việt Nam,2.469999999999999
7.0,7.14,8.38,Hãng khác,Dòng khác,2019,1200,Xe số,Dưới 50 cc,Hàn Quốc,1.240000000000001
9.0,8.64,10.15,Honda,Blade,2016,50000,Xe số,100 - 175 cc,Nhật Bản,1.5099999999999998
3.0,2.91,3.42,SYM,Attila,2008,20000,Tay ga,100 - 175 cc,Nhật Bản,0.5099999999999998
7.2,7.1,8.34,Honda,Wave,2006,23663,Xe số,100 - 175 cc,Nhật Bản,1.2400000000000002
3.0,3.41,4.0,SYM,Elizabeth,2008,50000,Tay ga,100 - 175 cc,Đài Loan,0.5899999999999999
32.0,29.53,34.66,Honda,Vision,2024,20000,Tay ga,100 - 175 cc,Nhật Bản,5.1299999999999955
25.0,21.96,25.78,Honda,Air Blade,2018,50000,Tay ga,100 - 175 cc,Việt Nam,3.8200000000000003
24.0,20.86,24.48,Yamaha,Mio,2023,5300,Tay ga,100 - 175 cc,Đang cập nhật,3.620000000000001
35.0,24.1,28.29,Honda,Air Blade,2019,30000,Tay ga,100 - 175 cc,Nhật Bản,4.189999999999998
39.0,38.39,45.07,Honda,Dòng khác,2024,3000,Tay côn/Moto,100 - 175 cc,Trung Quốc,6.68
14.5,15.73,18.46,Yamaha,Exciter,2017,1122,Tay ga,100 - 175 cc,Nhật Bản,2.7300000000000004
16.9,26.31,30.89,Yamaha,YB125,2019,1000,Tay côn/Moto,100 - 175 cc,Nhật Bản,4.580000000000002
86.0,66.3,77.83,Honda,SH,2020,17000,Tay ga,100 - 175 cc,Việt Nam,11.530000000000001
21.0,21.0,24.66,Honda,Air Blade,2017,31000,Tay ga,100 - 175 cc,Việt Nam,3.66
6.5,5.04,5.92,Yamaha,Nouvo,2012,4,Tay ga,100 - 175 cc,Nhật Bản,0.8799999999999999
7.0,5.04,5.92,Yamaha,Nouvo,2012,120000,Tay ga,100 - 175 cc,Nhật Bản,0.8799999999999999
64.8,55.9,65.62,Honda,SH,2017,150000,Tay ga,100 - 175 cc,Việt Nam,9.720000000000006
8.0,7.97,9.36,Honda,Wave,2014,23663,Xe số,100 - 175 cc,Nhật Bản,1.3899999999999997
35.0,19.94,23.41,Honda,Dòng khác,2016,300000,Tay ga,100 - 175 cc,Việt Nam,3.469999999999999
8.0,6.76,7.94,Honda,Wave,2011,14000,Xe số,50 - 100 cc,Việt Nam,1.1800000000000006
31.5,41.94,49.23,Yamaha,Exciter,2006,5000,Tay côn/Moto,100 - 175 cc,Nhật Bản,7.289999999999999
12.9,10.79,12.67,Honda,Dream,2015,40000,Xe số,100 - 175 cc,Nhật Bản,1.8800000000000008
2.8,24.52,28.78,Honda,Spacy,2005,123456,Tay ga,100 - 175 cc,Nhật Bản,4.260000000000002
17.0,14.19,16.66,Honda,Wave,2023,17000,Xe số,50 - 100 cc,Việt Nam,2.4700000000000006
81.0,70.02,82.2,Honda,SH,2021,9500,Tay ga,100 - 175 cc,Việt Nam,12.180000000000007
220.0,119.51,140.29,Suzuki,Sport / Xipo,1998,100000,Tay côn/Moto,100 - 175 cc,Việt Nam,20.779999999999987
40.0,32.03,37.61,Honda,Vario,2021,10000,Tay ga,100 - 175 cc,Nước khác,5.579999999999998
2.0,3.73,4.38,SYM,Attila,2012,5000,Tay ga,50 - 100 cc,Hàn Quốc,0.6499999999999999
18.0,14.53,17.05,Piaggio,Vespa,2005,48000,Tay ga,100 - 175 cc,Nước khác,2.5200000000000014
44.8,39.75,46.66,Honda,Lead,2025,116,Tay ga,100 - 175 cc,Việt Nam,6.909999999999997
30.0,27.17,31.89,Honda,Lead,2020,6792,Tay ga,100 - 175 cc,Nhật Bản,4.719999999999999
19.8,21.77,25.55,Honda,Vision,2020,999999,Tay ga,100 - 175 cc,Việt Nam,3.780000000000001
89.0,109.65,128.72,Honda,SH,2012,33000,Tay ga,100 - 175 cc,Nước khác,19.069999999999993
22.0,16.82,19.75,Honda,CBR,2011,37000,Tay côn/Moto,100 - 175 cc,Thái Lan,2.9299999999999997
110.0,95.08,111.62,Honda,SH,2010,12345,Tay ga,100 - 175 cc,Việt Nam,16.540000000000006
39.5,29.9,35.1,Honda,Air Blade,2020,20000,Tay ga,100 - 175 cc,Việt Nam,5.200000000000003
34.0,22.2,26.06,Piaggio,Vespa,2015,21394,Tay ga,100 - 175 cc,Đang cập nhật,3.8599999999999994
31.0,29.53,34.66,Honda,Vision,2024,3000,Tay ga,100 - 175 cc,Nhật Bản,5.1299999999999955
19.0,15.44,18.12,Piaggio,Vespa S125,2013,30000,Tay ga,100 - 175 cc,Đang cập nhật,2.6800000000000015
6.0,15.43,18.12,Honda,Dream,1999,17000,Xe số,50 - 100 cc,Trung Quốc,2.6900000000000013
8.0,6.84,8.03,Piaggio,Vespa,2009,29000,Tay ga,100 - 175 cc,Nước khác,1.1899999999999995
33.8,29.9,35.1,Honda,Air Blade,2020,60000,Tay ga,100 - 175 cc,Việt Nam,5.200000000000003
31.5,19.81,23.26,Yamaha,Exciter,2019,0,Tay côn/Moto,100 - 175 cc,Việt Nam,3.450000000000003
17.5,17.47,20.51,Honda,Vision,2017,16000,Tay ga,100 - 175 cc,Việt Nam,3.0400000000000027
24.5,11.74,13.78,Honda,Wave,2004,0,Xe số,100 - 175 cc,Việt Nam,2.039999999999999
25.0,22.62,26.56,Yamaha,Exciter,2020,40000,Xe số,100 - 175 cc,Việt Nam,3.9399999999999977
11.5,11.23,13.19,Honda,Future,2013,65000,Xe số,100 - 175 cc,Nhật Bản,1.959999999999999
3.5,3.51,4.12,Suzuki,Hayate,2009,50000,Tay ga,100 - 175 cc,Đang cập nhật,0.6100000000000003
36.686686,31.14,36.55,Yamaha,R,2019,11000,Tay côn/Moto,100 - 175 cc,Nước khác,5.409999999999997
35.0,29.53,34.66,Honda,Vision,2024,4000,Tay ga,50 - 100 cc,Việt Nam,5.1299999999999955
7.2,7.33,8.6,Honda,Click,2007,46000,Tay ga,100 - 175 cc,Việt Nam,1.2699999999999996
35.0,29.53,34.66,Honda,Vision,2024,5000,Tay ga,50 - 100 cc,Việt Nam,5.1299999999999955
14.5,16.43,19.29,Honda,Winner,2020,100000,Tay côn/Moto,Trên 175 cc,Việt Nam,2.8599999999999994
6.5,5.98,7.02,Honda,Win,1986,1000,Tay côn/Moto,50 - 100 cc,Nước khác,1.0399999999999991
58.8,55.9,65.62,Honda,SH,2017,12,Tay ga,100 - 175 cc,Đang cập nhật,9.720000000000006
9.5,6.84,8.03,Piaggio,Liberty,2012,48385,Tay ga,100 - 175 cc,Nước khác,1.1899999999999995
23.0,21.0,24.66,Honda,Air Blade,2017,6000,Tay ga,100 - 175 cc,Việt Nam,3.66
8.5,6.99,8.21,Honda,Wave,2012,33920,Xe số,100 - 175 cc,Đang cập nhật,1.2200000000000006
15.0,14.49,17.01,Honda,Winner,2018,35000,Tay côn/Moto,100 - 175 cc,Đang cập nhật,2.5200000000000014
15.0,14.49,17.01,Honda,Winner,2018,35000,Tay côn/Moto,100 - 175 cc,Việt Nam,2.5200000000000014
17.8,6.77,7.94,Honda,Wave,2008,29000,Xe số,50 - 100 cc,Nhật Bản,1.1700000000000008
26.0,24.85,29.17,Piaggio,Vespa,2016,30000,Tay ga,100 - 175 cc,Việt Nam,4.32
7.5,7.9,9.27,Yamaha,Sirius,2016,445523,Xe số,100 - 175 cc,Nhật Bản,1.3699999999999992
15.0,15.73,18.46,Yamaha,Exciter,2017,40000,Tay côn/Moto,100 - 175 cc,Việt Nam,2.7300000000000004
22.0,15.97,18.75,Honda,Air Blade,2015,100,Tay ga,100 - 175 cc,Việt Nam,2.7799999999999994
80.0,111.75,131.19,Honda,SH,2011,59000,Tay ga,100 - 175 cc,Việt Nam,19.439999999999998
1.8,7.18,8.43,Hãng khác,Dòng khác,2017,5000,Xe số,100 - 175 cc,Trung Quốc,1.25
60.0,43.64,51.23,Yamaha,Exciter,2009,60000,Tay côn/Moto,100 - 175 cc,Việt Nam,7.589999999999996
22.0,13.66,16.04,Yamaha,Exciter,2012,12345,Tay côn/Moto,100 - 175 cc,Việt Nam,2.379999999999999
8.8,8.64,10.15,Honda,Blade,2016,12345,Xe số,100 - 175 cc,Nhật Bản,1.5099999999999998
15.0,11.69,13.72,Honda,Wave,2019,20000,Xe số,100 - 175 cc,Việt Nam,2.030000000000001
15.0,11.97,14.06,Honda,67,trước năm 1980,19999,Xe số,Dưới 50 cc,Nhật Bản,2.09
182.0,111.75,131.19,Honda,SH,2011,30000,Tay ga,100 - 175 cc,Nước khác,19.439999999999998
20.0,18.4,21.6,Yamaha,PG-1,2018,27000,Tay ga,100 - 175 cc,Nhật Bản,3.200000000000003
48.0,51.39,60.33,Piaggio,Vespa,2021,15000,Tay ga,100 - 175 cc,Nước khác,8.939999999999998
5.5,6.09,7.15,Yamaha,Luvias,2011,900002,Tay ga,100 - 175 cc,Trung Quốc,1.0600000000000005
8.0,3.51,4.12,Hãng khác,Dòng khác,2002,12000,Xe số,100 - 175 cc,Trung Quốc,0.6100000000000003
66.5,61.59,72.3,Honda,PCX,2022,30000,Tay ga,100 - 175 cc,Đang cập nhật,10.709999999999994
59.6,43.64,51.23,Yamaha,Exciter,2009,123456,Tay côn/Moto,100 - 175 cc,Việt Nam,7.589999999999996
3.0,4.65,5.45,Hãng khác,Dòng khác,2014,20000,Tay ga,50 - 100 cc,Nhật Bản,0.7999999999999998
42.0,15.73,18.46,Yamaha,Exciter,2017,2233,Tay côn/Moto,100 - 175 cc,Nước khác,2.7300000000000004
80.0,74.3,87.23,Honda,SH,2022,10000,Tay ga,100 - 175 cc,Việt Nam,12.930000000000007
13.0,11.43,13.42,Honda,Wave,2020,30000,Xe số,100 - 175 cc,Việt Nam,1.9900000000000002
0.017999,15.19,17.83,Honda,Air Blade,2014,42,Tay ga,100 - 175 cc,Việt Nam,2.639999999999999
15.5,14.27,16.75,Honda,Future,2002,26000,Xe số,100 - 175 cc,Đang cập nhật,2.4800000000000004
11.8,10.56,12.4,Honda,Vision,2012,12,Tay ga,100 - 175 cc,Việt Nam,1.8399999999999999
47.0,66.3,77.83,Honda,SH,2020,50000,Tay ga,Trên 175 cc,Nước khác,11.530000000000001
12.0,8.01,9.41,Honda,Dylan,2005,30000,Tay ga,100 - 175 cc,Nước khác,1.4000000000000004
205.0,103.41,121.39,Honda,Shadow,2018,25000,Tay côn/Moto,Trên 175 cc,Nước khác,17.980000000000004
6.2,5.7,6.7,SYM,Husky,1995,848,Tay côn/Moto,100 - 175 cc,Đang cập nhật,1.0
13.5,15.73,18.46,Yamaha,Exciter,2017,2345,Tay côn/Moto,100 - 175 cc,Nhật Bản,2.7300000000000004
13.5,26.94,31.63,Honda,Future,2008,1234,Xe số,100 - 175 cc,Nhật Bản,4.689999999999998
16.5,16.76,19.67,Yamaha,Exciter,2018,35000,Tay côn/Moto,100 - 175 cc,Nhật Bản,2.91
8.8,6.77,7.94,Honda,Wave,2008,500000,Xe số,100 - 175 cc,Thái Lan,1.1700000000000008
9.8,13.8,16.2,Honda,Air Blade,trước năm 1980,58000,Tay ga,100 - 175 cc,Nhật Bản,2.3999999999999986
27.0,24.85,29.17,Honda,Winner X,2023,35000,Tay côn/Moto,100 - 175 cc,Việt Nam,4.32
16.0,13.75,16.14,Honda,Winner,2017,35000,Tay côn/Moto,100 - 175 cc,Nhật Bản,2.3900000000000006
20.5,21.0,24.66,Honda,Air Blade,2017,81000,Tay ga,100 - 175 cc,Việt Nam,3.66
80.0,55.9,65.62,Honda,SH,2017,11000,Tay ga,100 - 175 cc,Đang cập nhật,9.720000000000006
20.8,15.73,18.46,Yamaha,Exciter,2017,40000,Tay côn/Moto,100 - 175 cc,Việt Nam,2.7300000000000004
60.0,26.52,31.14,Honda,Future,2009,99999,Xe số,100 - 175 cc,Nhật Bản,4.620000000000001
6.0,6.09,7.15,Yamaha,Luvias,2011,30000,Tay ga,100 - 175 cc,Nhật Bản,1.0600000000000005
27.5,25.3,29.7,Hãng khác,Phoenix,2023,20000,Xe số,100 - 175 cc,Đang cập nhật,4.399999999999999
22.0,12.98,15.24,Honda,Future,2015,25000,Xe số,100 - 175 cc,Nhật Bản,2.26
25.0,22.99,26.98,Honda,Sonic,2020,300000,Tay côn/Moto,100 - 175 cc,Nước khác,3.990000000000002
65.0,59.13,69.42,Piaggio,Vespa,2023,18000,Tay ga,100 - 175 cc,Đang cập nhật,10.29
12.0,15.94,18.72,Yamaha,Exciter,2011,40000,Tay côn/Moto,100 - 175 cc,Việt Nam,2.7799999999999994
52.0,47.95,56.28,Honda,SH Mode,2021,6323,Tay ga,100 - 175 cc,Nhật Bản,8.329999999999998
33.5,29.7,34.86,Honda,Future,2024,6000,Xe số,100 - 175 cc,Việt Nam,5.16
45.0,26.97,31.65,Yamaha,Dòng khác,2022,31000,Tay côn/Moto,100 - 175 cc,Đang cập nhật,4.68
12.5,14.53,17.05,Yamaha,Exciter,2013,60000,Tay côn/Moto,100 - 175 cc,Việt Nam,2.5200000000000014
16.0,11.97,14.05,Hãng khác,Dòng khác,2023,2000,Tay ga,50 - 100 cc,Việt Nam,2.08
15.0,10.05,11.8,Hãng khác,Dòng khác,2022,15000,Tay ga,50 - 100 cc,Việt Nam,1.75
53.0,40.73,47.82,Honda,SH,2008,24000,Tay ga,Trên 175 cc,Nước khác,7.090000000000003
10.0,6.78,7.96,Honda,Wave,2009,40000,Xe số,50 - 100 cc,Nhật Bản,1.1799999999999997
15.0,11.97,14.05,Hãng khác,Dòng khác,2023,5000,Tay ga,Dưới 50 cc,Việt Nam,2.08
14.0,25.22,29.61,Honda,Future,2022,96184,Xe số,100 - 175 cc,Việt Nam,4.390000000000001
76.0,75.95,89.16,Honda,SH,2024,2500,Tay ga,100 - 175 cc,Việt Nam,13.209999999999994
10.0,37.76,44.33,Honda,Air Blade,2025,77465,Tay ga,100 - 175 cc,Việt Nam,6.57
8.5,11.43,13.42,Honda,Wave,2020,30000,Xe số,100 - 175 cc,Việt Nam,1.9900000000000002
20.0,22.64,26.58,Yamaha,Freego,2023,20000,Tay ga,100 - 175 cc,Việt Nam,3.9399999999999977
36.0,38.1,44.72,Honda,Air Blade,2024,500,Tay ga,100 - 175 cc,Nhật Bản,6.619999999999997
175.0,105.01,123.27,Honda,Nova,1995,60000,Tay côn/Moto,100 - 175 cc,Thái Lan,18.25999999999999
10.0,14.53,17.05,Piaggio,GTS,2004,100000,Tay ga,100 - 175 cc,Nước khác,2.5200000000000014
37.8,33.02,38.76,Honda,Lead,2022,12000,Tay ga,100 - 175 cc,Việt Nam,5.739999999999995
19.5,9.63,11.31,Honda,Cub,2001,15000,Xe số,Dưới 50 cc,Nhật Bản,1.6799999999999997
4.7,4.75,5.58,Honda,SCR,2008,10000,Tay ga,100 - 175 cc,Nhật Bản,0.8300000000000001
20.0,14.49,17.01,Honda,Winner,2018,79000,Tay côn/Moto,100 - 175 cc,Việt Nam,2.5200000000000014
25.9,19.71,23.14,Honda,Lead,2017,40000,Tay ga,100 - 175 cc,Việt Nam,3.4299999999999997
19.5,17.08,20.05,Honda,Winner X,2020,26000,Tay côn/Moto,100 - 175 cc,Nhật Bản,2.9700000000000024
107.0,66.96,78.61,Honda,SH,2009,0,Tay ga,100 - 175 cc,Đang cập nhật,11.650000000000006
16.8,15.49,18.18,Honda,Vision,2015,20000,Tay ga,100 - 175 cc,Đang cập nhật,2.6899999999999995
8.0,5.04,5.92,Yamaha,Nouvo,2012,76000,Tay ga,100 - 175 cc,Việt Nam,0.8799999999999999
25.0,13.6,15.96,Honda,Air Blade,2013,112575,Tay ga,100 - 175 cc,Việt Nam,2.360000000000001
5.8,13.97,16.4,Honda,Dream,1996,9000,Xe số,50 - 100 cc,Thái Lan,2.429999999999998
25.0,23.44,27.52,Honda,Winner X,2022,20000,Tay côn/Moto,100 - 175 cc,Đang cập nhật,4.079999999999998
12.5,10.0,11.74,Honda,Wave,2017,123,Xe số,100 - 175 cc,Việt Nam,1.7400000000000002
15.0,6.31,7.41,Honda,Cub,trước năm 1980,9999,Xe số,Dưới 50 cc,Nhật Bản,1.1000000000000005
21.0,13.75,16.14,Honda,Winner,2017,60000,Tay côn/Moto,100 - 175 cc,Nước khác,2.3900000000000006
88.0,40.73,47.82,Honda,SH,2008,55000,Tay ga,Trên 175 cc,Nước khác,7.090000000000003
18.5,15.73,18.46,Yamaha,Exciter,2017,270000,Tay côn/Moto,100 - 175 cc,Việt Nam,2.7300000000000004
65.0,40.54,47.59,Honda,Vario,2018,7000,Tay ga,100 - 175 cc,Việt Nam,7.050000000000004
4.5,15.39,18.06,Honda,Lead,2015,10000,Tay ga,100 - 175 cc,Việt Nam,2.669999999999998
30.0,20.65,24.24,Honda,Sonic,2019,18000,Tay côn/Moto,100 - 175 cc,Nước khác,3.59
25.0,13.42,15.75,Honda,@,2009,49464,Tay ga,Trên 175 cc,Hàn Quốc,2.33
10.0,5.89,6.92,Yamaha,Mio,2010,40000,Tay ga,100 - 175 cc,Việt Nam,1.0300000000000002
3.8,4.04,4.74,Yamaha,Nouvo,2010,111111,Tay ga,100 - 175 cc,Đang cập nhật,0.7000000000000002
14.8,15.19,17.83,Honda,Air Blade,2014,103000,Tay ga,100 - 175 cc,Việt Nam,2.639999999999999
14.8,15.19,17.83,Honda,Air Blade,2014,103000,Tay ga,100 - 175 cc,Việt Nam,2.639999999999999
13.8,10.03,11.77,Honda,Wave,2003,200000,Xe số,50 - 100 cc,Nhật Bản,1.7400000000000002
6.5,6.64,7.79,Honda,Lead,2010,22,Tay ga,100 - 175 cc,Nhật Bản,1.1500000000000004
18.0,16.43,19.29,Honda,Winner,2020,46000,Tay côn/Moto,100 - 175 cc,Việt Nam,2.8599999999999994
18.0,16.76,19.67,Yamaha,Exciter,2018,35000,Tay côn/Moto,100 - 175 cc,Đang cập nhật,2.91
8.5,6.99,8.21,Honda,Wave,2012,72,Xe số,50 - 100 cc,Việt Nam,1.2200000000000006
85.0,74.3,87.23,Honda,SH,2022,8000,Tay ga,100 - 175 cc,Việt Nam,12.930000000000007
19.0,10.55,12.38,Hãng khác,Dòng khác,2022,5000,Xe số,50 - 100 cc,Thái Lan,1.83
8.0,6.13,7.2,Yamaha,Sirius,2008,10000,Xe số,100 - 175 cc,Nhật Bản,1.0700000000000003
55.0,6.5,7.63,Hãng khác,Dòng khác,2018,30000,Tay côn/Moto,100 - 175 cc,Việt Nam,1.13
12.5,10.29,12.08,Yamaha,Sirius,2021,10000,Xe số,50 - 100 cc,Việt Nam,1.790000000000001
11.8,9.95,11.68,Honda,Wave,2002,999,Xe số,50 - 100 cc,Nhật Bản,1.7300000000000004
13.5,5.54,6.5,Yamaha,Sirius,2006,168,Xe số,100 - 175 cc,Thái Lan,0.96
10.5,8.65,10.15,Honda,Wave,2015,9000,Xe số,50 - 100 cc,Nhật Bản,1.5
90.0,95.08,111.62,Honda,SH,2010,40000,Tay ga,100 - 175 cc,Nước khác,16.540000000000006
22.0,39.46,46.33,Suzuki,Sport / Xipo,2000,30000,Tay côn/Moto,100 - 175 cc,Việt Nam,6.869999999999997
2.5,14.53,17.05,Hãng khác,2015 RSV4 R APRC ABS,2008,20,Tay ga,50 - 100 cc,Việt Nam,2.5200000000000014
12.345678,45.34,53.22,Piaggio,Vespa,2022,5000,Tay ga,100 - 175 cc,Nước khác,7.8799999999999955
110.0,95.08,111.62,Honda,SH,2010,50000,Tay ga,100 - 175 cc,Việt Nam,16.540000000000006
238.0,242.63,284.82,Hãng khác,Z1000,2018,12000,Tay côn/Moto,Trên 175 cc,Nhật Bản,42.19
15.0,7.87,9.24,Honda,Lead,2012,168,Tay ga,100 - 175 cc,Việt Nam,1.37
15.0,7.87,9.24,Honda,Lead,2012,168,Tay ga,50 - 100 cc,Việt Nam,1.37
7.5,10.49,12.32,Honda,Dòng khác,2012,500000,Xe số,100 - 175 cc,Nhật Bản,1.83
71.0,74.21,87.11,Honda,SH,2023,16000,Tay ga,100 - 175 cc,Việt Nam,12.900000000000006
15.0,14.53,17.05,Hãng khác,Rebell,1999,100000,Tay côn/Moto,50 - 100 cc,Nước khác,2.5200000000000014
9.0,8.28,9.72,Yamaha,Sirius,2017,0,Xe số,Không biết rõ,Việt Nam,1.4400000000000013
20.5,15.73,18.46,Yamaha,Exciter,2017,270000,Tay côn/Moto,100 - 175 cc,Nước khác,2.7300000000000004
8.0,7.21,8.46,Honda,Wave,2007,2000,Xe số,100 - 175 cc,Nhật Bản,1.2500000000000009
21.0,20.1,23.6,Suzuki,Raider,2020,30000,Tay côn/Moto,100 - 175 cc,Việt Nam,3.5
16.5,17.25,20.25,Honda,Dream,1994,87000,Xe số,50 - 100 cc,Thái Lan,3.0
4.25,3.15,3.69,Yamaha,Nouvo,2008,16000,Tay ga,100 - 175 cc,Nhật Bản,0.54
12.5,14.49,17.01,Suzuki,GD,2018,70000,Tay côn/Moto,100 - 175 cc,Nhật Bản,2.5200000000000014
20.8,13.96,16.39,Honda,Winner,2016,56000,Tay côn/Moto,100 - 175 cc,Việt Nam,2.4299999999999997
17.9,41.61,48.85,Yamaha,Exciter,2010,2222,Xe số,100 - 175 cc,Việt Nam,7.240000000000002
21.6,26.26,30.82,Honda,Vision,2022,35000,Tay ga,100 - 175 cc,Việt Nam,4.559999999999999
14.5,28.44,33.39,Yamaha,Exciter,2022,12000,Tay côn/Moto,100 - 175 cc,Việt Nam,4.949999999999999
17.0,7.32,8.59,Suzuki,Viva,2002,50000,Xe số,100 - 175 cc,Nhật Bản,1.2699999999999996
10.3,14.53,17.05,Yamaha,Exciter,2013,12345,Tay côn/Moto,100 - 175 cc,Việt Nam,2.5200000000000014
4.8,18.09,21.23,Honda,Wave,2000,0,Xe số,50 - 100 cc,Trung Quốc,3.1400000000000006
60.0,21.86,25.66,Honda,Future,2007,10000,Xe số,100 - 175 cc,Việt Nam,3.8000000000000007
16.9,20.8,24.42,Honda,Vision,2019,27000,Tay ga,100 - 175 cc,Việt Nam,3.620000000000001
11.8,13.75,16.14,Honda,Winner,2017,19000,Tay côn/Moto,100 - 175 cc,Việt Nam,2.3900000000000006
83.0,74.21,87.11,Honda,SH,2023,13000,Tay ga,100 - 175 cc,Việt Nam,12.900000000000006
480.0,52.44,61.56,Yamaha,YAZ,2024,800,Tay côn/Moto,100 - 175 cc,Nước khác,9.120000000000005
3.8,3.35,3.93,Hãng khác,Dòng khác,2009,100000,Xe số,100 - 175 cc,Trung Quốc,0.5800000000000001
13.3,10.4,12.2,Honda,Wave,2018,39000,Xe số,100 - 175 cc,Nhật Bản,1.799999999999999
28.0,24.85,29.17,Honda,Winner X,2023,31000,Tay côn/Moto,100 - 175 cc,Việt Nam,4.32
1.7,11.35,13.32,Honda,Dream,2016,50064,Xe số,50 - 100 cc,Trung Quốc,1.9700000000000006
25.0,24.85,29.17,Honda,Winner X,2023,31000,Tay côn/Moto,100 - 175 cc,Việt Nam,4.32
15.5,17.47,20.51,Honda,Vision,2017,20000,Tay ga,100 - 175 cc,Việt Nam,3.0400000000000027
48.0,42.41,49.79,Honda,SH Mode,2020,19000,Tay côn/Moto,100 - 175 cc,Đang cập nhật,7.380000000000003
9.3,14.53,17.05,Honda,67,1984,9999,Xe số,50 - 100 cc,Nhật Bản,2.5200000000000014
41.0,32.58,38.25,Honda,Vario,2022,6000,Tay ga,100 - 175 cc,Nước khác,5.670000000000002
3.5,3.15,3.69,Yamaha,Nouvo,2008,10000,Tay ga,100 - 175 cc,Việt Nam,0.54
4.5,5.04,5.92,Yamaha,Nouvo,2012,537629,Tay ga,Không biết rõ,Việt Nam,0.8799999999999999
3.5,14.53,17.05,Yamaha,Luvias,2014,6789,Tay ga,100 - 175 cc,Việt Nam,2.5200000000000014
19.5,17.63,20.69,Honda,Winner X,2021,2000,Tay côn/Moto,100 - 175 cc,Nước khác,3.0600000000000023
9.0,7.21,8.46,Honda,Wave,2007,100000,Xe số,50 - 100 cc,Nhật Bản,1.2500000000000009
33.5,28.32,33.25,Honda,Winner X,2024,2200,Tay côn/Moto,100 - 175 cc,Việt Nam,4.93
44.0,33.66,39.52,Honda,Dòng khác,2019,1111,Xe số,Dưới 50 cc,Nhật Bản,5.8600000000000065
32.5,10.24,12.02,Honda,Wave,2005,20000,Xe số,100 - 175 cc,Nhật Bản,1.7799999999999994
8.0,22.73,26.69,Honda,Wave,1999,20000,Xe số,100 - 175 cc,Thái Lan,3.960000000000001
2.3e-05,15.55,18.25,Honda,Winner,2019,200000,Tay côn/Moto,100 - 175 cc,Việt Nam,2.6999999999999993
4.5,4.38,5.14,Honda,Wave,trước năm 1980,10000,Xe số,100 - 175 cc,Trung Quốc,0.7599999999999998
27.5,11.74,13.78,Honda,Wave,2004,20000,Xe số,100 - 175 cc,Nhật Bản,2.039999999999999
5.5,6.19,7.26,Yamaha,Mio,2016,0,Tay ga,100 - 175 cc,Nhật Bản,1.0699999999999994
216.0,109.65,128.72,Honda,SH,2012,14000,Tay ga,100 - 175 cc,Nước khác,19.069999999999993
3.2,4.21,4.94,Suzuki,Hayate,2012,25000,Tay ga,100 - 175 cc,Nhật Bản,0.7300000000000004
3.6,4.21,4.94,Suzuki,Hayate,2012,30000,Tay ga,100 - 175 cc,Nhật Bản,0.7300000000000004
15.5,11.43,13.42,Honda,Wave,2020,60000,Xe số,100 - 175 cc,Nhật Bản,1.9900000000000002
11.0,13.66,16.04,Yamaha,Exciter,2012,66666,Tay côn/Moto,100 - 175 cc,Nhật Bản,2.379999999999999
7.0,11.44,13.43,Honda,Blade,2019,72000,Xe số,100 - 175 cc,Đang cập nhật,1.9900000000000002
11.0,9.06,10.64,Honda,Air Blade,2012,80000,Tay ga,100 - 175 cc,Việt Nam,1.58
8.49,6.76,7.94,Honda,Wave,2011,50000,Xe số,100 - 175 cc,Việt Nam,1.1800000000000006
8.9,10.55,12.38,Hãng khác,Dòng khác,2022,1000,Xe số,Dưới 50 cc,Trung Quốc,1.83
10.5,8.65,10.15,Honda,Wave,2015,18000,Xe số,100 - 175 cc,Việt Nam,1.5
11.2,13.66,16.04,Yamaha,Exciter,2012,0,Tay côn/Moto,100 - 175 cc,Việt Nam,2.379999999999999
65.0,29.53,34.66,Honda,Vision,2024,8000,Tay ga,100 - 175 cc,Việt Nam,5.1299999999999955
3.8,4.04,4.74,Yamaha,Nouvo,2010,30000,Tay ga,100 - 175 cc,Đài Loan,0.7000000000000002
37.9,32.36,37.99,Honda,Air Blade,2021,21000,Tay ga,100 - 175 cc,Việt Nam,5.630000000000003
3.7,14.53,17.05,Suzuki,Axelo,2019,55555,Xe số,100 - 175 cc,Nhật Bản,2.5200000000000014
2.3,4.37,5.13,Hãng khác,Dòng khác,2007,12345,Xe số,100 - 175 cc,Việt Nam,0.7599999999999998
5.5,3.68,4.32,Hãng khác,Dòng khác,2010,60000,Tay côn/Moto,100 - 175 cc,Trung Quốc,0.6400000000000001
15.0,14.25,16.73,Suzuki,Raider,2017,50000,Tay côn/Moto,100 - 175 cc,Việt Nam,2.4800000000000004
0.5,22.48,26.39,Hãng khác,Dòng khác,trước năm 1980,9999,Xe số,Dưới 50 cc,Trung Quốc,3.91
28.0,24.1,28.29,Honda,Air Blade,2019,50000,Tay ga,100 - 175 cc,Việt Nam,4.189999999999998
2.6,13.8,16.21,Honda,Dream,2004,8386,Xe số,100 - 175 cc,Việt Nam,2.41
3.0,8.28,9.72,Yamaha,Dòng khác,2009,100000,Tay ga,100 - 175 cc,Việt Nam,1.4400000000000013
18.5,21.96,25.78,Honda,Air Blade,2018,48700,Tay ga,100 - 175 cc,Nhật Bản,3.8200000000000003
13.8,13.75,16.14,Honda,Winner,2017,40,Tay côn/Moto,100 - 175 cc,Việt Nam,2.3900000000000006
75.0,74.3,87.23,Honda,SH,2022,36950,Tay ga,100 - 175 cc,Việt Nam,12.930000000000007
3.4,4.16,4.89,Yamaha,Nouvo,2011,8386,Tay ga,100 - 175 cc,Nhật Bản,0.7299999999999995
120.0,66.96,78.61,Honda,SH,2009,77000,Tay ga,100 - 175 cc,Nước khác,11.650000000000006
18.3,20.04,23.53,Honda,Air Blade,2016,28000,Tay ga,100 - 175 cc,Việt Nam,3.490000000000002
61.0,51.28,60.19,Honda,Vario,2017,74000,Tay ga,100 - 175 cc,Đang cập nhật,8.909999999999997
18.5,15.19,17.83,Honda,Air Blade,2014,90000,Tay ga,100 - 175 cc,Nhật Bản,2.639999999999999
18.5,10.03,11.77,Honda,Wave,2003,2000,Xe số,50 - 100 cc,Nhật Bản,1.7400000000000002
2.5,2.96,3.48,Yamaha,Nouvo,2007,99999,Tay ga,100 - 175 cc,Nhật Bản,0.52
18.8,20.8,24.42,Honda,Vision,2019,27000,Tay ga,100 - 175 cc,Việt Nam,3.620000000000001
12.8,13.75,16.14,Honda,Winner,2017,19000,Tay côn/Moto,100 - 175 cc,Việt Nam,2.3900000000000006
45.0,46.96,55.13,Honda,SH,2013,500000,Tay ga,100 - 175 cc,Đang cập nhật,8.170000000000002
14.0,15.17,17.81,Yamaha,Exciter,2015,20000,Tay côn/Moto,100 - 175 cc,Việt Nam,2.639999999999999
5.5,4.75,5.58,Honda,SCR,2008,100000,Tay ga,50 - 100 cc,Nhật Bản,0.8300000000000001
9.0,33.65,39.5,Honda,Air Blade,2022,28055,Tay ga,50 - 100 cc,Đang cập nhật,5.850000000000001
4.5,126.96,149.04,Yamaha,YAZ,2020,12345,Tay côn/Moto,100 - 175 cc,Nhật Bản,22.08
70.0,62.96,73.91,Yamaha,XSR,2024,2000,Tay côn/Moto,100 - 175 cc,Việt Nam,10.949999999999996
31.5,28.44,33.39,Yamaha,Exciter,2022,20000,Tay côn/Moto,100 - 175 cc,Việt Nam,4.949999999999999
28.5,27.65,32.46,Honda,SH Mode,2015,70000,Tay ga,100 - 175 cc,Việt Nam,4.810000000000002
6.5,7.1,8.34,Honda,Wave,2006,90000,Xe số,100 - 175 cc,Trung Quốc,1.2400000000000002
11.0,13.61,15.98,Yamaha,Exciter,2014,99999,Tay côn/Moto,100 - 175 cc,Nhật Bản,2.370000000000001
1.58,164.68,193.32,Hãng khác,Vulcan,2023,15000,Tay côn/Moto,Trên 175 cc,Thái Lan,28.639999999999986
21.5,21.96,25.78,Honda,Air Blade,2018,60000,Tay ga,100 - 175 cc,Việt Nam,3.8200000000000003
12.5,7.97,9.36,Honda,Wave,2014,50000,Xe số,50 - 100 cc,Nhật Bản,1.3899999999999997
27.5,24.46,28.71,Honda,Future,2011,20000,Xe số,100 - 175 cc,Nhật Bản,4.25
16.0,14.53,17.05,Yamaha,Exciter,2013,240637,Tay côn/Moto,100 - 175 cc,Nước khác,2.5200000000000014
72.0,77.17,90.59,Honda,SH,2025,1000,Tay ga,100 - 175 cc,Việt Nam,13.420000000000002
6.5,6.92,8.13,Yamaha,Mio,2012,120000,Tay ga,50 - 100 cc,Việt Nam,1.2100000000000009
3.8,6.74,7.92,Hãng khác,Dòng khác,1995,50000,Tay côn/Moto,100 - 175 cc,Nước khác,1.1799999999999997
184.0,78.2,91.8,Suzuki,Sport / Xipo,1997,100,Xe số,100 - 175 cc,Nước khác,13.599999999999994
110.0,95.08,111.62,Honda,SH,2010,42000,Tay ga,100 - 175 cc,Nước khác,16.540000000000006
13.5,14.95,17.54,Yamaha,Exciter,2016,61000,Tay côn/Moto,100 - 175 cc,Nhật Bản,2.59
31.0,13.97,16.4,Honda,Dream,1996,10000,Xe số,50 - 100 cc,Thái Lan,2.429999999999998
24.5,26.26,30.82,Honda,Vision,2022,39000,Tay ga,100 - 175 cc,Việt Nam,4.559999999999999
18.5,16.83,19.75,Honda,Vision,2016,80474,Tay ga,100 - 175 cc,Việt Nam,2.9200000000000017
15.0,13.98,16.41,Yamaha,Janus,2020,16000,Tay ga,100 - 175 cc,Nhật Bản,2.4299999999999997
57.0,52.52,61.65,Honda,SH Mode,2023,6628,Tay ga,100 - 175 cc,Việt Nam,9.129999999999995
2.2,12.72,14.94,Honda,Dream,2011,258455,Tay côn/Moto,50 - 100 cc,Đang cập nhật,2.219999999999999
118.0,95.08,111.62,Honda,SH,2010,33000,Tay ga,100 - 175 cc,Nước khác,16.540000000000006
3.5,14.53,17.05,Suzuki,Dòng khác,2007,40000,Tay ga,100 - 175 cc,Nhật Bản,2.5200000000000014
17.0,14.53,17.05,Suzuki,Stinger,2004,400000,Tay côn/Moto,100 - 175 cc,Thái Lan,2.5200000000000014
17.0,3.68,4.32,Hãng khác,Dòng khác,2010,999999,Xe số,100 - 175 cc,Việt Nam,0.6400000000000001
10.0,10.55,12.38,Hãng khác,Dòng khác,2022,15000,Xe số,Không biết rõ,Đang cập nhật,1.83
8.5,6.66,7.82,Suzuki,Viva,2004,30000,Xe số,50 - 100 cc,Đang cập nhật,1.1600000000000001
38.0,33.65,39.5,Honda,Air Blade,2022,75000,Tay ga,100 - 175 cc,Việt Nam,5.850000000000001
8.0,7.65,8.98,Honda,Click,2011,10000,Tay ga,100 - 175 cc,Việt Nam,1.33
3.5,4.16,4.89,Yamaha,Nouvo,2011,520000,Tay ga,100 - 175 cc,Nhật Bản,0.7299999999999995
30.0,8.66,10.17,Honda,Air Blade,2009,30,Tay ga,100 - 175 cc,Nhật Bản,1.5099999999999998
33.0,31.97,37.53,Honda,Vario,2020,50000,Tay ga,Trên 175 cc,Việt Nam,5.560000000000002
16.0,16.76,19.67,Yamaha,Exciter,2018,70000,Tay côn/Moto,100 - 175 cc,Việt Nam,2.91
15.0,14.19,16.66,Honda,Wave,2023,20000,Xe số,100 - 175 cc,Nước khác,2.4700000000000006
4.5,9.54,11.2,Honda,Wave,2016,50000,Xe số,50 - 100 cc,Nhật Bản,1.6600000000000001
15.6,15.19,17.83,Honda,Air Blade,2014,30000,Tay ga,100 - 175 cc,Nhật Bản,2.639999999999999
1.6,2.72,3.2,SYM,Attila,2005,50000,Tay ga,100 - 175 cc,Thái Lan,0.48
15.0,14.19,16.66,Honda,Wave,2023,20000,Xe số,100 - 175 cc,Nước khác,2.4700000000000006
13.5,6.48,7.61,Yamaha,Sirius,2010,900000,Xe số,50 - 100 cc,Việt Nam,1.13
7.5,6.99,8.21,Honda,Wave,2012,40000,Xe số,100 - 175 cc,Việt Nam,1.2200000000000006
260.0,220.8,259.2,Yamaha,Tracer,2023,5100,Tay côn/Moto,Trên 175 cc,Đang cập nhật,38.39999999999998
10.0,5.98,7.02,Honda,Win,2017,0,Tay côn/Moto,100 - 175 cc,Đang cập nhật,1.0399999999999991
70.0,66.3,77.83,Honda,SH,2020,1,Tay ga,100 - 175 cc,Việt Nam,11.530000000000001
2.0,10.79,12.67,Honda,Dream,2015,80000,Xe số,50 - 100 cc,Đài Loan,1.8800000000000008
79.0,62.14,72.95,Honda,SH,2019,18000,Tay ga,100 - 175 cc,Việt Nam,10.810000000000002
52.0,51.28,60.19,Honda,Vario,2017,90,Tay ga,100 - 175 cc,Nước khác,8.909999999999997
21.0,15.55,18.25,Honda,Winner,2019,60000,Xe số,100 - 175 cc,Việt Nam,2.6999999999999993
2.25,172.31,202.28,Hãng khác,Z1000,2016,7000,Tay côn/Moto,Trên 175 cc,Nhật Bản,29.97
5.2,7.1,8.34,Honda,Wave,2006,999999,Xe số,100 - 175 cc,Hàn Quốc,1.2400000000000002
2.0,2.96,3.48,Yamaha,Nouvo,2007,999999,Tay ga,100 - 175 cc,Nước khác,0.52
38.0,36.71,43.09,Honda,SH,2014,30,Tay ga,100 - 175 cc,Việt Nam,6.380000000000003
24.0,24.85,29.17,Honda,Winner X,2023,30000,Tay côn/Moto,100 - 175 cc,Việt Nam,4.32
18.0,26.94,31.63,Honda,Future,2008,136000,Xe số,100 - 175 cc,Việt Nam,4.689999999999998
42.5,38.91,45.67,Honda,SH Mode,2019,180000,Tay ga,100 - 175 cc,Việt Nam,6.760000000000005
10.5,8.71,10.22,Yamaha,Luvias,2015,27000,Tay ga,100 - 175 cc,Đang cập nhật,1.5099999999999998
5.5,4.21,4.94,SYM,Elizabeth,2013,21916,Tay ga,100 - 175 cc,Việt Nam,0.7300000000000004
6.9,7.33,8.6,Honda,Click,2007,100000,Tay ga,100 - 175 cc,Việt Nam,1.2699999999999996
20.5,15.73,18.46,Yamaha,Exciter,2017,27000,Tay côn/Moto,100 - 175 cc,Nước khác,2.7300000000000004
23.0,22.62,26.56,Yamaha,Exciter,2020,35000,Tay côn/Moto,100 - 175 cc,Nhật Bản,3.9399999999999977
8.8,5.94,6.97,Honda,Wave,2010,0,Xe số,100 - 175 cc,Đài Loan,1.0299999999999994
82.0,14.53,17.05,Yamaha,R,2014,40000,Tay côn/Moto,Trên 175 cc,Đang cập nhật,2.5200000000000014
7.0,69.0,81.0,Yamaha,Dòng khác,1995,9100,Tay ga,50 - 100 cc,Nhật Bản,12.0
21.0,15.55,18.25,Honda,Winner,2019,60000,Tay côn/Moto,100 - 175 cc,Nhật Bản,2.6999999999999993
33.0,32.03,37.61,Honda,Vario,2021,20000,Tay ga,100 - 175 cc,Đang cập nhật,5.579999999999998
188.0,78.2,91.8,Suzuki,Sport / Xipo,1997,200,Tay côn/Moto,100 - 175 cc,Nước khác,13.599999999999994
13.0,6.59,7.73,Piaggio,Liberty,2011,61655,Tay ga,100 - 175 cc,Nước khác,1.1400000000000006
3.9,14.53,17.05,Hãng khác,Diavel,2006,300000,Xe số,100 - 175 cc,Hàn Quốc,2.5200000000000014
12.0,9.06,10.64,Honda,Air Blade,2012,50000,Tay ga,100 - 175 cc,Việt Nam,1.58
29.5,25.22,29.61,Honda,Future,2022,210000,Xe số,100 - 175 cc,Việt Nam,4.390000000000001
7.0,7.87,9.24,Honda,Lead,2012,554554,Tay ga,50 - 100 cc,Việt Nam,1.37
135.0,3.35,3.93,Hãng khác,Dòng khác,2009,1000,Tay ga,Trên 175 cc,Đang cập nhật,0.5800000000000001
16.0,14.19,16.66,Honda,Wave,2023,30000,Xe số,100 - 175 cc,Việt Nam,2.4700000000000006
1.5,14.53,17.05,Honda,CB,trước năm 1980,90000,Xe số,50 - 100 cc,Nhật Bản,2.5200000000000014
31.0,31.01,36.4,Honda,SH Mode,2016,40500,Tay ga,100 - 175 cc,Việt Nam,5.389999999999997
11.5,14.31,16.8,Honda,Wave,2022,47000,Xe số,50 - 100 cc,Việt Nam,2.49
2.2,12.48,14.66,Honda,Wave,2025,1000,Xe số,Không biết rõ,Việt Nam,2.1799999999999997
9.85,10.0,11.74,Honda,Wave,2017,10,Xe số,100 - 175 cc,Nhật Bản,1.7400000000000002
11.0,4.65,5.45,Honda,Cub,2013,11111,Xe số,50 - 100 cc,Hàn Quốc,0.7999999999999998
5.0,8.65,10.15,Honda,Wave,2015,100000,Xe số,100 - 175 cc,Việt Nam,1.5
27.0,15.88,18.65,Yamaha,Janus,2021,4500,Tay ga,100 - 175 cc,Việt Nam,2.769999999999998
13.0,11.74,13.78,Honda,Wave,2004,50000,Xe số,50 - 100 cc,Nhật Bản,2.039999999999999
209.0,58.28,68.41,Suzuki,Sport / Xipo,1999,43122,Xe số,100 - 175 cc,Việt Nam,10.129999999999995
6.5,6.35,7.45,Suzuki,Xbike,2010,0,Xe số,100 - 175 cc,Việt Nam,1.1000000000000005
30.0,23.44,27.52,Honda,Winner X,2022,15000,Tay côn/Moto,100 - 175 cc,Nhật Bản,4.079999999999998
96.0,95.08,111.62,Honda,SH,2010,60000,Tay ga,100 - 175 cc,Nước khác,16.540000000000006
100.0,95.08,111.62,Honda,SH,2010,400000,Tay ga,100 - 175 cc,Nước khác,16.540000000000006
6.8,6.77,7.94,Honda,Wave,2008,20000,Xe số,50 - 100 cc,Nhật Bản,1.1700000000000008
13.0,13.66,16.04,Yamaha,Exciter,2012,50000,Tay côn/Moto,100 - 175 cc,Đang cập nhật,2.379999999999999
13.5,12.88,15.12,Honda,@,2023,40000,Xe số,100 - 175 cc,Việt Nam,2.2399999999999984
19.99,24.55,28.82,Suzuki,GSX,2022,17000,Tay côn/Moto,100 - 175 cc,Việt Nam,4.27
37.0,24.85,29.17,Honda,Winner X,2023,15580,Tay côn/Moto,100 - 175 cc,Đang cập nhật,4.32
26.0,15.88,18.65,Yamaha,Janus,2021,4500,Tay ga,100 - 175 cc,Việt Nam,2.769999999999998
110.0,95.08,111.62,Honda,SH,2010,30000,Tay ga,100 - 175 cc,Việt Nam,16.540000000000006
33.0,32.36,37.99,Honda,Air Blade,2021,220000,Tay ga,100 - 175 cc,Đang cập nhật,5.630000000000003
3.5,14.53,17.05,Yamaha,Acruzo,2011,8386,Tay ga,100 - 175 cc,Nhật Bản,2.5200000000000014
12.5,14.53,17.05,Yamaha,Exciter,2013,100000,Tay côn/Moto,100 - 175 cc,Việt Nam,2.5200000000000014
7.7,8.28,9.72,Yamaha,Sirius,2017,40,Xe số,100 - 175 cc,Nhật Bản,1.4400000000000013
7.5,5.23,6.14,Yamaha,Nouvo,2014,546212,Tay ga,100 - 175 cc,Nhật Bản,0.9099999999999993
9.3,6.77,7.94,Honda,Wave,2008,20000,Xe số,100 - 175 cc,Nhật Bản,1.1700000000000008
18.0,14.25,16.73,Suzuki,Raider,2017,23000,Tay côn/Moto,100 - 175 cc,Việt Nam,2.4800000000000004
13.0,9.95,11.68,Honda,Wave,2002,50000,Xe số,100 - 175 cc,Nhật Bản,1.7300000000000004
15.0,6.31,7.41,Honda,Cub,trước năm 1980,11000,Xe số,50 - 100 cc,Việt Nam,1.1000000000000005
6.5,6.48,7.61,Yamaha,Sirius,2010,3000,Xe số,50 - 100 cc,Hàn Quốc,1.13
3.8,3.01,3.54,Yamaha,Nouvo,2006,12345,Tay ga,100 - 175 cc,Thái Lan,0.5300000000000002
44.0,33.69,39.55,Honda,SH,2007,0,Tay ga,100 - 175 cc,Nước khác,5.859999999999999
80.0,40.73,47.82,Honda,SH,2008,10000,Tay ga,100 - 175 cc,Việt Nam,7.090000000000003
79.0,87.93,103.23,Piaggio,GTS,2021,19000,Tay ga,Trên 175 cc,Nước khác,15.299999999999997
28.0,24.5,28.77,Honda,Vision,2021,29000,Tay ga,100 - 175 cc,Việt Nam,4.27
6.5,3.73,4.38,SYM,Attila,2012,30000,Tay ga,50 - 100 cc,Việt Nam,0.6499999999999999
51.0,41.61,48.85,Yamaha,Exciter,2010,20000,Tay côn/Moto,100 - 175 cc,Đang cập nhật,7.240000000000002
6.5,10.03,11.77,Honda,Wave,2003,500000,Xe số,100 - 175 cc,Hàn Quốc,1.7400000000000002
23.5,10.03,11.77,Honda,Wave,2003,78900,Xe số,100 - 175 cc,Nhật Bản,1.7400000000000002
22.0,26.0,30.52,Suzuki,GSX,2020,19950,Tay côn/Moto,100 - 175 cc,Đang cập nhật,4.52
29.5,11.5,13.5,Honda,PS,2017,999,Tay ga,100 - 175 cc,Nước khác,2.0
3.0,3.73,4.38,SYM,Attila,2012,31034,Tay ga,Không biết rõ,Việt Nam,0.6499999999999999
1.0,75.13,88.2,Honda,CB,2016,9000,Tay côn/Moto,Trên 175 cc,Nhật Bản,13.070000000000007
11.0,13.61,15.98,Yamaha,Exciter,2014,99999,Tay côn/Moto,100 - 175 cc,Nhật Bản,2.370000000000001
35.0,19.29,22.64,Suzuki,Satria,2018,7879,Tay côn/Moto,100 - 175 cc,Nước khác,3.3500000000000014
13.0,13.98,16.41,Yamaha,Janus,2020,25000,Tay ga,50 - 100 cc,Nhật Bản,2.4299999999999997
44.0,38.7,45.44,Honda,Lead,2024,5137,Tay ga,100 - 175 cc,Việt Nam,6.739999999999995
14.0,13.98,16.41,Yamaha,Janus,2020,25000,Tay ga,50 - 100 cc,Nhật Bản,2.4299999999999997
25.0,21.96,25.78,Honda,Air Blade,2018,54558,Tay ga,100 - 175 cc,Việt Nam,3.8200000000000003
83.0,109.65,128.72,Honda,SH,2012,100000,Tay ga,100 - 175 cc,Nước khác,19.069999999999993
6.5,15.16,17.79,Honda,Dòng khác,2003,25000,Tay ga,Dưới 50 cc,Nhật Bản,2.629999999999999
12.0,9.54,11.2,Honda,Wave,2016,35000,Xe số,100 - 175 cc,Nhật Bản,1.6600000000000001
18.5,22.87,26.85,Yamaha,Dòng khác,2000,10000,Xe số,Dưới 50 cc,Nhật Bản,3.9800000000000004
20.0,18.68,21.93,Honda,PS,2008,25000,Tay ga,100 - 175 cc,Nước khác,3.25
15.0,27.84,32.68,Honda,Vision,2023,18000,Tay ga,100 - 175 cc,Việt Nam,4.84
69.0,44.64,52.4,Honda,SH,2006,40000,Tay ga,100 - 175 cc,Nước khác,7.759999999999998
19.5,18.56,21.79,Honda,Vision,2018,0,Tay ga,100 - 175 cc,Việt Nam,3.2300000000000004
7.5,7.33,8.6,Honda,Click,2007,0,Tay ga,100 - 175 cc,Việt Nam,1.2699999999999996
3.5,4.37,5.13,Hãng khác,Dòng khác,2007,40000,Xe số,100 - 175 cc,Nước khác,0.7599999999999998
200.0,111.75,131.19,Honda,SH,2011,11000,Tay ga,100 - 175 cc,Nước khác,19.439999999999998
21.0,20.8,24.42,Honda,Vision,2019,65000,Tay ga,100 - 175 cc,Việt Nam,3.620000000000001
30.5,23.44,27.52,Honda,Winner X,2022,800,Tay côn/Moto,100 - 175 cc,Đang cập nhật,4.079999999999998
3.7,6.22,7.3,Yamaha,Jupiter,2004,8386,Xe số,100 - 175 cc,Nhật Bản,1.08
10.0,9.06,10.64,Honda,Air Blade,2012,19000,Tay ga,100 - 175 cc,Việt Nam,1.58
24.0,33.66,39.52,Honda,Dòng khác,2019,80000,Tay ga,100 - 175 cc,Đang cập nhật,5.8600000000000065
20.0,17.33,20.35,Suzuki,Raider,2019,680000,Tay côn/Moto,100 - 175 cc,Đang cập nhật,3.020000000000003
15.5,14.15,16.61,Honda,Future,2000,49000,Xe số,100 - 175 cc,Nhật Bản,2.459999999999999
5.3,5.04,5.92,Yamaha,Nouvo,2012,12345,Tay ga,100 - 175 cc,Đang cập nhật,0.8799999999999999
3.7,7.91,9.28,Yamaha,Jupiter,2013,8386,Xe số,100 - 175 cc,Nhật Bản,1.3699999999999992
3.0,7.1,8.34,Yamaha,Jupiter,2009,9216,Xe số,100 - 175 cc,Hàn Quốc,1.2400000000000002
8.0,9.16,10.76,Honda,Dòng khác,2000,200000,Tay ga,Dưới 50 cc,Nhật Bản,1.5999999999999996
28.0,15.88,18.65,Yamaha,Janus,2021,4500,Tay ga,100 - 175 cc,Việt Nam,2.769999999999998
37.0,27.84,32.68,Honda,Vision,2023,1050,Tay ga,100 - 175 cc,Việt Nam,4.84
6.0,5.28,6.2,Piaggio,Vespa,2010,4678,Tay ga,100 - 175 cc,Nước khác,0.9199999999999999
19.0,10.03,11.77,Honda,Wave,2003,30000,Xe số,100 - 175 cc,Nhật Bản,1.7400000000000002
8.8,7.37,8.65,Honda,Wave,2013,30000,Xe số,100 - 175 cc,Đang cập nhật,1.2800000000000002
8.0,5.78,6.78,Honda,Lead,2008,5000,Tay ga,100 - 175 cc,Việt Nam,1.0
10.0,9.54,11.2,Honda,Wave,2016,88888,Xe số,100 - 175 cc,Đang cập nhật,1.6600000000000001
3.5,9.23,10.84,Honda,Dream,2002,10000,Xe số,100 - 175 cc,Trung Quốc,1.6099999999999994
4.9,5.44,6.38,Yamaha,Mio,2004,69000,Tay ga,100 - 175 cc,Đang cập nhật,0.9399999999999995
68.0,75.95,89.16,Honda,SH,2024,8000,Tay ga,100 - 175 cc,Việt Nam,13.209999999999994
24.0,21.77,25.55,Honda,Vision,2020,33400,Tay ga,100 - 175 cc,Việt Nam,3.780000000000001
3.8,3.01,3.54,Yamaha,Nouvo,2006,12345,Tay ga,100 - 175 cc,Đang cập nhật,0.5300000000000002
27.0,24.85,29.17,Honda,Winner X,2023,21000,Tay côn/Moto,100 - 175 cc,Việt Nam,4.32
29.5,20.16,23.67,Suzuki,Satria,2019,9000,Tay côn/Moto,100 - 175 cc,Nước khác,3.5100000000000016
16.6,15.73,18.46,Yamaha,Exciter,2017,450000,Tay côn/Moto,100 - 175 cc,Nước khác,2.7300000000000004
6.5,9.64,11.32,Honda,Cub,1984,680000,Xe số,Dưới 50 cc,Nhật Bản,1.6799999999999997
12.0,16.01,18.79,Honda,PCX,2011,90000,Tay ga,100 - 175 cc,Việt Nam,2.7799999999999976
3.0,2.94,3.46,SYM,Elizabeth,2018,200000,Tay ga,100 - 175 cc,Đài Loan,0.52
2.0,8.28,9.72,Yamaha,Dòng khác,2009,20000,Tay ga,100 - 175 cc,Nhật Bản,1.4400000000000013
37.0,36.13,42.41,Honda,SH Mode,2018,30000,Tay ga,100 - 175 cc,Việt Nam,6.279999999999994
14.0,13.07,15.34,Yamaha,Janus,2017,66310,Tay ga,100 - 175 cc,Việt Nam,2.2699999999999996
14.0,13.07,15.34,Yamaha,Janus,2017,66310,Tay ga,100 - 175 cc,Việt Nam,2.2699999999999996
3500.0,7.57,8.89,Honda,Air Blade,2008,3000,Tay ga,100 - 175 cc,Việt Nam,1.3200000000000003
4.0,7.21,8.46,Honda,Wave,2007,10000,Xe số,50 - 100 cc,Trung Quốc,1.2500000000000009
8.8,11.44,13.43,Honda,Blade,2019,15000,Xe số,100 - 175 cc,Nhật Bản,1.9900000000000002
39.0,62.14,72.95,Honda,SH,2019,500,Tay ga,Không biết rõ,Nhật Bản,10.810000000000002
15.5,13.47,15.82,Honda,Blade,2022,20000,Xe số,100 - 175 cc,Nhật Bản,2.3499999999999996
13.5,8.66,10.17,Piaggio,LX,2012,25000,Tay ga,100 - 175 cc,Việt Nam,1.5099999999999998
55.0,57.96,68.03,Honda,SH,2018,71000,Tay ga,100 - 175 cc,Việt Nam,10.07
0.001986,15.97,18.75,Honda,Air Blade,2015,52,Tay ga,100 - 175 cc,Việt Nam,2.7799999999999994
2.5,2.91,3.42,SYM,Attila,2008,41000,Tay ga,100 - 175 cc,Đài Loan,0.5099999999999998
28.0,32.03,37.61,Honda,Vario,2021,40000,Tay ga,100 - 175 cc,Việt Nam,5.579999999999998
1.5,4.18,4.91,Hãng khác,Dòng khác,2004,70000,Xe số,100 - 175 cc,Trung Quốc,0.7300000000000004
59.8,51.28,60.19,Honda,Vario,2017,23000,Tay ga,50 - 100 cc,Việt Nam,8.909999999999997
38.0,23.51,27.6,Honda,Future,2021,9000,Xe số,100 - 175 cc,Việt Nam,4.09
14.5,15.88,18.65,Yamaha,Janus,2021,19000,Tay ga,100 - 175 cc,Đang cập nhật,2.769999999999998
3.9,7.1,8.34,Honda,Wave,2006,0,Xe số,50 - 100 cc,Trung Quốc,1.2400000000000002
80.0,40.73,47.82,Honda,SH,2008,1200,Tay ga,100 - 175 cc,Nước khác,7.090000000000003
10.0,8.52,10.0,Honda,Cub,2020,49000,Xe số,Dưới 50 cc,Nhật Bản,1.4800000000000004
7.5,9.54,11.2,Honda,Wave,2016,10000,Xe số,100 - 175 cc,Nhật Bản,1.6600000000000001
110.0,50.6,59.4,Hãng khác,Z650,2021,20000,Tay côn/Moto,Trên 175 cc,Nhật Bản,8.799999999999997
80.0,74.3,87.23,Honda,SH,2022,8000,Tay ga,100 - 175 cc,Đang cập nhật,12.930000000000007
2.5,6.63,7.78,Honda,Dream,2009,25000,Xe số,50 - 100 cc,Trung Quốc,1.1500000000000004
42.0,31.94,37.49,Honda,Vario,2020,35000,Tay ga,100 - 175 cc,Việt Nam,5.550000000000001
18.0,15.75,18.49,Yamaha,Exciter,2017,77000,Tay côn/Moto,100 - 175 cc,Việt Nam,2.7399999999999984
35.0,19.92,23.38,Yamaha,Exciter,2019,50000,Tay côn/Moto,100 - 175 cc,Việt Nam,3.4599999999999973
85.0,69.27,81.32,Honda,SH,2021,5943,Tay ga,100 - 175 cc,Việt Nam,12.049999999999997
15.0,8.6,10.1,Honda,Air Blade,2009,31579,Tay ga,100 - 175 cc,Việt Nam,1.5
20.0,8.21,9.64,Yamaha,Nozza,2012,40000,Tay ga,100 - 175 cc,Việt Nam,1.4299999999999997
40.0,26.39,30.98,Yamaha,TFX,2016,5500,Tay côn/Moto,100 - 175 cc,Đang cập nhật,4.59
39.0,25.09,29.45,Honda,Future,2022,10000,Xe số,100 - 175 cc,Việt Nam,4.359999999999999
35.0,28.0,32.86,Honda,Vision,2023,2000,Tay ga,100 - 175 cc,Nhật Bản,4.859999999999999
13.0,13.66,16.04,Yamaha,Exciter,2012,10000,Tay côn/Moto,100 - 175 cc,Việt Nam,2.379999999999999
8.0,7.24,8.49,Yamaha,Sirius,2013,20000,Xe số,100 - 175 cc,Việt Nam,1.25
7.5,6.37,7.48,Yamaha,Sirius,2011,144441,Xe số,50 - 100 cc,Việt Nam,1.1100000000000003
34.0,15.43,18.12,Honda,Dream,1999,10000,Xe số,50 - 100 cc,Nhật Bản,2.6900000000000013
12.5,15.55,18.25,Honda,Winner,2019,46000,Tay côn/Moto,100 - 175 cc,Việt Nam,2.6999999999999993
16.0,23.44,27.52,Honda,Winner X,2022,25000,Tay côn/Moto,100 - 175 cc,Đang cập nhật,4.079999999999998
4.5,4.26,5.0,SYM,Elizabeth,2015,10000,Tay ga,100 - 175 cc,Đang cập nhật,0.7400000000000002
8.3,9.06,10.64,Honda,Air Blade,2012,33333,Tay ga,100 - 175 cc,Nhật Bản,1.58
16.8,11.23,13.19,Honda,Future,2013,75000,Xe số,100 - 175 cc,Nhật Bản,1.959999999999999
7.0,7.71,9.05,SYM,Shark,2013,88902,Tay ga,100 - 175 cc,Đài Loan,1.3400000000000007
15.0,13.65,16.03,Honda,Wave,2021,15736,Xe số,50 - 100 cc,Việt Nam,2.380000000000001
12.0,13.66,16.04,Yamaha,Exciter,2012,123456,Tay côn/Moto,100 - 175 cc,Nhật Bản,2.379999999999999
9.8,9.85,11.56,Honda,Air Blade,2011,35000,Tay ga,100 - 175 cc,Việt Nam,1.7100000000000009
17.0,14.49,17.01,Honda,Winner,2018,20000,Tay côn/Moto,100 - 175 cc,Việt Nam,2.5200000000000014
26.0,18.47,21.68,Yamaha,Jupiter,2022,19000,Xe số,100 - 175 cc,Thái Lan,3.210000000000001
17.0,13.75,16.14,Honda,Winner,2017,200,Tay côn/Moto,100 - 175 cc,Việt Nam,2.3900000000000006
25.0,27.97,32.83,Yamaha,Grande,2021,10000,Tay ga,100 - 175 cc,Việt Nam,4.859999999999999
20.0,3.44,4.04,Hãng khác,Dòng khác,2003,40000,Xe số,100 - 175 cc,Việt Nam,0.6000000000000001
28.0,28.14,33.03,Yamaha,TFX,2017,40000,Tay côn/Moto,100 - 175 cc,Thái Lan,4.890000000000001
12.5,14.95,17.54,Yamaha,Exciter,2016,99999,Tay côn/Moto,100 - 175 cc,Việt Nam,2.59
39.0,35.47,41.64,Suzuki,GZ,2013,48000,Tay côn/Moto,100 - 175 cc,Việt Nam,6.170000000000002
210.0,23.37,27.43,Suzuki,GSX,2018,16000,Tay côn/Moto,Trên 175 cc,Đang cập nhật,4.059999999999999
9.8,6.29,7.39,Yamaha,Mio,2005,30000,Tay ga,50 - 100 cc,Việt Nam,1.0999999999999996
17.0,8.74,10.26,Honda,CB,1996,50000,Tay côn/Moto,100 - 175 cc,Nhật Bản,1.5199999999999996
168.0,119.51,140.29,Suzuki,Sport / Xipo,1998,10000,Xe số,100 - 175 cc,Nước khác,20.779999999999987
10.5,15.97,18.75,Honda,Air Blade,2015,125000,Tay ga,100 - 175 cc,Việt Nam,2.7799999999999994
66.0,55.9,65.62,Honda,SH,2017,44005,Tay ga,100 - 175 cc,Việt Nam,9.720000000000006
22.0,15.43,18.12,Honda,Dream,1999,10000,Xe số,100 - 175 cc,Nhật Bản,2.6900000000000013
4.5,4.64,5.44,Yamaha,Mio,2008,123456,Tay ga,100 - 175 cc,Nhật Bản,0.8000000000000007
60.0,51.39,60.33,Piaggio,Vespa,2021,19912,Tay ga,100 - 175 cc,Việt Nam,8.939999999999998
15.5,14.26,16.74,Yamaha,Acruzo,2020,25000,Tay ga,100 - 175 cc,Đang cập nhật,2.4799999999999986
13.5,7.53,8.84,Honda,Click,2010,26000,Tay ga,50 - 100 cc,Nhật Bản,1.3099999999999996
10.8,10.85,12.74,Suzuki,Raider,2014,200000,Tay côn/Moto,100 - 175 cc,Việt Nam,1.8900000000000006
4.3,11.87,13.94,Honda,Dream,2001,1369,Xe số,50 - 100 cc,Đài Loan,2.0700000000000003
10.0,7.27,8.53,Piaggio,Liberty,2013,40000,Tay ga,100 - 175 cc,Nước khác,1.2599999999999998
2.3,9.54,11.2,Honda,Wave,2016,9,Xe số,100 - 175 cc,Hàn Quốc,1.6600000000000001
6.0,14.49,17.01,Suzuki,GD,2018,15000,Xe số,100 - 175 cc,Việt Nam,2.5200000000000014
10.89,10.02,11.76,Hãng khác,T15,2017,1000,Tay côn/Moto,100 - 175 cc,Trung Quốc,1.7400000000000002
78.0,36.49,42.84,Piaggio,Vespa,2025,0,Tay ga,100 - 175 cc,Việt Nam,6.350000000000001
24.8,19.14,22.46,Hãng khác,Demon 150GR,2020,19,Tay côn/Moto,100 - 175 cc,Thái Lan,3.3200000000000003
17.5,19.29,22.64,Suzuki,Satria,2018,42405,Tay côn/Moto,100 - 175 cc,Nước khác,3.3500000000000014
17.5,16.76,19.67,Yamaha,Exciter,2018,49149,Xe số,100 - 175 cc,Việt Nam,2.91
40.0,32.03,37.61,Honda,Vario,2021,28000,Tay ga,100 - 175 cc,Nước khác,5.579999999999998
40.0,32.03,37.61,Honda,Vario,2021,28000,Tay ga,100 - 175 cc,Nước khác,5.579999999999998
14.0,33.66,39.52,Honda,Dòng khác,2019,30000,Tay ga,Dưới 50 cc,Nhật Bản,5.8600000000000065
3.5,24.52,28.78,Honda,Spacy,2005,100000,Tay ga,100 - 175 cc,Nhật Bản,4.260000000000002
6.5,6.41,7.52,Yamaha,Mio,2011,40000,Tay ga,100 - 175 cc,Nhật Bản,1.1099999999999994
30.0,23.44,27.52,Honda,Winner X,2022,36000,Tay côn/Moto,100 - 175 cc,Việt Nam,4.079999999999998
42.0,42.41,49.79,Honda,SH Mode,2020,30000,Tay ga,100 - 175 cc,Việt Nam,7.380000000000003
12.5,9.06,10.64,Honda,Air Blade,2012,10000,Tay ga,100 - 175 cc,Nhật Bản,1.58
35.8,30.2,35.45,Honda,Vario,2019,9000,Tay ga,100 - 175 cc,Nhật Bản,5.2500000000000036
15.0,11.69,13.72,Honda,Wave,2019,13000,Xe số,100 - 175 cc,Việt Nam,2.030000000000001
25.0,16.82,19.75,Honda,CBR,2011,13000,Tay côn/Moto,100 - 175 cc,Thái Lan,2.9299999999999997
19.0,16.22,19.05,Yamaha,FZ,2014,180000,Tay côn/Moto,100 - 175 cc,Nước khác,2.830000000000002
6.0,5.52,6.48,Piaggio,Zip,1981,85008,Xe số,50 - 100 cc,Nước khác,0.9600000000000009
7.5,5.54,6.5,Yamaha,Sirius,2006,5000,Xe số,100 - 175 cc,Nhật Bản,0.96
33.5,32.58,38.25,Honda,Vario,2022,20000,Tay ga,100 - 175 cc,Nhật Bản,5.670000000000002
5.5,7.5,8.8,Hãng khác,Like MMC,2015,20000,Tay ga,100 - 175 cc,Đài Loan,1.3000000000000007
67.0,55.9,65.62,Honda,SH,2017,47000,Tay ga,100 - 175 cc,Việt Nam,9.720000000000006
12.5,6.76,7.94,Honda,Wave,2011,999999,Xe số,50 - 100 cc,Nhật Bản,1.1800000000000006
30.0,22.73,26.69,Honda,Wave,1999,79000,Xe số,100 - 175 cc,Thái Lan,3.960000000000001
35.0,27.42,32.18,Hãng khác,BN 302,2015,250000,Tay côn/Moto,Trên 175 cc,Nước khác,4.759999999999998
3.5,4.04,4.74,Yamaha,Nouvo,2010,1234,Tay ga,100 - 175 cc,Thái Lan,0.7000000000000002
5.7,4.16,4.89,Yamaha,Nouvo,2011,50000,Tay ga,100 - 175 cc,Việt Nam,0.7299999999999995
6.0,5.04,5.92,Yamaha,Nouvo,2012,10000,Tay ga,100 - 175 cc,Đang cập nhật,0.8799999999999999
16.0,20.04,23.53,Honda,Air Blade,2016,11000,Tay ga,100 - 175 cc,Đang cập nhật,3.490000000000002
13.5,15.97,18.75,Honda,Air Blade,2015,33333,Tay ga,100 - 175 cc,Việt Nam,2.7799999999999994
19.0,26.52,31.14,Honda,Future,2009,100000,Xe số,100 - 175 cc,Nhật Bản,4.620000000000001
13.0,15.97,18.75,Honda,Air Blade,2015,33333,Tay ga,100 - 175 cc,Việt Nam,2.7799999999999994
14.9,13.71,16.09,Hãng khác,Cub,2025,550,Xe số,50 - 100 cc,Việt Nam,2.379999999999999
4.7,5.94,6.97,Hãng khác,Dòng khác,2013,50000,Tay ga,100 - 175 cc,Nước khác,1.0299999999999994
17.0,13.98,16.41,Yamaha,Janus,2020,12450,Tay ga,100 - 175 cc,Nhật Bản,2.4299999999999997
8.0,7.21,8.46,Honda,Wave,2007,8686,Xe số,50 - 100 cc,Nhật Bản,1.2500000000000009
2.1,23.37,27.43,Suzuki,GSX,2018,16000,Tay côn/Moto,Trên 175 cc,Đang cập nhật,4.059999999999999
5.0,3.91,4.59,Hãng khác,Dòng khác,2005,20000,Xe số,100 - 175 cc,Hàn Quốc,0.6799999999999997
4.0,4.64,5.44,Yamaha,Mio,2008,123456,Xe số,100 - 175 cc,Nhật Bản,0.8000000000000007
58.0,11.43,13.42,Honda,Wave,2020,27000,Xe số,100 - 175 cc,Thái Lan,1.9900000000000002
4.8,22.48,26.39,Hãng khác,Dòng khác,trước năm 1980,888000,Tay côn/Moto,50 - 100 cc,Trung Quốc,3.91
20.9,15.9,18.67,Yamaha,Cuxi,2013,35799,Tay ga,100 - 175 cc,Đang cập nhật,2.7700000000000014
5.3,8.76,10.28,Honda,Cub,1986,7777,Xe số,50 - 100 cc,Nhật Bản,1.5199999999999996
12.5,12.64,14.84,Honda,Air Blade,2010,100000,Tay ga,100 - 175 cc,Việt Nam,2.1999999999999993
16.8,13.66,16.04,Yamaha,Exciter,2012,6868,Xe số,100 - 175 cc,Việt Nam,2.379999999999999
5.3,4.16,4.89,Yamaha,Nouvo,2011,60000,Tay ga,100 - 175 cc,Nhật Bản,0.7299999999999995
7.8,7.2,8.45,Hãng khác,K-Pipe,2017,969696,Xe số,Dưới 50 cc,Đài Loan,1.2499999999999991
8.3,6.7,7.87,Suzuki,Axelo,2016,330000,Tay côn/Moto,100 - 175 cc,Việt Nam,1.17
10.0,8.64,10.15,Honda,Blade,2016,27000,Xe số,100 - 175 cc,Việt Nam,1.5099999999999998
27.0,41.94,49.23,Yamaha,Exciter,2006,0,Xe số,100 - 175 cc,Việt Nam,7.289999999999999
14.8,15.17,17.81,Yamaha,Exciter,2015,9999,Xe số,100 - 175 cc,Nhật Bản,2.639999999999999
19.0,11.97,14.06,Honda,67,trước năm 1980,50000,Tay côn/Moto,100 - 175 cc,Nhật Bản,2.09
5.0,7.08,8.32,Suzuki,Xbike,2011,33000,Xe số,100 - 175 cc,Nhật Bản,1.2400000000000002
23.8,25.95,30.46,Honda,Sonic,2022,32000,Tay côn/Moto,100 - 175 cc,Nước khác,4.510000000000002
6.5,14.53,17.05,Hãng khác,Espero,2014,99999,Tay côn/Moto,100 - 175 cc,Nước khác,2.5200000000000014
14.0,13.66,16.04,Yamaha,Exciter,2012,400000,Tay côn/Moto,100 - 175 cc,Việt Nam,2.379999999999999
19.5,23.44,27.52,Honda,Winner X,2022,25000,Tay côn/Moto,100 - 175 cc,Đang cập nhật,4.079999999999998
26.8,8.08,9.48,Honda,Dream,2008,52000,Xe số,50 - 100 cc,Việt Nam,1.4000000000000004
14.5,15.55,18.25,Honda,Winner,2019,13500,Tay côn/Moto,100 - 175 cc,Việt Nam,2.6999999999999993
28.0,28.44,33.39,Yamaha,Exciter,2022,12000,Tay côn/Moto,100 - 175 cc,Việt Nam,4.949999999999999
9.5,9.64,11.32,Honda,67,1997,327,Xe số,50 - 100 cc,Nhật Bản,1.6799999999999997
1.5e-05,14.95,17.54,Yamaha,Exciter,2016,100000,Tay côn/Moto,100 - 175 cc,Việt Nam,2.59
27.5,29.51,34.64,Yamaha,Exciter,2024,26000,Xe số,100 - 175 cc,Việt Nam,5.129999999999999
32.0,20.16,23.67,Suzuki,Satria,2019,40000,Tay côn/Moto,100 - 175 cc,Nước khác,3.5100000000000016
14.5,11.62,13.64,Yamaha,Sirius,2022,16000,Xe số,100 - 175 cc,Việt Nam,2.0200000000000014
10.0,15.49,18.18,Honda,Vision,2015,11111,Tay ga,100 - 175 cc,Nhật Bản,2.6899999999999995
2.555555,22.73,26.69,Honda,Wave,1999,123456,Xe số,100 - 175 cc,Thái Lan,3.960000000000001
2.5,3.28,3.85,SYM,Elizabeth,2009,17000,Tay ga,100 - 175 cc,Đang cập nhật,0.5700000000000003
8.0,3.51,4.12,Hãng khác,Dòng khác,2002,123456,Xe số,50 - 100 cc,Việt Nam,0.6100000000000003
10.5,9.06,10.64,Honda,Air Blade,2012,1234,Tay ga,100 - 175 cc,Việt Nam,1.58
28.5,14.53,17.05,Yamaha,Exciter,2013,111111,Xe số,100 - 175 cc,Đang cập nhật,2.5200000000000014
24.0,14.95,17.54,Yamaha,Exciter,2016,50000,Tay côn/Moto,100 - 175 cc,Việt Nam,2.59
2.5,5.68,6.67,Honda,Dream,2010,50000,Xe số,100 - 175 cc,Trung Quốc,0.9900000000000002
7.9,6.62,7.78,SYM,Galaxy,2015,63000,Xe số,100 - 175 cc,Hàn Quốc,1.1600000000000001
6.8,6.13,7.2,Yamaha,Nouvo,2013,1237,Tay ga,100 - 175 cc,Việt Nam,1.0700000000000003
35.0,31.14,36.55,Yamaha,R,2019,2000,Tay côn/Moto,100 - 175 cc,Việt Nam,5.409999999999997
6.9,7.25,8.51,Yamaha,Sirius,2012,9,Xe số,100 - 175 cc,Nhật Bản,1.2599999999999998
8.8,8.8,10.33,Yamaha,Nozza,2014,0,Tay ga,100 - 175 cc,Nước khác,1.5299999999999994
40.0,32.36,37.99,Honda,Air Blade,2021,23000,Tay ga,100 - 175 cc,Đang cập nhật,5.630000000000003
4.7,4.96,5.83,SYM,Elizabeth,2014,30000,Tay ga,100 - 175 cc,Đang cập nhật,0.8700000000000001
33.0,36.06,42.33,Honda,Vario,2023,10000,Tay ga,100 - 175 cc,Đang cập nhật,6.269999999999996
8.5,5.9,6.92,Hãng khác,Dòng khác,2011,1234,Tay ga,Dưới 50 cc,Việt Nam,1.0199999999999996
32.0,43.34,50.88,Yamaha,R,2022,11623,Tay côn/Moto,100 - 175 cc,Nước khác,7.539999999999999
7.5,9.81,11.51,Piaggio,Liberty,2015,1234,Tay ga,100 - 175 cc,Việt Nam,1.6999999999999993
12.0,13.84,16.25,Yamaha,Janus,2018,999999,Tay ga,100 - 175 cc,Việt Nam,2.41
3.8,3.11,3.65,SYM,Attila,2010,9,Tay ga,100 - 175 cc,Đài Loan,0.54
13.5,11.43,13.42,Honda,Wave,2020,500000,Xe số,100 - 175 cc,Việt Nam,1.9900000000000002
5.4,7.92,9.3,Hãng khác,Dòng khác,2020,888888,Tay côn/Moto,50 - 100 cc,Trung Quốc,1.3800000000000008
14.0,13.65,16.03,Honda,Wave,2021,15000,Xe số,100 - 175 cc,Nhật Bản,2.380000000000001
11.0,9.76,11.45,Honda,Dòng khác,2005,7000,Tay ga,Dưới 50 cc,Nhật Bản,1.6899999999999995
8.0,6.77,7.94,Honda,Wave,2008,100000,Xe số,50 - 100 cc,Trung Quốc,1.1700000000000008
7.3,8.22,9.65,SYM,Angela,2016,32562,Xe số,Dưới 50 cc,Đài Loan,1.4299999999999997
13.5,13.84,16.25,Yamaha,Janus,2018,100000,Tay ga,100 - 175 cc,Việt Nam,2.41
16.3,10.79,12.67,Honda,Dream,2015,32846,Xe số,100 - 175 cc,Nhật Bản,1.8800000000000008
6.35,6.37,7.48,Yamaha,Sirius,2011,100000,Xe số,100 - 175 cc,Việt Nam,1.1100000000000003
65.0,55.9,65.62,Honda,SH,2017,72000,Tay ga,100 - 175 cc,Việt Nam,9.720000000000006
16.5,17.41,20.44,Honda,Dream,1998,18000,Xe số,100 - 175 cc,Đang cập nhật,3.030000000000001
5.5,9.87,11.59,Honda,Dream,2000,10000,Xe số,100 - 175 cc,Đài Loan,1.7200000000000006
6.0,3.35,3.93,Hãng khác,Dòng khác,2009,12345,Tay côn/Moto,100 - 175 cc,Nước khác,0.5800000000000001
9.8,15.49,18.18,Honda,Vision,2015,70000,Tay ga,100 - 175 cc,Nhật Bản,2.6899999999999995
20.0,17.63,20.69,Honda,Winner X,2021,40000,Tay côn/Moto,100 - 175 cc,Việt Nam,3.0600000000000023
6.8,3.49,4.1,SYM,Elegant,2009,53284,Xe số,50 - 100 cc,Đài Loan,0.6099999999999994
23.0,16.72,19.63,Honda,MSX 125,2017,47000,Tay côn/Moto,100 - 175 cc,Thái Lan,2.91
4.2,37.72,44.28,Honda,Dòng khác,1998,220000,Xe số,100 - 175 cc,Hàn Quốc,6.560000000000002
3.9,3.85,4.52,Suzuki,Hayate,2010,9,Tay ga,100 - 175 cc,Nhật Bản,0.6699999999999995
8.5,4.32,5.08,Honda,67,2010,81111,Tay côn/Moto,50 - 100 cc,Việt Nam,0.7599999999999998
32.0,31.97,37.53,Honda,Vario,2020,520000,Tay ga,100 - 175 cc,Nước khác,5.560000000000002
6.8,7.21,8.47,Yamaha,Jupiter,2007,32658,Xe số,50 - 100 cc,Nhật Bản,1.2600000000000007
25.0,47.37,55.61,Honda,Dòng khác,2021,200000,Tay côn/Moto,100 - 175 cc,Việt Nam,8.240000000000002
2.5,4.16,4.89,Yamaha,Nouvo,2011,100000,Tay ga,100 - 175 cc,Nhật Bản,0.7299999999999995
65.5,53.71,63.05,Honda,SH Mode,2024,1525,Tay ga,100 - 175 cc,Việt Nam,9.339999999999996
3.5,8.92,10.47,Honda,Cub,1996,10000,Xe số,Dưới 50 cc,Nhật Bản,1.5500000000000007
5.2,5.28,6.2,Piaggio,Vespa,2010,9,Tay ga,100 - 175 cc,Nước khác,0.9199999999999999
10.0,6.5,7.63,Hãng khác,Dòng khác,2018,30000,Tay côn/Moto,100 - 175 cc,Nước khác,1.13
5.5,30.59,35.91,Honda,Future,2025,333,Xe số,50 - 100 cc,Đang cập nhật,5.319999999999997
10.0,22.91,26.89,Honda,PS,2006,8888,Xe số,50 - 100 cc,Nhật Bản,3.9800000000000004
2.0,15.43,18.12,Honda,Dream,1999,88888,Xe số,50 - 100 cc,Thái Lan,2.6900000000000013
2.5,8.15,9.56,SYM,Elegant,2017,15000,Xe số,Dưới 50 cc,Đài Loan,1.4100000000000001
10.8,11.69,13.72,Honda,Wave,2019,9999,Xe số,100 - 175 cc,Việt Nam,2.030000000000001
65.5,53.71,63.05,Honda,SH Mode,2024,1525,Tay ga,100 - 175 cc,Việt Nam,9.339999999999996
14.3,14.53,17.05,Yamaha,Exciter,2013,9999,Xe số,100 - 175 cc,Việt Nam,2.5200000000000014
5.5,3.72,4.36,Honda,Cub,1988,9999,Xe số,Dưới 50 cc,Việt Nam,0.6400000000000001
11.5,14.89,17.48,Honda,Wave,2001,4567,Xe số,50 - 100 cc,Việt Nam,2.59
50.0,36.71,43.1,Honda,Air Blade,2023,300000,Tay ga,100 - 175 cc,Đang cập nhật,6.390000000000001
9.5,7.55,8.86,Yamaha,Sirius,2014,60000,Xe số,100 - 175 cc,Nhật Bản,1.3099999999999996
65.5,53.71,63.05,Honda,SH Mode,2024,1525,Tay ga,100 - 175 cc,Việt Nam,9.339999999999996
17.5,18.47,21.68,Yamaha,Jupiter,2022,45000,Xe số,100 - 175 cc,Việt Nam,3.210000000000001
6.7,8.17,9.59,Honda,Dòng khác,2007,19999,Xe số,100 - 175 cc,Đang cập nhật,1.42
65.5,53.71,63.05,Honda,SH Mode,2024,1525,Tay ga,100 - 175 cc,Việt Nam,9.339999999999996
65.5,53.71,63.05,Honda,SH Mode,2024,1525,Tay ga,100 - 175 cc,Việt Nam,9.339999999999996
7.8,7.25,8.51,Yamaha,Sirius,2012,65000,Xe số,100 - 175 cc,Nhật Bản,1.2599999999999998
9.0,9.51,11.16,Honda,Blade,2017,13688,Xe số,100 - 175 cc,Việt Nam,1.6500000000000004
3.6,7.55,8.86,Yamaha,Sirius,2014,65880,Xe số,100 - 175 cc,Việt Nam,1.3099999999999996
7.5,7.41,8.7,SYM,Elegant,2019,28000,Xe số,Dưới 50 cc,Đài Loan,1.2899999999999991
1.234567,8.93,10.49,Yamaha,Sirius,2018,28000,Xe số,100 - 175 cc,Việt Nam,1.5600000000000005
16.5,14.95,17.54,Yamaha,Exciter,2016,6868,Tay côn/Moto,100 - 175 cc,Đang cập nhật,2.59
10.0,8.55,10.04,Honda,Cub,1997,111111,Xe số,50 - 100 cc,Đang cập nhật,1.4899999999999984
5.0,14.53,17.05,Yamaha,Exciter,2013,123456,Tay côn/Moto,100 - 175 cc,Việt Nam,2.5200000000000014
39.0,29.17,34.24,Hãng khác,Django,2022,21000,Tay ga,100 - 175 cc,Đang cập nhật,5.07
10.8,5.69,6.68,Honda,Chaly,1981,32514,Xe số,Dưới 50 cc,Nhật Bản,0.9899999999999993
18.0,18.47,21.68,Yamaha,Jupiter,2022,45000,Xe số,100 - 175 cc,Việt Nam,3.210000000000001
5.0,6.3,7.39,Yamaha,Sirius,2009,4000,Xe số,50 - 100 cc,Trung Quốc,1.0899999999999999
20.5,15.73,18.46,Yamaha,Exciter,2017,80000,Tay côn/Moto,100 - 175 cc,Nhật Bản,2.7300000000000004
19.5,18.56,21.79,Honda,Vision,2018,43579,Tay ga,100 - 175 cc,Nhật Bản,3.2300000000000004
24.5,15.94,18.72,Yamaha,Exciter,2011,99999,Xe số,100 - 175 cc,Việt Nam,2.7799999999999994
2.75,2.42,2.84,SYM,Attila,2006,20000,Tay ga,50 - 100 cc,Đài Loan,0.41999999999999993
12.0,9.5,11.15,Honda,Blade,2018,22000,Xe số,100 - 175 cc,Việt Nam,1.6500000000000004
6.0,6.54,7.68,SYM,Shark,2011,100000,Tay ga,100 - 175 cc,Hàn Quốc,1.1399999999999997
19.5,17.47,20.51,Honda,Vision,2017,30000,Tay ga,100 - 175 cc,Việt Nam,3.0400000000000027
21.5,18.56,21.79,Honda,Vision,2018,29000,Tay ga,100 - 175 cc,Đang cập nhật,3.2300000000000004
18.0,19.81,23.26,Yamaha,Exciter,2019,10000,Tay côn/Moto,100 - 175 cc,Đang cập nhật,3.450000000000003
5.5,9.56,11.22,SYM,Angela,2019,123456,Xe số,50 - 100 cc,Thái Lan,1.6600000000000001
10.8,10.4,12.2,Honda,Wave,2018,23451,Xe số,50 - 100 cc,Nhật Bản,1.799999999999999
25.0,23.04,27.05,Honda,PCX,2014,7000,Tay ga,100 - 175 cc,Nhật Bản,4.010000000000002
26.0,22.99,26.98,Honda,Sonic,2020,26000,Xe số,100 - 175 cc,Việt Nam,3.990000000000002
25.5,16.28,19.11,Piaggio,Primavera,2014,386000,Tay ga,100 - 175 cc,Nước khác,2.8299999999999983
11.0,9.54,11.2,Yamaha,Sirius,2019,31649,Xe số,100 - 175 cc,Việt Nam,1.6600000000000001
7.0,6.09,7.15,Yamaha,Luvias,2011,20000,Tay ga,100 - 175 cc,Nhật Bản,1.0600000000000005
8.5,6.77,7.94,Honda,Wave,2008,31000,Xe số,50 - 100 cc,Nhật Bản,1.1700000000000008
13.7,12.64,14.84,Honda,Air Blade,2010,17000,Tay ga,100 - 175 cc,Đang cập nhật,2.1999999999999993
3.2,24.46,28.71,Honda,Future,2011,17000,Xe số,100 - 175 cc,Đang cập nhật,4.25
145.0,111.75,131.19,Honda,SH,2011,20000,Tay ga,100 - 175 cc,Nước khác,19.439999999999998
26.0,23.37,27.43,Suzuki,GSX,2018,15500,Tay côn/Moto,100 - 175 cc,Việt Nam,4.059999999999999
8.7,5.94,6.97,Honda,Wave,2010,55555,Xe số,100 - 175 cc,Việt Nam,1.0299999999999994
11.0,9.95,11.68,Honda,Wave,2002,200000,Xe số,50 - 100 cc,Việt Nam,1.7300000000000004
40.0,15.73,18.46,Yamaha,Exciter,2017,300,Tay côn/Moto,100 - 175 cc,Việt Nam,2.7300000000000004
39.0,36.13,42.41,Honda,SH Mode,2018,34000,Tay ga,100 - 175 cc,Nhật Bản,6.279999999999994
65.0,44.59,52.35,Honda,SH,2016,45,Tay ga,100 - 175 cc,Nước khác,7.759999999999998
265.0,243.8,286.2,Hãng khác,Dòng khác,2016,32000,Tay côn/Moto,Trên 175 cc,Nước khác,42.39999999999998
42.0,29.84,35.04,Piaggio,Liberty,2024,1500,Tay ga,100 - 175 cc,Việt Nam,5.199999999999999
8.3,5.89,6.92,Yamaha,Mio,2010,30000,Tay ga,100 - 175 cc,Việt Nam,1.0300000000000002
200.0,109.65,128.72,Honda,SH,2012,9900,Tay ga,100 - 175 cc,Nước khác,19.069999999999993
12.0,33.69,39.55,Honda,SH,2007,100000,Tay ga,100 - 175 cc,Nước khác,5.859999999999999
115.8,74.21,87.11,Honda,SH,2023,10000,Tay ga,Trên 175 cc,Thái Lan,12.900000000000006
9.8,9.06,10.64,Honda,Air Blade,2012,40000,Tay ga,100 - 175 cc,Việt Nam,1.58
15.0,10.72,12.58,Hãng khác,Nio Fi 50cc,2023,100000,Tay ga,50 - 100 cc,Việt Nam,1.8599999999999994
12.9,13.65,16.02,Yamaha,Grande,2015,40000,Tay ga,100 - 175 cc,Nhật Bản,2.369999999999999
60.0,43.97,51.62,Piaggio,Vespa,2020,14000,Xe số,100 - 175 cc,Việt Nam,7.649999999999999
1.0,3.71,4.35,Hãng khác,Dòng khác,2010,10000,Xe số,50 - 100 cc,Trung Quốc,0.6399999999999997
130.0,129.38,151.88,Hãng khác,Z900,2019,26000,Tay côn/Moto,Trên 175 cc,Nước khác,22.5
7.1,7.97,9.36,Honda,Wave,2014,12345,Xe số,100 - 175 cc,Nhật Bản,1.3899999999999997
4.3,5.1,5.99,Yamaha,Mio,2009,79000,Tay ga,100 - 175 cc,Việt Nam,0.8900000000000006
282.0,202.63,237.87,Suzuki,Sport / Xipo,2021,36733,Tay côn/Moto,100 - 175 cc,Nước khác,35.24000000000001
13.8,9.95,11.68,Honda,Wave,2002,1000,Xe số,50 - 100 cc,Việt Nam,1.7300000000000004
3.5,22.2,26.06,Piaggio,Vespa,2015,65000,Tay ga,100 - 175 cc,Việt Nam,3.8599999999999994
21.5,12.64,14.84,Honda,Air Blade,2010,99999,Tay ga,100 - 175 cc,Thái Lan,2.1999999999999993
32.0,28.44,33.39,Yamaha,Exciter,2022,999,Xe số,100 - 175 cc,Nhật Bản,4.949999999999999
17.0,6.63,7.78,Honda,Dream,2009,60000,Xe số,50 - 100 cc,Việt Nam,1.1500000000000004
28.0,20.65,24.24,Honda,Sonic,2019,6658,Tay côn/Moto,100 - 175 cc,Nước khác,3.59
6.2,7.18,8.43,Hãng khác,Dòng khác,2017,30000,Xe số,50 - 100 cc,Hàn Quốc,1.25
12.6,11.69,13.72,Honda,Wave,2019,56945,Xe số,100 - 175 cc,Việt Nam,2.030000000000001
2.2,2.02,2.38,Hãng khác,Kawasaki,2004,258800,Xe số,50 - 100 cc,Thái Lan,0.3599999999999999
16.0,19.05,22.36,Honda,Wave,1997,10000,Xe số,100 - 175 cc,Thái Lan,3.3099999999999987
5.0,3.51,4.12,Suzuki,Hayate,2009,84547,Tay ga,100 - 175 cc,Nhật Bản,0.6100000000000003
7.5,3.71,4.35,Hãng khác,Dòng khác,2010,5000,Xe số,Dưới 50 cc,Việt Nam,0.6399999999999997
55.0,36.71,43.1,Honda,Air Blade,2023,55,Tay ga,100 - 175 cc,Việt Nam,6.390000000000001
12.0,9.74,11.44,Piaggio,Vespa,2013,4874,Tay ga,100 - 175 cc,Nước khác,1.6999999999999993
24.0,15.94,18.72,Yamaha,Exciter,2011,10000,Xe số,100 - 175 cc,Việt Nam,2.7799999999999994
77.0,66.3,77.83,Honda,SH,2020,30000,Tay ga,100 - 175 cc,Việt Nam,11.530000000000001
22.0,14.53,17.05,Yamaha,Exciter,2013,29000,Xe số,100 - 175 cc,Nước khác,2.5200000000000014
25.0,23.37,27.43,Suzuki,GSX,2018,15000,Tay côn/Moto,100 - 175 cc,Việt Nam,4.059999999999999
15.5,13.84,16.25,Yamaha,Janus,2018,54000,Tay ga,100 - 175 cc,Việt Nam,2.41
35.0,9.95,11.68,Honda,Wave,2002,10000,Xe số,100 - 175 cc,Nhật Bản,1.7300000000000004
90.0,95.08,111.62,Honda,SH,2010,1,Tay ga,100 - 175 cc,Nước khác,16.540000000000006
8.8,11.35,13.32,Honda,Dream,2016,22888,Xe số,100 - 175 cc,Trung Quốc,1.9700000000000006
17.0,17.08,20.05,Honda,Winner X,2020,25000,Tay côn/Moto,100 - 175 cc,Nhật Bản,2.9700000000000024
12.0,7.21,8.46,Honda,Wave,2007,70000,Xe số,50 - 100 cc,Nhật Bản,1.2500000000000009
15.0,10.56,12.4,Honda,Vision,2012,42213,Tay ga,100 - 175 cc,Việt Nam,1.8399999999999999
18.5,17.02,19.98,Hãng khác,ST,2025,205,Tay ga,50 - 100 cc,Việt Nam,2.960000000000001
16.8,10.03,11.77,Honda,Wave,2003,55555,Xe số,100 - 175 cc,Việt Nam,1.7400000000000002
73.0,95.08,111.62,Honda,SH,2010,23000,Tay ga,100 - 175 cc,Nước khác,16.540000000000006
37.0,31.97,37.53,Honda,Vario,2020,35000,Tay ga,100 - 175 cc,Nước khác,5.560000000000002
12.0,11.04,12.96,Honda,ADV 160,2012,0,Tay ga,100 - 175 cc,Việt Nam,1.9200000000000017
17.0,4.75,5.58,Honda,SCR,2008,10000,Tay ga,100 - 175 cc,Nhật Bản,0.8300000000000001
60.0,47.19,55.39,Honda,Vario,2016,56000,Tay ga,100 - 175 cc,Nước khác,8.200000000000003
37.0,30.2,35.45,Honda,Vario,2019,15000,Tay ga,100 - 175 cc,Nước khác,5.2500000000000036
14.5,13.34,15.66,Honda,Chaly,1993,111120,Xe số,50 - 100 cc,Nhật Bản,2.3200000000000003
4.8,7.21,8.46,Honda,Wave,2007,50000,Xe số,100 - 175 cc,Đài Loan,1.2500000000000009
22.5,23.12,27.14,Honda,Beat,2024,17000,Tay ga,100 - 175 cc,Nước khác,4.02
40.0,14.11,16.56,Honda,Dream,1995,50000,Xe số,100 - 175 cc,Thái Lan,2.4499999999999993
22.0,21.86,25.66,Honda,Future,2007,22222,Xe số,100 - 175 cc,Việt Nam,3.8000000000000007
43.0,29.84,35.04,Piaggio,Liberty,2024,1400,Tay ga,100 - 175 cc,Việt Nam,5.199999999999999
10.3,9.5,11.15,Honda,Blade,2018,21000,Xe số,100 - 175 cc,Nhật Bản,1.6500000000000004
16.0,15.43,18.12,Honda,Dream,1999,20000,Xe số,50 - 100 cc,Việt Nam,2.6900000000000013
29.5,24.5,28.77,Honda,Vision,2021,20000,Tay ga,100 - 175 cc,Đang cập nhật,4.27
11.5,10.0,11.74,Honda,Wave,2017,254086,Xe số,50 - 100 cc,Nhật Bản,1.7400000000000002
8.9,7.87,9.24,Honda,Lead,2012,48000,Tay ga,100 - 175 cc,Việt Nam,1.37
29.0,26.68,31.32,Suzuki,GZ,2016,30000,Tay côn/Moto,100 - 175 cc,Nhật Bản,4.640000000000001
85.0,7.89,9.26,Honda,Dylan,2003,28000,Tay ga,100 - 175 cc,Nước khác,1.37
25.0,44.59,52.35,Honda,SH,2016,100000,Tay ga,100 - 175 cc,Việt Nam,7.759999999999998
17.0,17.23,20.23,Yamaha,Janus,2022,18000,Tay ga,100 - 175 cc,Việt Nam,3.0
16.5,13.84,16.25,Yamaha,Janus,2018,6000,Tay ga,100 - 175 cc,Việt Nam,2.41
2.5,4.64,5.44,Yamaha,Mio,2008,999999,Tay ga,50 - 100 cc,Đang cập nhật,0.8000000000000007
35.5,18.73,21.99,Honda,SH,2003,30000,Tay ga,100 - 175 cc,Đang cập nhật,3.259999999999998
192.0,111.75,131.19,Honda,SH,2011,200000,Tay ga,100 - 175 cc,Đang cập nhật,19.439999999999998
50.0,9.54,11.2,Honda,Wave,2016,30000,Xe số,100 - 175 cc,Thái Lan,1.6600000000000001
22.5,18.09,21.23,Honda,Wave,2000,30000,Xe số,100 - 175 cc,Nhật Bản,3.1400000000000006
6.8,6.09,7.15,Yamaha,Luvias,2011,10000,Tay ga,100 - 175 cc,Việt Nam,1.0600000000000005
11.5,9.85,11.56,Honda,Air Blade,2011,38000,Tay ga,100 - 175 cc,Nhật Bản,1.7100000000000009
12.0,8.76,10.28,Honda,Cub,1986,100000,Xe số,50 - 100 cc,Nhật Bản,1.5199999999999996
8.9,7.06,8.28,Honda,Air Blade,2007,30000,Tay ga,100 - 175 cc,Việt Nam,1.2199999999999998
5.0,20.1,23.59,Honda,Future,2006,100000,Xe số,100 - 175 cc,Việt Nam,3.4899999999999984
13.0,5.75,6.75,Yamaha,Mio,2007,741471,Tay ga,100 - 175 cc,Thái Lan,1.0
285.0,231.56,271.84,Honda,Rebel,2016,5000,Tay côn/Moto,Trên 175 cc,Nước khác,40.27999999999997
15.5,13.96,16.39,Honda,Winner,2016,999999,Xe số,100 - 175 cc,Việt Nam,2.4299999999999997
50.0,28.41,33.35,Piaggio,GTS,2008,43000,Tay ga,100 - 175 cc,Nước khác,4.940000000000001
10.5,11.74,13.78,Honda,Wave,2004,2888,Xe số,50 - 100 cc,Việt Nam,2.039999999999999
12.5,12.98,15.24,Honda,Future,2015,10006,Xe số,100 - 175 cc,Nhật Bản,2.26
24.9,23.44,27.52,Honda,Winner X,2022,23000,Tay côn/Moto,100 - 175 cc,Việt Nam,4.079999999999998
299.0,7.18,8.42,Hãng khác,Dòng khác,2017,23000,Tay côn/Moto,Trên 175 cc,Nước khác,1.2400000000000002
17.0,21.86,25.66,Honda,Future,2007,254620,Xe số,100 - 175 cc,Nhật Bản,3.8000000000000007
25.0,14.53,17.05,Yamaha,Exciter,2013,800000,Tay côn/Moto,100 - 175 cc,Trung Quốc,2.5200000000000014
25.0,44.59,52.35,Honda,SH,2016,10000,Tay ga,100 - 175 cc,Nhật Bản,7.759999999999998
8.5,6.76,7.94,Honda,Wave,2011,70000,Xe số,100 - 175 cc,Việt Nam,1.1800000000000006
5.0,3.5,4.11,Suzuki,Hayate,2011,75000,Tay ga,100 - 175 cc,Nhật Bản,0.6100000000000003
19.0,13.96,16.39,Honda,Winner,2016,100000,Tay côn/Moto,100 - 175 cc,Đang cập nhật,2.4299999999999997
22.0,22.99,26.98,Honda,Sonic,2020,23000,Tay côn/Moto,100 - 175 cc,Việt Nam,3.990000000000002
6.8,7.97,9.36,Honda,Wave,2014,40000,Xe số,100 - 175 cc,Nhật Bản,1.3899999999999997
30.0,24.5,28.77,Honda,Vision,2021,120,Tay ga,100 - 175 cc,Việt Nam,4.27
23.0,20.16,23.67,Suzuki,Satria,2019,45000,Tay côn/Moto,Không biết rõ,Đang cập nhật,3.5100000000000016
51.0,37.76,44.33,Honda,Air Blade,2025,549,Tay ga,100 - 175 cc,Việt Nam,6.57
8.5,6.0,7.05,Honda,Lead,2009,95039,Tay ga,100 - 175 cc,Việt Nam,1.0499999999999998
14.0,13.96,16.39,Honda,Winner,2016,100,Tay côn/Moto,100 - 175 cc,Việt Nam,2.4299999999999997
4.5,5.1,5.99,Yamaha,Mio,2009,56000,Tay ga,100 - 175 cc,Việt Nam,0.8900000000000006
8.5,7.55,8.86,Yamaha,Sirius,2014,100000,Xe số,100 - 175 cc,Việt Nam,1.3099999999999996
8.2,5.94,6.97,Honda,Wave,2010,41000,Xe số,100 - 175 cc,Nhật Bản,1.0299999999999994
35.0,28.32,33.25,Honda,Winner X,2024,1900,Tay côn/Moto,100 - 175 cc,Việt Nam,4.93
69.0,44.64,52.4,Honda,SH,2006,600,Tay ga,100 - 175 cc,Nước khác,7.759999999999998
14.0,15.55,18.25,Honda,Winner,2019,42000,Tay côn/Moto,100 - 175 cc,Đang cập nhật,2.6999999999999993
9.9,14.53,17.05,SYM,Cello,2012,20000,Tay ga,100 - 175 cc,Đài Loan,2.5200000000000014
27.5,20.1,23.59,Honda,Future,2006,15000,Xe số,100 - 175 cc,Nhật Bản,3.4899999999999984
47.0,35.85,42.08,Honda,Vario,2024,7000,Tay ga,100 - 175 cc,Việt Nam,6.229999999999997
10.0,8.66,10.17,Honda,Air Blade,2009,50000,Tay ga,100 - 175 cc,Nhật Bản,1.5099999999999998
16.0,13.9,16.32,Honda,Future,2016,86000,Xe số,100 - 175 cc,Nhật Bản,2.42
4.0,4.37,5.13,Hãng khác,Dòng khác,2007,30000,Tay côn/Moto,100 - 175 cc,Việt Nam,0.7599999999999998
37.0,28.32,33.25,Honda,Winner X,2024,1800,Tay côn/Moto,100 - 175 cc,Việt Nam,4.93
20.0,11.97,14.06,Honda,67,trước năm 1980,50000,Xe số,Dưới 50 cc,Nhật Bản,2.09
15.0,14.95,17.54,Yamaha,Exciter,2016,30000,Tay côn/Moto,100 - 175 cc,Việt Nam,2.59
48.0,49.74,58.4,Honda,CBR,2021,1600,Xe số,100 - 175 cc,Việt Nam,8.659999999999997
18.3,14.19,16.66,Honda,Wave,2023,4000,Xe số,100 - 175 cc,Việt Nam,2.4700000000000006
9.5,13.66,16.04,Yamaha,Exciter,2012,500000,Tay côn/Moto,100 - 175 cc,Nhật Bản,2.379999999999999
20.0,17.08,20.05,Honda,Winner X,2020,6000,Tay côn/Moto,100 - 175 cc,Nhật Bản,2.9700000000000024
4.5,9.95,11.68,Honda,Wave,2002,700000,Xe số,50 - 100 cc,Hàn Quốc,1.7300000000000004
26.0,24.85,29.17,Honda,Winner X,2023,31000,Tay côn/Moto,100 - 175 cc,Việt Nam,4.32
62.0,38.1,44.72,Honda,Air Blade,2024,11000,Tay ga,100 - 175 cc,Việt Nam,6.619999999999997
19.5,62.56,73.44,Yamaha,YAZ,2018,862648,Tay côn/Moto,100 - 175 cc,Việt Nam,10.879999999999995
18.0,13.61,15.98,Yamaha,Exciter,2014,30000,Tay côn/Moto,100 - 175 cc,Nhật Bản,2.370000000000001
4.3,8.65,10.15,Honda,Wave,2015,6000,Xe số,50 - 100 cc,Đang cập nhật,1.5
32.0,29.44,34.56,Honda,Vario,2001,333333,Tay ga,100 - 175 cc,Thái Lan,5.120000000000001
40.0,8.39,9.84,Piaggio,Vespa,2012,13500,Tay ga,100 - 175 cc,Việt Nam,1.4499999999999993
26.5,24.85,29.17,Honda,Winner X,2023,31000,Tay côn/Moto,100 - 175 cc,Việt Nam,4.32
7.5,6.76,7.94,Honda,Wave,2011,550000,Xe số,100 - 175 cc,Nhật Bản,1.1800000000000006
32.0,32.03,37.61,Honda,Vario,2021,333333,Tay ga,100 - 175 cc,Thái Lan,5.579999999999998
29.0,16.76,19.67,Yamaha,Exciter,2018,0,Tay côn/Moto,Trên 175 cc,Việt Nam,2.91
6.0,3.5,4.1,Suzuki,Smash,2005,100000,Xe số,100 - 175 cc,Nhật Bản,0.5999999999999996
23.0,19.81,23.26,Yamaha,Exciter,2019,35,Tay côn/Moto,100 - 175 cc,Việt Nam,3.450000000000003
13.5,13.65,16.03,Honda,Wave,2021,99999,Xe số,100 - 175 cc,Việt Nam,2.380000000000001
5.8,9.54,11.2,Honda,Wave,2016,0,Xe số,50 - 100 cc,Trung Quốc,1.6600000000000001
25.0,33.65,39.5,Honda,Air Blade,2022,60883,Tay ga,Trên 175 cc,Việt Nam,5.850000000000001
40.0,11.69,13.72,Honda,Wave,2019,5000,Xe số,100 - 175 cc,Việt Nam,2.030000000000001
22.5,18.04,21.18,Honda,Dream,2012,56789,Xe số,50 - 100 cc,Việt Nam,3.1400000000000006
3.5,14.53,17.05,Hãng khác,Max,2002,330000,Xe số,50 - 100 cc,Đang cập nhật,2.5200000000000014
16.0,8.28,9.72,Yamaha,Dòng khác,2009,30000,Tay côn/Moto,Trên 175 cc,Việt Nam,1.4400000000000013
50.0,14.53,17.05,Honda,Rebel,2017,12345,Tay côn/Moto,100 - 175 cc,Nước khác,2.5200000000000014
10.0,6.02,7.06,Hãng khác,Monster,2018,20000,Tay côn/Moto,100 - 175 cc,Đang cập nhật,1.04
26.8,22.99,26.98,Honda,Sonic,2020,35000,Tay côn/Moto,100 - 175 cc,Việt Nam,3.990000000000002
4.0,4.37,5.13,Hãng khác,Dòng khác,2007,50000,Tay côn/Moto,50 - 100 cc,Việt Nam,0.7599999999999998
46.0,41.61,48.85,Yamaha,Exciter,2010,8888,Xe số,100 - 175 cc,Việt Nam,7.240000000000002
42.0,8.39,9.84,Piaggio,Vespa,2012,13500,Tay ga,100 - 175 cc,Nước khác,1.4499999999999993
7.0,5.19,6.09,Piaggio,Vespa,2007,100000,Tay ga,100 - 175 cc,Nước khác,0.8999999999999995
17.0,14.53,17.05,Honda,Dream,2021,30000,Xe số,50 - 100 cc,Việt Nam,2.5200000000000014
5.6,5.14,6.04,SYM,Elegant,2015,40000,Tay ga,100 - 175 cc,Đài Loan,0.9000000000000004
16.5,17.63,20.69,Honda,Winner X,2021,12000,Tay côn/Moto,100 - 175 cc,Nhật Bản,3.0600000000000023
90.0,75.95,89.16,Honda,SH,2024,4800,Tay ga,100 - 175 cc,Việt Nam,13.209999999999994
31.0,56.11,65.87,Yamaha,R,2024,400000,Tay côn/Moto,100 - 175 cc,Việt Nam,9.760000000000005
10.0,10.79,12.67,Honda,Dream,2015,12345,Xe số,100 - 175 cc,Việt Nam,1.8800000000000008
15.0,13.96,16.39,Honda,Winner,2016,92181,Xe số,100 - 175 cc,Việt Nam,2.4299999999999997
15.5,14.95,17.54,Yamaha,Exciter,2016,1236,Tay côn/Moto,100 - 175 cc,Đang cập nhật,2.59
47.0,42.17,49.5,Honda,PCX,2019,9320,Tay ga,100 - 175 cc,Việt Nam,7.329999999999998
70.0,45.34,53.22,Piaggio,Vespa,2022,7170,Tay ga,100 - 175 cc,Việt Nam,7.8799999999999955
19.0,15.97,18.75,Honda,Air Blade,2015,68000,Tay ga,100 - 175 cc,Đang cập nhật,2.7799999999999994
16.0,9.07,10.65,Honda,PS,2007,123456,Tay ga,100 - 175 cc,Nước khác,1.58
8.9,6.77,7.94,Honda,Wave,2008,22000,Xe số,100 - 175 cc,Đang cập nhật,1.1700000000000008
28.0,14.53,17.05,Honda,CD,2006,28000,Tay côn/Moto,100 - 175 cc,Nhật Bản,2.5200000000000014
19.0,13.18,15.47,Honda,Win,2019,27000,Tay côn/Moto,Trên 175 cc,Việt Nam,2.290000000000001
90.0,95.08,111.62,Honda,SH,2010,20000,Tay ga,100 - 175 cc,Nước khác,16.540000000000006
10.2,6.78,7.96,Honda,Wave,2009,68236,Xe số,50 - 100 cc,Nhật Bản,1.1799999999999997
25.5,22.45,26.36,Suzuki,Satria,2021,10000,Tay côn/Moto,100 - 175 cc,Việt Nam,3.91
43.0,29.84,35.04,Piaggio,Liberty,2024,1000,Tay ga,100 - 175 cc,Việt Nam,5.199999999999999
65.0,40.73,47.82,Honda,SH,2008,30000,Tay côn/Moto,100 - 175 cc,Đang cập nhật,7.090000000000003
4.5,6.76,7.94,Honda,Wave,2011,800000,Xe số,50 - 100 cc,Nhật Bản,1.1800000000000006
150.0,95.08,111.62,Honda,SH,2010,12130,Tay ga,100 - 175 cc,Nước khác,16.540000000000006
148.0,95.08,111.62,Honda,SH,2010,121303,Tay ga,100 - 175 cc,Nước khác,16.540000000000006
155.0,95.08,111.62,Honda,SH,2010,150000,Tay ga,100 - 175 cc,Nước khác,16.540000000000006
13.5,15.73,18.46,Yamaha,Exciter,2017,500000,Tay côn/Moto,100 - 175 cc,Việt Nam,2.7300000000000004
7.5,11.74,13.78,Honda,Wave,2004,999999,Xe số,50 - 100 cc,Việt Nam,2.039999999999999
5.5,7.1,8.33,Suzuki,Viva,2003,99999,Xe số,100 - 175 cc,Nhật Bản,1.2300000000000004
6.0,6.99,8.21,Honda,Wave,2012,100000,Xe số,100 - 175 cc,Đang cập nhật,1.2200000000000006
22.5,19.6,23.0,Yamaha,Nvx,2017,40000,Tay ga,100 - 175 cc,Việt Nam,3.3999999999999986
7.8,6.48,7.61,Yamaha,Sirius,2010,5000,Xe số,100 - 175 cc,Nhật Bản,1.13
5.5,3.96,4.64,Honda,@,2010,50000,Xe số,50 - 100 cc,Đang cập nhật,0.6799999999999997
5.0,11.61,13.62,Honda,Future,2014,100000,Xe số,100 - 175 cc,Nhật Bản,2.01
3.5,5.69,6.68,Honda,Chaly,1981,77777,Xe số,Dưới 50 cc,Việt Nam,0.9899999999999993
8.0,6.77,7.94,Honda,Wave,2008,10000,Xe số,50 - 100 cc,Nhật Bản,1.1700000000000008
10.0,14.53,17.05,Honda,CD,2000,12345,Xe số,50 - 100 cc,Việt Nam,2.5200000000000014
3.8,10.74,12.6,Honda,Dream,2003,20000,Xe số,50 - 100 cc,Hàn Quốc,1.8599999999999994
4.1,4.65,5.45,Yamaha,Taurus,2010,61000,Xe số,100 - 175 cc,Nhật Bản,0.7999999999999998
53.5,37.76,44.33,Honda,Air Blade,2025,549,Tay ga,100 - 175 cc,Việt Nam,6.57
7.7,7.25,8.51,Yamaha,Sirius,2012,1212,Xe số,100 - 175 cc,Nhật Bản,1.2599999999999998
72.0,74.21,87.11,Honda,SH,2023,10000,Tay ga,100 - 175 cc,Việt Nam,12.900000000000006
25.0,26.16,30.71,Yamaha,Exciter,2021,20000,Tay côn/Moto,100 - 175 cc,Việt Nam,4.550000000000001
45.0,41.61,48.85,Yamaha,Exciter,2010,0,Tay côn/Moto,100 - 175 cc,Đang cập nhật,7.240000000000002
10.7,11.74,13.78,Honda,Wave,2004,68000,Xe số,50 - 100 cc,Đang cập nhật,2.039999999999999
13.5,6.77,7.94,Honda,Wave,2008,6789,Xe số,50 - 100 cc,Nhật Bản,1.1700000000000008
3.1,8.92,10.47,Honda,Cub,1996,68000,Xe số,Dưới 50 cc,Đang cập nhật,1.5500000000000007
2.5,8.71,10.22,Honda,Dòng khác,2009,40000,Xe số,100 - 175 cc,Nhật Bản,1.5099999999999998
11.0,81.67,95.87,Honda,Dòng khác,2011,53972,Tay ga,100 - 175 cc,Nhật Bản,14.200000000000003
19.0,24.1,28.29,Honda,Air Blade,2019,96000,Tay ga,100 - 175 cc,Việt Nam,4.189999999999998
33.5,7.23,8.48,Honda,Dream,2007,50000,Xe số,50 - 100 cc,Việt Nam,1.25
15.5,14.49,17.01,Honda,Winner,2018,12890,Tay côn/Moto,100 - 175 cc,Nước khác,2.5200000000000014
10.3,10.55,12.38,Hãng khác,Dòng khác,2022,23567,Tay ga,50 - 100 cc,Đài Loan,1.83
10.0,12.48,14.66,Honda,Wave,2025,10000,Xe số,100 - 175 cc,Nhật Bản,2.1799999999999997
28.5,26.21,30.77,Yamaha,PG-1,2024,8000,Xe số,100 - 175 cc,Việt Nam,4.559999999999999
12.0,6.56,7.7,Honda,Dream,2025,0,Xe số,50 - 100 cc,Hàn Quốc,1.1400000000000006
18.0,15.73,18.46,Yamaha,Exciter,2017,39000,Tay côn/Moto,100 - 175 cc,Nhật Bản,2.7300000000000004
11.5,11.24,13.19,Honda,Blade,2020,17000,Xe số,100 - 175 cc,Việt Nam,1.9499999999999993
5.5,5.94,6.97,Honda,Wave,2010,50000,Xe số,50 - 100 cc,Đang cập nhật,1.0299999999999994
3.5,6.16,7.23,Hãng khác,Dòng khác,2012,12345,Xe số,50 - 100 cc,Đài Loan,1.0700000000000003
18.0,13.66,16.04,Yamaha,Exciter,2012,5678,Tay côn/Moto,100 - 175 cc,Việt Nam,2.379999999999999
3.3,8.55,10.04,Honda,Cub,1997,68000,Xe số,Dưới 50 cc,Đang cập nhật,1.4899999999999984
6.7,7.1,8.34,Honda,Wave,2006,50000,Xe số,50 - 100 cc,Nhật Bản,1.2400000000000002
3.4,7.24,8.49,Yamaha,Sirius,2013,666,Xe số,50 - 100 cc,Nhật Bản,1.25
8.0,10.9,12.8,Honda,Vision,2013,100000,Tay ga,100 - 175 cc,Nhật Bản,1.9000000000000004
5.5,25.54,29.98,Honda,Future,2010,12000,Xe số,100 - 175 cc,Nhật Bản,4.440000000000001
13.0,13.65,16.02,Honda,Blade,2021,9000,Xe số,100 - 175 cc,Việt Nam,2.369999999999999
76.5,70.02,82.2,Honda,SH,2021,9000,Tay ga,100 - 175 cc,Nhật Bản,12.180000000000007
6.0,5.78,6.78,Honda,Lead,2008,548138,Tay ga,100 - 175 cc,Nhật Bản,1.0
3.5,3.15,3.69,Yamaha,Nouvo,2008,50000,Tay ga,100 - 175 cc,Việt Nam,0.54
23.8,17.58,20.64,Suzuki,Raider,2018,50000,Tay côn/Moto,100 - 175 cc,Nước khác,3.0600000000000023
1.234567,13.61,15.98,Yamaha,Exciter,2014,123456,Tay côn/Moto,100 - 175 cc,Việt Nam,2.370000000000001
20.0,14.11,16.56,Honda,Dream,1995,39000,Xe số,100 - 175 cc,Thái Lan,2.4499999999999993
25.0,20.65,24.24,Honda,Sonic,2019,70000,Tay côn/Moto,100 - 175 cc,Nước khác,3.59
42.0,41.72,48.97,Yamaha,Exciter,2008,99999,Xe số,100 - 175 cc,Đang cập nhật,7.25
28.0,40.54,47.59,Honda,Vario,2018,40800,Tay ga,100 - 175 cc,Nước khác,7.050000000000004
15.5,10.24,12.02,Honda,Wave,2005,65845,Xe số,50 - 100 cc,Nhật Bản,1.7799999999999994
19.5,22.45,26.36,Suzuki,Satria,2021,10000,Tay côn/Moto,100 - 175 cc,Nhật Bản,3.91
11.0,12.64,14.84,Honda,Air Blade,2010,6000,Tay ga,100 - 175 cc,Nhật Bản,2.1999999999999993
29.5,30.2,35.45,Honda,Vario,2019,60000,Tay ga,100 - 175 cc,Nước khác,5.2500000000000036
10.5,7.97,9.36,Honda,Wave,2014,40,Xe số,100 - 175 cc,Nhật Bản,1.3899999999999997
80.5,74.3,87.23,Honda,SH,2022,3700,Tay ga,100 - 175 cc,Việt Nam,12.930000000000007
22.0,17.58,20.64,Suzuki,Raider,2018,100000,Tay côn/Moto,100 - 175 cc,Việt Nam,3.0600000000000023
19.0,9.23,10.84,Honda,Dream,2002,90000,Xe số,100 - 175 cc,Thái Lan,1.6099999999999994
35.0,26.15,30.7,Yamaha,R,2018,8000,Tay côn/Moto,100 - 175 cc,Nước khác,4.550000000000001
11.5,14.31,16.8,Honda,Wave,2022,50000,Xe số,100 - 175 cc,Việt Nam,2.49
6.8,6.78,7.96,Honda,Wave,2009,5000,Xe số,100 - 175 cc,Nhật Bản,1.1799999999999997
15.0,14.95,17.54,Yamaha,Exciter,2016,0,Tay côn/Moto,100 - 175 cc,Việt Nam,2.59
11.5,15.94,18.72,Yamaha,Exciter,2011,0,Tay côn/Moto,Trên 175 cc,Việt Nam,2.7799999999999994
12.5,14.15,16.61,Honda,Future,2000,0,Xe số,100 - 175 cc,Việt Nam,2.459999999999999
8.0,13.66,16.04,Yamaha,Exciter,2012,50000,Tay côn/Moto,100 - 175 cc,Đang cập nhật,2.379999999999999
13.5,12.64,14.84,Honda,Air Blade,2010,20000,Tay ga,50 - 100 cc,Việt Nam,2.1999999999999993
9.8,9.86,11.57,Yamaha,Sirius,2020,100000,Xe số,100 - 175 cc,Việt Nam,1.7100000000000009
12.6,8.92,10.47,Honda,Cub,1996,12345,Xe số,50 - 100 cc,Việt Nam,1.5500000000000007
10.0,7.87,9.24,Honda,Lead,2012,1000,Tay ga,100 - 175 cc,Việt Nam,1.37
8.0,6.0,7.05,Honda,Lead,2009,46000,Tay ga,Không biết rõ,Đang cập nhật,1.0499999999999998
0.16,38.82,45.57,Honda,SH,2015,80000,Tay ga,100 - 175 cc,Đang cập nhật,6.75
6.3,5.89,6.92,Yamaha,Mio,2010,1200,Tay ga,50 - 100 cc,Việt Nam,1.0300000000000002
12.5,14.65,17.2,Yamaha,Sirius,2024,168168,Xe số,100 - 175 cc,Việt Nam,2.549999999999999
8.4,4.64,5.44,Yamaha,Mio,2008,20000,Tay ga,100 - 175 cc,Đang cập nhật,0.8000000000000007
13.8,9.85,11.56,Honda,Air Blade,2011,10000,Tay ga,50 - 100 cc,Việt Nam,1.7100000000000009
62.3,62.14,72.95,Honda,SH,2019,28000,Tay ga,100 - 175 cc,Đang cập nhật,10.810000000000002
17.8,18.56,21.79,Honda,Vision,2018,27469,Tay ga,100 - 175 cc,Nhật Bản,3.2300000000000004
22.5,16.76,19.67,Yamaha,Exciter,2018,90000,Tay côn/Moto,100 - 175 cc,Đang cập nhật,2.91
16.0,14.53,17.05,Piaggio,Vespa S125,2017,33596,Tay ga,100 - 175 cc,Nước khác,2.5200000000000014
6.6,6.78,7.96,Honda,Wave,2009,666,Xe số,50 - 100 cc,Việt Nam,1.1799999999999997
59.0,52.52,61.65,Honda,SH Mode,2023,4900,Tay ga,100 - 175 cc,Nhật Bản,9.129999999999995
65.0,95.08,111.62,Honda,SH,2010,48000,Tay ga,100 - 175 cc,Việt Nam,16.540000000000006
9.8,8.97,10.53,Yamaha,Nozza,2015,10000,Tay ga,100 - 175 cc,Việt Nam,1.5599999999999987
8.0,28.64,33.62,Suzuki,Dòng khác,2000,999999,Xe số,100 - 175 cc,Nhật Bản,4.979999999999997
17.0,17.08,20.05,Honda,Winner X,2020,25000,Tay côn/Moto,100 - 175 cc,Nhật Bản,2.9700000000000024
7.6,6.13,7.2,Yamaha,Nouvo,2013,12122,Tay ga,100 - 175 cc,Nhật Bản,1.0700000000000003
9.6,9.85,11.56,Honda,Air Blade,2011,49000,Tay ga,100 - 175 cc,Việt Nam,1.7100000000000009
23.5,5.69,6.68,Honda,Chaly,1981,50000,Xe số,50 - 100 cc,Đang cập nhật,0.9899999999999993
28.5,8.66,10.17,Honda,Air Blade,2009,50000,Tay ga,100 - 175 cc,Thái Lan,1.5099999999999998
7.5,7.65,8.98,SYM,Shark,2012,1234,Tay ga,100 - 175 cc,Đài Loan,1.33
8.5,7.53,8.84,Honda,Click,2010,66666,Tay ga,50 - 100 cc,Việt Nam,1.3099999999999996
13.3,13.66,16.04,Yamaha,Exciter,2012,20000,Tay côn/Moto,100 - 175 cc,Nhật Bản,2.379999999999999
33.0,29.7,34.86,Honda,Future,2024,2600,Xe số,100 - 175 cc,Việt Nam,5.16
10.7,9.64,11.32,Honda,67,1997,58000,Xe số,Dưới 50 cc,Đang cập nhật,1.6799999999999997
1.3,3.76,4.41,Hãng khác,Dòng khác,2000,300000,Xe số,50 - 100 cc,Nước khác,0.6500000000000004
1.9,3.68,4.32,Hãng khác,Dòng khác,2010,10000,Xe số,50 - 100 cc,Trung Quốc,0.6400000000000001
27.9,30.2,35.45,Honda,Vario,2019,40000,Tay ga,100 - 175 cc,Nước khác,5.2500000000000036
24.9,29.7,34.86,Honda,Future,2024,120000,Xe số,100 - 175 cc,Nhật Bản,5.16
17.0,19.32,22.68,Hãng khác,Rock,2024,959,Xe số,100 - 175 cc,Thái Lan,3.3599999999999994
1.0,11.97,14.06,Honda,67,trước năm 1980,60000,Tay côn/Moto,Dưới 50 cc,Nhật Bản,2.09
14.5,10.29,12.08,Yamaha,Sirius,2021,32000,Xe số,100 - 175 cc,Việt Nam,1.790000000000001
5.5,5.54,6.5,Yamaha,Sirius,2006,1,Xe số,50 - 100 cc,Nhật Bản,0.96
15.5,16.55,19.43,Honda,Lead,2016,70000,Tay ga,100 - 175 cc,Nhật Bản,2.879999999999999
40.0,43.64,51.23,Yamaha,Exciter,2009,40000,Xe số,100 - 175 cc,Việt Nam,7.589999999999996
18.0,20.04,23.53,Honda,Air Blade,2016,150000,Tay ga,100 - 175 cc,Đang cập nhật,3.490000000000002
10.0,12.98,15.24,Honda,Future,2015,90000,Xe số,100 - 175 cc,Việt Nam,2.26
18.8,15.95,18.72,Honda,Wave,2024,500,Xe số,100 - 175 cc,Việt Nam,2.7699999999999996
9.0,6.99,8.21,Honda,Wave,2012,50000,Xe số,100 - 175 cc,Việt Nam,1.2200000000000006
1.7,6.2,7.28,Honda,Cub,2000,121212,Xe số,50 - 100 cc,Nhật Bản,1.08
79.0,14.31,16.8,Honda,Wave,2022,6800,Xe số,100 - 175 cc,Thái Lan,2.49
20.8,14.53,17.05,Yamaha,Exciter,2011,0,Xe số,100 - 175 cc,Việt Nam,2.5200000000000014
51.0,35.85,42.08,Honda,Vario,2024,2100,Tay ga,100 - 175 cc,Việt Nam,6.229999999999997
8.5,13.61,15.98,Yamaha,Exciter,2014,30000,Tay côn/Moto,100 - 175 cc,Việt Nam,2.370000000000001
9.8,9.51,11.16,Honda,Blade,2017,500000,Xe số,100 - 175 cc,Việt Nam,1.6500000000000004
17.2,14.19,16.66,Honda,Wave,2023,1760,Xe số,100 - 175 cc,Đang cập nhật,2.4700000000000006
8.6,4.64,5.44,Yamaha,Mio,2008,20000,Tay ga,100 - 175 cc,Đang cập nhật,0.8000000000000007
4.0,6.29,7.39,Yamaha,Mio,2005,50000,Tay ga,100 - 175 cc,Việt Nam,1.0999999999999996
4.0,6.78,7.96,Honda,Wave,2009,10000,Xe số,100 - 175 cc,Đài Loan,1.1799999999999997
11.9,19.01,22.31,Suzuki,Dòng khác,2018,9000,Tay ga,Dưới 50 cc,Nhật Bản,3.299999999999997
20.0,19.6,23.0,Yamaha,Nvx,2017,16500,Tay ga,100 - 175 cc,Đang cập nhật,3.3999999999999986
23.0,20.16,23.67,Suzuki,Satria,2019,55000,Tay côn/Moto,100 - 175 cc,Nước khác,3.5100000000000016
20.0,20.06,23.54,Suzuki,Dòng khác,2019,12500,Tay côn/Moto,100 - 175 cc,Trung Quốc,3.4800000000000004
7.5,7.97,9.36,Honda,Wave,2014,0,Xe số,100 - 175 cc,Việt Nam,1.3899999999999997
12.5,21.96,25.78,Honda,Air Blade,2018,70700,Tay ga,100 - 175 cc,Đang cập nhật,3.8200000000000003
10.8,13.84,16.25,Yamaha,Janus,2018,17452,Tay ga,100 - 175 cc,Việt Nam,2.41
5.6,4.43,5.21,SYM,Elegant,2012,40000,Tay ga,100 - 175 cc,Đài Loan,0.7800000000000002
13.5,13.66,16.04,Yamaha,Exciter,2012,10000,Tay côn/Moto,100 - 175 cc,Việt Nam,2.379999999999999
41.0,33.65,39.5,Honda,Air Blade,2022,18000,Tay ga,100 - 175 cc,Việt Nam,5.850000000000001
5.2,9.23,10.84,Honda,Dream,2002,10000,Xe số,50 - 100 cc,Trung Quốc,1.6099999999999994
12.0,7.37,8.65,Honda,Wave,2013,136947,Xe số,50 - 100 cc,Nhật Bản,1.2800000000000002
4.7,3.28,3.85,Suzuki,Hayate,2008,50000,Tay ga,100 - 175 cc,Việt Nam,0.5700000000000003
435.0,254.29,298.51,Hãng khác,Dòng khác,2019,14000,Tay côn/Moto,Trên 175 cc,Nước khác,44.22
30.5,32.03,37.61,Honda,Vario,2021,39000,Tay ga,100 - 175 cc,Việt Nam,5.579999999999998
19.0,18.56,21.79,Honda,Vision,2018,226980,Tay ga,100 - 175 cc,Nhật Bản,3.2300000000000004
12.0,15.94,18.72,Yamaha,Exciter,2011,60000,Tay côn/Moto,100 - 175 cc,Việt Nam,2.7799999999999994
3.5,14.53,17.05,Hãng khác,Dòng khác,2004,666666,Xe số,50 - 100 cc,Trung Quốc,2.5200000000000014
0.032,24.46,28.71,Honda,Future,2011,300000,Xe số,100 - 175 cc,Nhật Bản,4.25
28.8,14.89,17.48,Honda,Wave,2001,14000,Xe số,100 - 175 cc,Thái Lan,2.59
7.5,6.13,7.2,Yamaha,Sirius,2008,16800,Xe số,100 - 175 cc,Việt Nam,1.0700000000000003
14.0,7.97,9.36,Honda,Wave,2014,73000,Xe số,100 - 175 cc,Việt Nam,1.3899999999999997
27.5,15.17,17.81,Yamaha,Exciter,2015,16500,Xe số,100 - 175 cc,Việt Nam,2.639999999999999
23.0,17.63,20.69,Honda,Winner X,2021,55000,Tay côn/Moto,100 - 175 cc,Việt Nam,3.0600000000000023
6.5,6.99,8.21,Honda,Wave,2012,7654,Xe số,100 - 175 cc,Việt Nam,1.2200000000000006
32.8,27.84,32.68,Honda,Vision,2023,11800,Tay ga,100 - 175 cc,Việt Nam,4.84
103.0,95.08,111.62,Honda,SH,2010,200000,Tay ga,100 - 175 cc,Đang cập nhật,16.540000000000006
25.0,22.99,26.98,Honda,Sonic,2020,36200,Tay côn/Moto,100 - 175 cc,Nước khác,3.990000000000002
35.0,6.77,7.94,Honda,Wave,2008,4000,Xe số,100 - 175 cc,Thái Lan,1.1700000000000008
7.3,9.85,11.56,Honda,Air Blade,2011,33333,Tay ga,100 - 175 cc,Việt Nam,1.7100000000000009
2.5,11.43,13.42,Honda,Wave,2020,1,Xe số,Không biết rõ,Trung Quốc,1.9900000000000002
22.0,16.76,19.67,Yamaha,Exciter,2018,82000,Tay côn/Moto,100 - 175 cc,Việt Nam,2.91
63.0,43.97,51.62,Piaggio,Vespa,2020,150000,Tay ga,100 - 175 cc,Nước khác,7.649999999999999
7.1,6.99,8.21,Honda,Wave,2012,30000,Xe số,100 - 175 cc,Nhật Bản,1.2200000000000006
17.3,14.19,16.66,Honda,Wave,2023,1726,Xe số,100 - 175 cc,Đang cập nhật,2.4700000000000006
1.5,1.84,2.16,SYM,Magic,1999,666666,Xe số,50 - 100 cc,Đài Loan,0.32000000000000006
16.5,13.61,15.98,Yamaha,Exciter,2014,80000,Tay côn/Moto,100 - 175 cc,Việt Nam,2.370000000000001
16.5,13.61,15.98,Yamaha,Exciter,2014,80000,Tay côn/Moto,100 - 175 cc,Việt Nam,2.370000000000001
44.0,29.84,35.04,Piaggio,Liberty,2024,500,Tay ga,100 - 175 cc,Việt Nam,5.199999999999999
66.8,40.54,47.59,Honda,Vario,2018,18000,Tay ga,100 - 175 cc,Việt Nam,7.050000000000004
27.5,40.54,47.59,Honda,Vario,2018,40000,Tay ga,100 - 175 cc,Nước khác,7.050000000000004
18.5,9.07,10.65,Honda,PS,2007,35000,Tay ga,100 - 175 cc,Việt Nam,1.58
7.9,5.94,6.97,Honda,Wave,2010,99999,Xe số,100 - 175 cc,Nhật Bản,1.0299999999999994
4.5,6.41,7.52,Yamaha,Mio,2011,10000,Tay ga,100 - 175 cc,Việt Nam,1.1099999999999994
6.4,6.37,7.48,Yamaha,Sirius,2011,25000,Xe số,100 - 175 cc,Đang cập nhật,1.1100000000000003
10.0,12.64,14.84,Honda,Air Blade,2010,10000,Tay ga,100 - 175 cc,Nhật Bản,2.1999999999999993
12.0,19.01,22.31,Suzuki,Dòng khác,2018,9000,Tay ga,Dưới 50 cc,Nhật Bản,3.299999999999997
26.8,14.95,17.54,Yamaha,Exciter,2016,0,Xe số,100 - 175 cc,Việt Nam,2.59
3.8,6.45,7.57,Honda,Win,2011,3333,Tay côn/Moto,100 - 175 cc,Hàn Quốc,1.12
1.0,22.48,26.39,Hãng khác,Dòng khác,trước năm 1980,100000,Xe số,Dưới 50 cc,Nhật Bản,3.91
8.2,5.94,6.97,Honda,Wave,2010,9999,Xe số,100 - 175 cc,Nhật Bản,1.0299999999999994
11.9,13.84,16.25,Yamaha,Janus,2018,16000,Tay ga,100 - 175 cc,Việt Nam,2.41
16.5,14.19,16.66,Honda,Wave,2023,20000,Xe số,100 - 175 cc,Việt Nam,2.4700000000000006
20.0,20.1,23.6,Suzuki,Raider,2020,29515,Tay côn/Moto,100 - 175 cc,Việt Nam,3.5
22.0,17.08,20.05,Honda,Winner X,2020,40000,Tay côn/Moto,100 - 175 cc,Việt Nam,2.9700000000000024
12.0,11.85,13.92,Honda,Lead,2013,175000,Tay ga,100 - 175 cc,Việt Nam,2.0700000000000003
7.9,5.94,6.97,Honda,Wave,2010,99999,Xe số,100 - 175 cc,Nhật Bản,1.0299999999999994
10.0,6.56,7.7,Honda,Dream,2025,3300,Xe số,50 - 100 cc,Hàn Quốc,1.1400000000000006
25.0,22.73,26.69,Honda,Wave,1999,18000,Xe số,50 - 100 cc,Thái Lan,3.960000000000001
3.5,3.35,3.93,Hãng khác,Dòng khác,2009,5000,Xe số,50 - 100 cc,Nhật Bản,0.5800000000000001
7.5,5.18,6.08,Honda,Lead,2007,32000,Tay ga,100 - 175 cc,Đang cập nhật,0.9000000000000004
7.0,6.76,7.94,Honda,Wave,2011,35000,Xe số,100 - 175 cc,Nhật Bản,1.1800000000000006
14.3,14.49,17.01,Honda,Winner,2018,85000,Tay côn/Moto,100 - 175 cc,Đang cập nhật,2.5200000000000014
4.6,6.77,7.94,Honda,Wave,2008,5000,Xe số,100 - 175 cc,Hàn Quốc,1.1700000000000008
7.8,8.81,10.34,Yamaha,Nozza,2013,40000,Tay ga,100 - 175 cc,Nhật Bản,1.5299999999999994
22.0,9.95,11.68,Honda,Wave,2002,21000,Xe số,50 - 100 cc,Nhật Bản,1.7300000000000004
8.5,13.6,15.96,Honda,Air Blade,2013,110000,Tay ga,100 - 175 cc,Việt Nam,2.360000000000001
21.0,22.48,26.39,Hãng khác,Dòng khác,trước năm 1980,5888,Tay ga,Dưới 50 cc,Nước khác,3.91
56.0,40.54,47.59,Honda,Vario,2018,19000,Tay ga,100 - 175 cc,Nước khác,7.050000000000004
72.0,57.96,68.03,Honda,SH,2018,38400,Tay ga,100 - 175 cc,Việt Nam,10.07
7.0,10.56,12.4,Honda,Vision,2012,74000,Tay ga,100 - 175 cc,Đang cập nhật,1.8399999999999999
10.0,10.85,12.74,Suzuki,Raider,2014,120000,Tay côn/Moto,100 - 175 cc,Nhật Bản,1.8900000000000006
13.5,17.23,20.23,Yamaha,Janus,2022,19000,Tay ga,100 - 175 cc,Việt Nam,3.0
15.0,14.53,17.05,Yamaha,Exciter,2013,54000,Tay côn/Moto,100 - 175 cc,Đang cập nhật,2.5200000000000014
17.0,19.6,23.0,Yamaha,Nvx,2017,30000,Tay ga,100 - 175 cc,Việt Nam,3.3999999999999986
17.0,19.6,23.0,Yamaha,Nvx,2017,30000,Tay ga,100 - 175 cc,Việt Nam,3.3999999999999986
10.0,10.85,12.74,Suzuki,Raider,2014,120000,Tay côn/Moto,100 - 175 cc,Nhật Bản,1.8900000000000006
3.0,5.42,6.37,SYM,Elegant,2011,30980,Xe số,100 - 175 cc,Đài Loan,0.9500000000000002
31.7,27.84,32.68,Honda,Vision,2023,8500,Tay ga,100 - 175 cc,Đang cập nhật,4.84
77.0,66.3,77.83,Honda,SH,2020,4950,Tay ga,100 - 175 cc,Việt Nam,11.530000000000001
4.5,6.13,7.2,Yamaha,Nouvo,2013,60000,Tay ga,100 - 175 cc,Nhật Bản,1.0700000000000003
10.3,7.21,8.46,Honda,Wave,2007,35000,Xe số,100 - 175 cc,Nhật Bản,1.2500000000000009
4.8,6.77,7.94,Honda,Wave,2008,79799,Xe số,100 - 175 cc,Đang cập nhật,1.1700000000000008
14.8,10.24,12.02,Honda,Wave,2005,0,Xe số,100 - 175 cc,Nhật Bản,1.7799999999999994
6.3,7.18,8.43,Hãng khác,Dòng khác,2017,58000,Xe số,Dưới 50 cc,Đang cập nhật,1.25
19.0,18.56,21.79,Honda,Vision,2018,123456,Tay ga,100 - 175 cc,Đang cập nhật,3.2300000000000004
31.8,30.2,35.45,Honda,Vario,2019,42,Tay ga,100 - 175 cc,Nước khác,5.2500000000000036
7.0,4.31,5.05,SYM,Attila,2013,46466,Tay ga,100 - 175 cc,Đài Loan,0.7400000000000002
15.6,13.14,15.43,Honda,Blade,2008,10000,Tay ga,100 - 175 cc,Thái Lan,2.289999999999999
8.0,6.99,8.21,Honda,Wave,2012,82000,Xe số,100 - 175 cc,Việt Nam,1.2200000000000006
1.7,9.95,11.68,Honda,Wave,2002,999000,Xe số,50 - 100 cc,Trung Quốc,1.7300000000000004
8.5,9.85,11.56,Honda,Air Blade,2011,27000,Tay ga,100 - 175 cc,Nhật Bản,1.7100000000000009
16.0,12.27,14.4,Honda,Vision,2014,10000,Tay ga,100 - 175 cc,Nhật Bản,2.130000000000001
17.0,14.31,16.8,Honda,Wave,2022,10000,Xe số,100 - 175 cc,Việt Nam,2.49
4.25,5.1,5.99,Yamaha,Mio,2009,25000,Tay ga,100 - 175 cc,Nhật Bản,0.8900000000000006
19.5,16.76,19.67,Yamaha,Exciter,2018,31000,Tay côn/Moto,100 - 175 cc,Việt Nam,2.91
4.7,4.72,5.54,Honda,SCR,2007,70000,Tay ga,100 - 175 cc,Đang cập nhật,0.8200000000000003
1.0,3.92,4.6,Hãng khác,Dòng khác,2006,50000,Xe số,100 - 175 cc,Việt Nam,0.6799999999999997
10.5,18.09,21.23,Honda,Wave,2000,40000,Xe số,50 - 100 cc,Đang cập nhật,3.1400000000000006
25.0,58.73,68.95,Suzuki,Sport / Xipo,1999,2000,Tay côn/Moto,100 - 175 cc,Thái Lan,10.220000000000006
16.8,8.43,9.89,Honda,@,2002,100000,Tay ga,100 - 175 cc,Việt Nam,1.4600000000000009
25.0,58.73,68.95,Suzuki,Sport / Xipo,1999,2000,Tay côn/Moto,100 - 175 cc,Thái Lan,10.220000000000006
25.0,58.73,68.95,Suzuki,Sport / Xipo,1999,200,Tay côn/Moto,100 - 175 cc,Thái Lan,10.220000000000006
69.0,75.76,88.93,Honda,SH,2024,10000,Tay ga,100 - 175 cc,Việt Nam,13.170000000000002
4.9,3.53,4.15,SYM,Attila,2011,123456,Tay ga,100 - 175 cc,Đài Loan,0.6200000000000006
24.7,22.99,26.99,Yamaha,Nvx,2019,35000,Tay ga,100 - 175 cc,Đang cập nhật,4.0
9.0,7.61,8.93,Yamaha,Sirius,2014,13000,Xe số,100 - 175 cc,Nhật Bản,1.3199999999999994
22.0,35.7,41.9,Piaggio,Vespa,2017,27000,Tay ga,100 - 175 cc,Nước khác,6.199999999999996
42.5,44.98,52.8,Honda,SH,2013,70000,Tay ga,100 - 175 cc,Việt Nam,7.82
35.0,30.13,35.37,Honda,Vario,2019,67000,Tay ga,100 - 175 cc,Nước khác,5.239999999999998
20.0,11.95,14.03,Honda,Cub,1993,10000,Xe số,50 - 100 cc,Đang cập nhật,2.08
8.0,8.35,9.81,Yamaha,Sirius,2017,20000,Xe số,50 - 100 cc,Đang cập nhật,1.4600000000000009
29.0,26.52,31.13,Suzuki,GSX,2019,20000,Tay côn/Moto,100 - 175 cc,Nước khác,4.609999999999999
9.7,8.8,10.33,Hãng khác,Dòng khác,2018,10000,Tay côn/Moto,100 - 175 cc,Thái Lan,1.5299999999999994
149.0,44.41,52.13,Honda,SH,2016,13000,Tay ga,Trên 175 cc,Đang cập nhật,7.720000000000006
25.0,58.73,68.95,Suzuki,Sport / Xipo,1999,2000,Tay côn/Moto,100 - 175 cc,Thái Lan,10.220000000000006
15.0,14.3,16.79,Honda,Future,2002,10000,Xe số,100 - 175 cc,Đang cập nhật,2.4899999999999984
23.5,19.92,23.38,Suzuki,Satria,2019,25000,Tay côn/Moto,100 - 175 cc,Nước khác,3.4599999999999973
8.5,7.62,8.94,Honda,Air Blade,2008,11000,Tay ga,100 - 175 cc,Nhật Bản,1.3199999999999994
8.5,7.62,8.94,Honda,Air Blade,2008,80000,Tay ga,100 - 175 cc,Nhật Bản,1.3199999999999994
37.5,32.11,37.7,Honda,Vario,2021,26000,Tay ga,100 - 175 cc,Nước khác,5.590000000000003
16.5,15.9,18.67,Honda,Air Blade,2015,35000,Tay ga,100 - 175 cc,Việt Nam,2.7700000000000014
24.0,17.45,20.48,Honda,Wave,2000,50,Xe số,100 - 175 cc,Đang cập nhật,3.030000000000001
81.0,58.13,68.25,Honda,SH,2018,71000,Tay ga,100 - 175 cc,Việt Nam,10.119999999999997
52.0,39.39,46.24,Honda,PCX,2020,15000,Tay ga,100 - 175 cc,Đang cập nhật,6.850000000000001
4.8,6.83,8.02,Yamaha,Luvias,2013,100000,Tay ga,50 - 100 cc,Việt Nam,1.1899999999999995
69.0,75.76,88.93,Honda,SH,2024,3500,Tay ga,100 - 175 cc,Đang cập nhật,13.170000000000002
44.0,36.71,43.1,Honda,Air Blade,2023,24500,Tay ga,100 - 175 cc,Việt Nam,6.390000000000001
28.0,14.57,17.1,Honda,Winner,2018,250075,Tay côn/Moto,100 - 175 cc,Nước khác,2.530000000000001
9.0,4.75,5.58,Honda,67,2016,500,Tay côn/Moto,50 - 100 cc,Việt Nam,0.8300000000000001
50.0,14.53,17.05,Yamaha,Nvx,2023,35000,Tay ga,100 - 175 cc,Đang cập nhật,2.5200000000000014
29.5,30.13,35.37,Honda,Vario,2019,90000,Tay ga,100 - 175 cc,Nước khác,5.239999999999998
7.0,5.95,6.98,Honda,Spacy,2006,34000,Tay ga,100 - 175 cc,Nhật Bản,1.0300000000000002
10.8,22.15,26.0,Honda,Wave,1999,3100,Xe số,100 - 175 cc,Đang cập nhật,3.8500000000000014
219.0,101.46,119.11,Honda,SH,2012,30000,Tay ga,100 - 175 cc,Nước khác,17.650000000000006
280.0,16.88,19.82,Honda,Dòng khác,2015,18000,Tay côn/Moto,Trên 175 cc,Nhật Bản,2.9400000000000013
43.8,32.95,38.68,Honda,Vario,2022,0,Tay ga,100 - 175 cc,Nước khác,5.729999999999997
15.5,10.55,12.38,Honda,Wave,2002,59000,Xe số,100 - 175 cc,Nhật Bản,1.83
35.0,34.12,40.05,Honda,Air Blade,2022,40000,Tay ga,100 - 175 cc,Việt Nam,5.93
15.0,6.09,7.14,Yamaha,Dòng khác,2011,30000,Tay ga,100 - 175 cc,Đài Loan,1.0499999999999998
49.0,44.98,52.8,Honda,SH,2013,60000,Tay ga,100 - 175 cc,Việt Nam,7.82
63.0,37.85,44.43,Honda,Air Blade,2024,670,Tay ga,100 - 175 cc,Việt Nam,6.579999999999998
30.0,11.52,13.52,Honda,Wave,2004,1000,Xe số,100 - 175 cc,Nước khác,2.0
220.0,151.93,178.35,Yamaha,XMAX,2024,2000,Tay ga,Trên 175 cc,Nước khác,26.419999999999987
30.0,41.35,48.54,Honda,Vario,2018,50000,Tay ga,100 - 175 cc,Nước khác,7.189999999999998
19.0,16.01,18.79,SYM,Dòng khác,2023,1900,Tay ga,50 - 100 cc,Việt Nam,2.7799999999999976
9.5,12.07,14.17,Honda,67,trước năm 1980,1000,Tay côn/Moto,50 - 100 cc,Nước khác,2.0999999999999996
30.0,14.51,17.04,Yamaha,Exciter,2013,600000,Tay côn/Moto,100 - 175 cc,Đang cập nhật,2.5299999999999994
35.0,11.52,13.52,Honda,Wave,2004,15000,Xe số,50 - 100 cc,Thái Lan,2.0
6.8,7.27,8.54,Honda,Wave,2007,530000,Xe số,100 - 175 cc,Việt Nam,1.2699999999999996
73.0,74.57,87.54,Honda,SH,2022,7500,Tay ga,100 - 175 cc,Nước khác,12.970000000000013
5.0,4.6,5.4,SYM,Dòng khác,2004,49000,Tay ga,Dưới 50 cc,Nước khác,0.8000000000000007
15.0,16.16,18.97,Yamaha,Exciter,2015,60000,Tay côn/Moto,100 - 175 cc,Việt Nam,2.8099999999999987
20.0,13.34,15.66,Yamaha,Sirius,2023,140000,Xe số,100 - 175 cc,Việt Nam,2.3200000000000003
50.0,21.52,25.26,Suzuki,Satria,2020,24000,Tay côn/Moto,100 - 175 cc,Việt Nam,3.740000000000002
7.0,6.8,7.98,Suzuki,Axelo,2016,80000,Tay côn/Moto,100 - 175 cc,Nước khác,1.1800000000000006
12.0,13.38,15.71,Honda,Winner,2017,50000,Tay côn/Moto,100 - 175 cc,Việt Nam,2.33
26.0,27.48,32.26,Yamaha,R,2018,42000,Tay côn/Moto,100 - 175 cc,Nước khác,4.779999999999998
12.0,21.39,25.11,Hãng khác,Dòng khác,trước năm 1980,20000,Tay côn/Moto,50 - 100 cc,Đang cập nhật,3.719999999999999
29.0,19.93,23.4,Suzuki,Dòng khác,2019,7000,Tay côn/Moto,100 - 175 cc,Trung Quốc,3.469999999999999
170.0,14.53,17.05,Piaggio,Beverly,2023,600,Tay ga,Trên 175 cc,Nước khác,2.5200000000000014
37.5,41.13,48.28,Honda,PCX,2019,28000,Tay ga,100 - 175 cc,Việt Nam,7.149999999999999
25.0,22.15,26.0,Honda,Wave,1999,40000,Xe số,100 - 175 cc,Thái Lan,3.8500000000000014
3.0,6.87,8.06,Honda,Wave,2012,8880,Xe số,100 - 175 cc,Nước khác,1.1900000000000004
4.3,5.1,5.98,Yamaha,Nouvo,2012,30000,Tay ga,100 - 175 cc,Việt Nam,0.8800000000000008
41.0,34.29,40.25,Yamaha,Grande,2023,9000,Tay ga,100 - 175 cc,Đang cập nhật,5.960000000000001
16.0,16.04,18.83,Honda,Winner,2019,56000,Tay côn/Moto,100 - 175 cc,Nước khác,2.789999999999999
7.2e-05,62.76,73.68,Honda,SH,2019,9000,Tay ga,100 - 175 cc,Nhật Bản,10.920000000000009
6.0,10.08,11.83,Honda,Dream,2016,160000,Xe số,100 - 175 cc,Hàn Quốc,1.75
105.0,96.6,113.4,Honda,Nova,2019,8000,Tay côn/Moto,100 - 175 cc,Đang cập nhật,16.80000000000001
7.9,8.9,10.45,Honda,Blade,2017,25,Xe số,100 - 175 cc,Nhật Bản,1.549999999999999
35.0,21.39,25.11,Hãng khác,Dòng khác,trước năm 1980,100000,Xe số,100 - 175 cc,Nước khác,3.719999999999999
2.1,2.59,3.04,SYM,Attila,2006,45000,Xe số,100 - 175 cc,Đài Loan,0.4500000000000002
10.3,7.36,8.64,Honda,Click,2007,55555,Tay ga,100 - 175 cc,Nhật Bản,1.2800000000000002
19.0,19.01,22.32,Piaggio,Vespa,2014,38500,Tay ga,Không biết rõ,Việt Nam,3.3099999999999987
19.0,19.01,22.32,Piaggio,Vespa,2014,38500,Tay ga,100 - 175 cc,Đang cập nhật,3.3099999999999987
18.6,15.75,18.49,Yamaha,Exciter,2017,60,Tay côn/Moto,100 - 175 cc,Đang cập nhật,2.7399999999999984
5.8,7.04,8.27,Suzuki,Axelo,2015,90000,Tay côn/Moto,100 - 175 cc,Việt Nam,1.2299999999999995
3.8,9.88,11.6,Honda,Dream,2008,46454,Xe số,50 - 100 cc,Đang cập nhật,1.7199999999999989
3.0,6.66,7.82,Piaggio,Liberty,2011,64886,Tay ga,100 - 175 cc,Nước khác,1.1600000000000001
39.9,36.78,43.18,Yamaha,Nvx,2022,45000,Tay ga,100 - 175 cc,Đang cập nhật,6.399999999999999
8.0,7.59,8.91,Honda,Blade,2015,5000,Xe số,100 - 175 cc,Nhật Bản,1.3200000000000003
24.5,21.87,25.67,Honda,Vision,2020,40000,Tay ga,100 - 175 cc,Việt Nam,3.8000000000000007
39.0,12.56,14.75,Hãng khác,Dòng khác,2024,15500,Tay ga,100 - 175 cc,Việt Nam,2.1899999999999995
2.5,2.73,3.2,Yamaha,Nouvo,2005,654080,Tay ga,100 - 175 cc,Thái Lan,0.4700000000000002
9.5,6.87,8.06,Honda,Wave,2012,56748,Xe số,50 - 100 cc,Nhật Bản,1.1900000000000004
7.5,6.14,7.21,Yamaha,Nouvo,2013,50000,Tay ga,100 - 175 cc,Nhật Bản,1.0700000000000003
2.7,2.59,3.04,SYM,Attila,2006,18000,Tay ga,100 - 175 cc,Đài Loan,0.4500000000000002
48.5,47.9,56.24,Honda,SH Mode,2021,17000,Tay ga,100 - 175 cc,Việt Nam,8.340000000000003
14.0,11.66,13.69,Yamaha,FZ,2013,47000,Tay côn/Moto,100 - 175 cc,Nước khác,2.0299999999999994
3.0,14.53,17.05,Honda,CD,2002,210,Xe số,50 - 100 cc,Nhật Bản,2.5200000000000014
55.0,39.39,46.24,Honda,PCX,2020,15000,Tay ga,100 - 175 cc,Đang cập nhật,6.850000000000001
3.0,14.53,17.05,Honda,CD,2002,200000,Xe số,50 - 100 cc,Nhật Bản,2.5200000000000014
30.5,28.79,33.8,Yamaha,Exciter,2022,2000,Tay côn/Moto,100 - 175 cc,Nhật Bản,5.009999999999998
14.0,15.01,17.62,Hãng khác,Candy Hi,2021,10000,Tay ga,Dưới 50 cc,Đài Loan,2.610000000000001
13.0,10.67,12.52,Hãng khác,Dòng khác,2023,15609,Tay ga,Dưới 50 cc,Đang cập nhật,1.8499999999999996
25.0,41.35,48.54,Honda,Vario,2018,800000,Tay ga,100 - 175 cc,Nước khác,7.189999999999998
18.0,21.87,25.67,Honda,Vision,2020,30000,Tay ga,100 - 175 cc,Đang cập nhật,3.8000000000000007
12.0,8.43,9.89,Honda,@,2002,71000,Tay ga,100 - 175 cc,Nước khác,1.4600000000000009
35.0,30.13,35.37,Honda,Vario,2019,43000,Tay ga,100 - 175 cc,Nước khác,5.239999999999998
30.0,28.55,33.51,Yamaha,Exciter,2023,2000,Tay côn/Moto,100 - 175 cc,Nhật Bản,4.959999999999997
3.7,4.18,4.9,Suzuki,Hayate,2012,6789,Tay ga,100 - 175 cc,Nhật Bản,0.7200000000000006
189.0,4.42,5.18,Hãng khác,Dòng khác,2015,11000,Tay côn/Moto,Trên 175 cc,Đang cập nhật,0.7599999999999998
5.5,6.39,7.5,Yamaha,Jupiter,2011,50000,Xe số,100 - 175 cc,Nhật Bản,1.1100000000000003
9.0,8.74,10.26,Yamaha,Jupiter,2015,80000,Xe số,100 - 175 cc,Việt Nam,1.5199999999999996
8.8,9.73,11.42,Honda,Wave,2016,45000,Xe số,100 - 175 cc,Nhật Bản,1.6899999999999995
11.0,11.52,13.52,Honda,Wave,2004,11000,Xe số,100 - 175 cc,Nhật Bản,2.0
173.0,111.87,131.33,Honda,SH,2011,10000,Tay ga,100 - 175 cc,Đang cập nhật,19.460000000000008
13.0,14.57,17.1,Honda,Winner,2018,90,Tay côn/Moto,100 - 175 cc,Đang cập nhật,2.530000000000001
7.0,6.22,7.3,Yamaha,Sirius,2009,999999,Xe số,100 - 175 cc,Nhật Bản,1.08
12.0,13.83,16.24,Honda,Air Blade,2013,50000,Tay ga,100 - 175 cc,Nhật Bản,2.4099999999999984
9.6,7.47,8.77,Yamaha,Nouvo,2015,22,Tay ga,100 - 175 cc,Việt Nam,1.2999999999999998
31.0,29.9,35.1,Honda,Vision,2024,1517,Tay ga,100 - 175 cc,Việt Nam,5.200000000000003
85.0,81.15,95.26,Honda,CB,2021,25000,Tay côn/Moto,Trên 175 cc,Thái Lan,14.11
22.0,14.53,17.05,Honda,ADV 150,1996,34000,Tay côn/Moto,100 - 175 cc,Nhật Bản,2.5200000000000014
0.0195,16.88,19.81,Honda,Vision,2016,41000,Tay ga,100 - 175 cc,Việt Nam,2.9299999999999997
13.0,13.38,15.71,Honda,Winner,2017,60000,Tay côn/Moto,100 - 175 cc,Việt Nam,2.33
13.0,13.38,15.71,Honda,Winner,2017,60000,Tay côn/Moto,100 - 175 cc,Việt Nam,2.33
5.0,3.58,4.2,Yamaha,Nouvo,2009,1000,Tay ga,100 - 175 cc,Việt Nam,0.6200000000000001
33.0,14.53,17.05,Honda,ADV 150,2024,1517,Tay ga,100 - 175 cc,Việt Nam,2.5200000000000014
19.8,21.1,24.77,Honda,Vision,2019,50000,Tay ga,100 - 175 cc,Đang cập nhật,3.669999999999998
13.5,13.38,15.71,Honda,Winner,2017,80000,Tay côn/Moto,100 - 175 cc,Đang cập nhật,2.33
17.0,14.62,17.16,Yamaha,Exciter,2016,75000,Tay côn/Moto,100 - 175 cc,Nhật Bản,2.540000000000001
19.0,28.0,32.86,Honda,Vision,2023,3000,Tay ga,100 - 175 cc,Việt Nam,4.859999999999999
15.5,14.57,17.1,Honda,Winner,2018,1000,Tay côn/Moto,100 - 175 cc,Việt Nam,2.530000000000001
65.0,73.25,85.99,Honda,SH,2023,10000,Tay ga,Không biết rõ,Đang cập nhật,12.739999999999995
36.0,29.5,34.63,Honda,Vision,2025,3600,Tay ga,100 - 175 cc,Nhật Bản,5.130000000000003
31.6,12.59,14.78,Honda,Air Blade,2010,186000,Tay ga,100 - 175 cc,Thái Lan,2.1899999999999995
7.8,6.69,7.85,Honda,Wave,2009,100000,Xe số,50 - 100 cc,Nhật Bản,1.1599999999999993
17.5,14.1,16.55,Honda,Wave,2022,20000,Xe số,100 - 175 cc,Việt Nam,2.450000000000001
57.0,40.61,47.67,Honda,SH,2008,15000,Tay ga,100 - 175 cc,Nước khác,7.060000000000002
3.0,11.13,13.07,Hãng khác,Dòng khác,2023,200000,Xe số,100 - 175 cc,Trung Quốc,1.9399999999999995
0.004,6.33,7.43,Yamaha,Sirius,2008,100000,Xe số,100 - 175 cc,Nhật Bản,1.0999999999999996
10.0,10.39,12.2,Honda,Wave,2018,20000,Xe số,100 - 175 cc,Nhật Bản,1.8099999999999987
16.3,9.61,11.28,Honda,Dream,2000,20000,Xe số,100 - 175 cc,Hàn Quốc,1.67
16.8,15.19,17.83,Honda,Air Blade,2014,45000,Tay ga,100 - 175 cc,Nhật Bản,2.639999999999999
12.0,11.0,12.91,Honda,Future,2013,38000,Xe số,100 - 175 cc,Việt Nam,1.9100000000000001
45.0,38.21,44.86,Piaggio,Vespa,2018,8000,Tay ga,100 - 175 cc,Việt Nam,6.649999999999999
39.0,36.19,42.49,Honda,Vario,2024,1000,Tay ga,100 - 175 cc,Nước khác,6.300000000000004
10.0,7.25,8.51,Honda,Lead,2011,76000,Tay ga,100 - 175 cc,Nhật Bản,1.2599999999999998
13.5,12.97,15.23,Yamaha,Janus,2017,49000,Tay ga,100 - 175 cc,Việt Nam,2.26
10.5,14.16,16.63,Honda,Future,2000,80000,Xe số,100 - 175 cc,Việt Nam,2.469999999999999
225.0,14.53,17.05,Hãng khác,Scrambler,2020,30000,Tay côn/Moto,Trên 175 cc,Đang cập nhật,2.5200000000000014
